順位,バッチ,バッチ名,団体名,大学,カテゴリ,人数,到達手段,主チャネル,主ハンドル,X,Instagram,公式サイト,スコア,到達点,大学点,需要点,規模点,大学内順位,団体ID,接触日,結果,メモ
1,1,2026-08 第1バッチ（学習）,理工展連絡会,早稲田大学,イベント・企画（インカレ・学園祭等）,257,X/Instagram/Web,x,rikoten_circle,https://x.com/rikoten_circle,https://instagram.com/waseda_rikoten,https://circle.rikoten.com,100,30,25,25,20,1,5f2ad42f-82e6-4a3f-9dbd-027f8eef4dd9,,,
2,1,2026-08 第1バッチ（学習）,硬式庭球部（薬学部）,慶應義塾大学,運動系（スポーツ・アウトドア）,200,X/Instagram/Web,x,kptennis2019,https://x.com/kptennis2019,https://instagram.com/keio_yakuteni2023,https://info-jukusei.com/keio-circle-forever-2021/,95,30,25,20,20,1,2852932f-4ac4-4a41-b8f0-c5f6503d9741,,,
3,1,2026-08 第1バッチ（学習）,Sophia Sustainable Coffee Movement (SSCM),上智大学,趣味・その他,200,X/Instagram/Web,website,https://diversity-sustainability.sophia.ac.jp/efforts/4725/,https://x.com/sophiascm,https://instagram.com/coffee_sophia,https://diversity-sustainability.sophia.ac.jp/efforts/4725/,77,30,17,10,20,1,68e42846-17e5-43f8-a391-fb009aa3bb60,,,
4,1,2026-08 第1バッチ（学習）,ローバース,早稲田大学,運動系（スポーツ・アウトドア）,2716,X/Instagram/Web,x,wasedarovers,https://x.com/wasedarovers,https://instagram.com/waseda_rovers,http://waseda-rovers.com/,95,30,25,20,20,2,ea714238-bb26-4bc1-83a9-9838f2f8a993,,,
5,1,2026-08 第1バッチ（学習）,ゴルフ部（理工学部）,慶應義塾大学,運動系（スポーツ・アウトドア）,150,X/Instagram/Web,x,2022kegc,https://x.com/2022KEGC,https://instagram.com/keio_rikotaigolf,https://info-jukusei.com/2020kegc/,95,30,25,20,20,2,182edf14-d491-4f68-a716-0f776f492342,,,
6,1,2026-08 第1バッチ（学習）,硬式庭球同好会フリーク,京都大学,運動系（スポーツ・アウトドア）,190,X/Instagram/Web,website,https://campus-map.jp/kyoto/club/53/,https://x.com/tct_2024,https://instagram.com/kutls__official,https://campus-map.jp/kyoto/club/53/,80,30,10,20,20,1,6df7e56f-2d8b-47c3-915f-96e601a3ac7c,,,
7,1,2026-08 第1バッチ（学習）,東京大学工学部モーター同好会,東京大学,運動系（スポーツ・アウトドア）,150,X/Instagram/Web,x,modoracingut,https://x.com/modoracingUT,https://instagram.com/kogakuinracingteam22,https://www.japia.or.jp/files/user/japia/library/monthly/japianews749.pdf,80,30,10,20,20,1,2e8bfeac-49dd-4099-a1c3-46624c36f77b,,,
8,1,2026-08 第1バッチ（学習）,aka Wa.Se.Da.,早稲田大学,運動系（スポーツ・アウトドア）,2170,X/Instagram/Web,x,akawaseda2,https://x.com/akaWaSeDa2,https://instagram.com/aka_waseda,https://aka-waseda-dance2023.amebaownd.com/,95,30,25,20,20,3,268550a9-a16d-4453-ba21-c7b5b7e00029,,,
9,1,2026-08 第1バッチ（学習）,体育会ハンドボール部,上智大学,運動系（スポーツ・アウトドア）,22,X/Instagram/Web,x,handballsophia,https://x.com/HandballSophia,https://instagram.com/sophia_handballteam,https://sophia-law4.hatenablog.com/entry/sophia_club%21_1,77,30,17,20,10,2,b63dca5f-3de9-4ccc-8956-28f246f868b4,,,
10,1,2026-08 第1バッチ（学習）,アルメリア・ローン・テニスクラブ,慶應義塾大学,運動系（スポーツ・アウトドア）,140,X/Instagram/Web,x,armeria2025,https://x.com/armeria2025,https://instagram.com/armeria_keio,https://info-jukusei.com/armeria2018/,95,30,25,20,20,3,5ce88da4-0586-4672-8ed2-cf87de0b80c1,,,
11,1,2026-08 第1バッチ（学習）,アルティメット部,大阪大学,運動系（スポーツ・アウトドア）,60,X/Instagram/Web,x,enn_cerchio,https://x.com/enn_cerchio,https://instagram.com/handai_ultimateofficial,https://www.omu.ac.jp/campus-life/activities/list/satsuna/index.html,73,30,8,20,15,1,983b0090-71b2-46d3-88df-4942bb70ed1d,,,
12,1,2026-08 第1バッチ（学習）,端艇部,一橋大学,運動系（スポーツ・アウトドア）,54,X/Instagram/Web,x,hubc_tsubuyaki,https://x.com/HUBC_tsubuyaki,https://instagram.com/hubc_boat,https://ameblo.jp/hubc2021/entry-12890830934.html,73,30,8,20,15,1,d05a1584-d9fa-4687-b0ae-dd54401367fa,,,
13,1,2026-08 第1バッチ（学習）,男子バレーボール部,北海道大学,運動系（スポーツ・アウトドア）,39,X/Instagram/Web,x,hues_volleyball,https://x.com/hues_volleyball,https://instagram.com/hokudai_volleyballclub,https://hokudaimvc.wixsite.com/site,68,30,8,20,10,1,d11b4c42-0d7a-4c50-8f8a-14631726b380,,,
14,1,2026-08 第1バッチ（学習）,アメリカンフットボール部,名古屋大学,運動系（スポーツ・アウトドア）,108,X/Instagram/Web,x,silverbacks_pr,https://x.com/SilverBacks_PR,https://instagram.com/nu_grampus,https://nugrampusgia.wixstudio.com/home,77,30,7,20,20,1,b580d1b2-6b37-4276-844b-fd842c45719e,,,
15,1,2026-08 第1バッチ（学習）,フィルハーモニーオーケストラ,九州大学,文化系（音楽・演劇・アート）,60,X/Instagram/Web,x,quphil_official,https://x.com/quphil_official,https://instagram.com/kyudaiphil,https://www.design.kyushu-u.ac.jp/student-activities/,67,30,7,15,15,1,216d98a4-66c6-4d98-96e1-83f1162fdb13,,,
16,1,2026-08 第1バッチ（学習）,川内バドミントン同好会,東北大学,運動系（スポーツ・アウトドア）,80,X/Instagram/Web,x,kawabado2024,https://x.com/kawabado2024,https://instagram.com/kawabadoooo,https://www.gakuyukai.ihe.tohoku.ac.jp/wp-content/uploads/2025/04/%E4%BB%A4%E5%92%8C7%E5%B9%B4%E5%BA%A6%E3%82%B5%E3%83%BC%E3%82%AF%E3%83%AB%E7%B4%B9%E4%BB%8B%E3%83%91%E3%83%B3%E3%83%95%E3%83%AC%E3%83%83%E3%83%88.pdf,72,30,7,20,15,1,2e921d27-23bf-4a37-a391-3ba8356f3634,,,
17,1,2026-08 第1バッチ（学習）,バドミントン同好会,早稲田大学,運動系（スポーツ・アウトドア）,200,X/Instagram/Web,x,wubls,https://x.com/WUBLS,https://instagram.com/wubls,http://wubls43.chicappa.jp/index.html,95,30,25,20,20,4,7c73a9bc-31d5-48a9-b977-d30b72b3ce79,,,
18,1,2026-08 第1バッチ（学習）,バドミントン愛好会,慶應義塾大学,運動系（スポーツ・アウトドア）,125,X/Instagram/Web,x,keiobl2024,https://x.com/keiobl2024,https://instagram.com/kbf_2021_,https://info-jukusei.com/kbl2018/,95,30,25,20,20,4,79ae8d40-c517-485d-8e9f-aee1ba7934d3,,,
19,1,2026-08 第1バッチ（学習）,上南戦実行委員会,上智大学,イベント・企画（インカレ・学園祭等）,,X/Instagram/Web,x,jonanclassic,https://x.com/jonanclassic,https://instagram.com/johnan_the_classic,https://johnan-the-classic.com/640,77,30,17,25,5,3,08b9de3d-d3bb-4605-8202-8db254a1d6cf,,,
20,1,2026-08 第1バッチ（学習）,軽音サークルZETS,京都大学,文化系（音楽・演劇・アート）,200,X/Instagram/Web,x,kyodaizets,https://x.com/KyodaiZETS,https://instagram.com/zets.official,https://search.yahoo.co.jp/realtime/search?ei=UTF-8&p=%23%E4%BA%AC%E5%A4%A7%E6%96%B0%E6%AD%93&rkf=1&ifr=tl_hash,75,30,10,15,20,2,9ed52b26-e05e-4413-a926-95ab13bb68d4,,,
21,1,2026-08 第1バッチ（学習）,陸上競技同好会,早稲田大学,運動系（スポーツ・アウトドア）,165,X/Instagram/Web,x,rikudo_waseda,https://x.com/rikudo_waseda,https://instagram.com/waseda_rikudo,https://new-rikudo.com/,95,30,25,20,20,5,841ac8e7-015c-4bc8-b178-15967081ecd7,,,
22,1,2026-08 第1バッチ（学習）,弓術部,東京大学,運動系（スポーツ・アウトドア）,70,X/Instagram/Web,x,kyudodokokai,https://x.com/kyudodokokai,https://instagram.com/info.tukc,https://services.undou-kai.com/clubs/kyudo/,75,30,10,20,15,2,07a11d5f-06d5-4e31-be2c-b651dd590633,,,
23,1,2026-08 第1バッチ（学習）,陸上競技同好会,慶應義塾大学,運動系（スポーツ・アウトドア）,100,X/Instagram/Web,instagram,rikudo_keio,https://x.com/keiotf_orien,https://instagram.com/rikudo_keio,https://www.jukushin.com/archives/41607,95,30,25,20,20,5,6c2be958-79b2-48eb-8d78-86701584272c,,,
24,1,2026-08 第1バッチ（学習）,パディ・ゴルフクラブ,早稲田大学,運動系（スポーツ・アウトドア）,158,X/Instagram/Web,x,wasedapaddygolf,https://x.com/wasedapaddygolf,https://instagram.com/paddygolfclub,https://paddygolfclub.boo.jp,95,30,25,20,20,6,f66fa90e-d2f5-4221-b99e-2b79d5080011,,,
25,1,2026-08 第1バッチ（学習）,ソフィア祭実行委員会,上智大学,イベント・企画（インカレ・学園祭等）,,X/Instagram/Web,x,sopfesfreman,https://x.com/sopfesfreman,https://instagram.com/20sohmu,https://note.com/circleapp/n/nab964247f1b7,77,30,17,25,5,4,b9b0a355-4001-4cf1-afe3-02432c868cc7,,,
26,1,2026-08 第1バッチ（学習）,弓道同好会,慶應義塾大学,運動系（スポーツ・アウトドア）,96,X/Instagram/Web,instagram,yumiken_keio_kyudo,https://x.com/kqc_shinkan,https://instagram.com/yumiken_keio_kyudo,https://info-jukusei.com/keio-circle-kqc-2021/,90,30,25,20,15,6,0cea94ba-88f2-46aa-b7ac-eb53a66bbfbd,,,
27,1,2026-08 第1バッチ（学習）,環境サークルGECS,大阪大学,学術・研究（ゼミ・研究会・勉強会）,120,X/Instagram/Web,x,handai_gecs,https://x.com/handai_gecs,https://instagram.com/handai_gecs,https://mirasus.jp/students/13193,68,30,8,10,20,2,62127256-fbf0-4ab5-a282-5197a382cf01,,,
28,1,2026-08 第1バッチ（学習）,体育会弓道部,一橋大学,運動系（スポーツ・アウトドア）,41,X/Instagram/Web,instagram,hit.kyudo2023,https://x.com/1900hit_kyudo,https://instagram.com/hit.kyudo2023,https://campus-map.jp/hit/club/25/,68,30,8,20,10,2,5710c709-2814-4d4a-92ee-39b8c89aa210,,,
29,1,2026-08 第1バッチ（学習）,大学祭全学実行委員会,北海道大学,イベント・企画（インカレ・学園祭等）,,X/Instagram/Web,x,hokudaisai,https://x.com/HOKUDAISAI,https://instagram.com/hakuginsai,https://67.hokudaisai.com/about/,68,30,8,25,5,2,db533fe5-0702-48b1-9986-5832a0bacfee,,,
30,1,2026-08 第1バッチ（学習）,ICU祭実行委員会,国際基督教大学,イベント・企画（インカレ・学園祭等）,40,X/Instagram/Web,x,icu_festival,https://x.com/ICU_festival,https://instagram.com/icu_fes,https://www.icu.ac.jp/campuslife/club/,69,30,4,25,10,1,48b6efcb-2fff-4bd0-a5e0-acd1f9fa2546,,,
31,1,2026-08 第1バッチ（学習）,少林寺拳法部,名古屋大学,運動系（スポーツ・アウトドア）,67,X/Instagram/Web,x,ngu_shorinji,https://x.com/NGU_SHORINJI,https://instagram.com/aidai_shorinji,https://meidai-posters.jimdosite.com/%E3%82%AF%E3%83%A9%E3%83%96%E7%B4%B9%E4%BB%8B/,72,30,7,20,15,2,35516571-eafe-42b9-ba69-a644c73a6dbd,,,
32,1,2026-08 第1バッチ（学習）,フォークソング部,九州大学,文化系（音楽・演劇・アート）,60,X/Instagram/Web,instagram,q_folk_qu,https://x.com/QGEkyudaiguitar,https://instagram.com/q_folk_qu,https://www.design.kyushu-u.ac.jp/student-activities/,67,30,7,15,15,2,2e732851-3b84-470e-84f2-de9fdf493ed6,,,
33,1,2026-08 第1バッチ（学習）,早稲田大学フラッシュモ部,早稲田大学,運動系（スポーツ・アウトドア）,150,X/Instagram/Web,x,wsdfm,https://x.com/wsdfm,https://instagram.com/flashmob.waseda,http://waseda-flashmob.info/,95,30,25,20,20,7,b2f94c38-cd9f-4303-a8aa-177eeec52d9d,,,
34,1,2026-08 第1バッチ（学習）,卓球部（理工学部）,慶應義塾大学,運動系（スポーツ・アウトドア）,89,X/Instagram/Web,instagram,slc_ttclub,https://x.com/slc_ttclub,https://instagram.com/slc_ttclub,https://info-jukusei.com/slc_t_t_2020/,90,30,25,20,15,7,3d167774-2da2-4650-a33d-4d25a4b25f21,,,
35,1,2026-08 第1バッチ（学習）,ギター研究会,東京科学大学,文化系（音楽・演劇・アート）,57,X/Instagram/Web,x,gitakenbushitsu,https://x.com/gitakenbushitsu,https://instagram.com/gitakenbushitsu,https://tokyotechshinkan.wixsite.com/website/%E6%A6%82%E8%A6%81,63,30,3,15,15,1,531cced0-0712-49da-a420-39cdd99986f9,,,
36,1,2026-08 第1バッチ（学習）,剣道部,京都大学,運動系（スポーツ・アウトドア）,54,X/Instagram/Web,x,kyodaikendo,https://x.com/kyodaikendo,https://instagram.com/kyodaikendo,https://www.kendo.kusu.kyoto-u.ac.jp/%E5%85%A5%E9%83%A8%E3%82%92%E5%B8%8C%E6%9C%9B%E3%81%95%E3%82%8C%E3%82%8B%E6%96%B9%E3%81%B8/,75,30,10,20,15,3,0186871c-684d-49e7-8bf6-ce26c028f05e,,,
37,1,2026-08 第1バッチ（学習）,山歩会,東北大学,運動系（スポーツ・アウトドア）,80,X/Instagram/Web,x,tonpeisanpo,https://x.com/tonpeisanpo,https://instagram.com/tonpeisanpo,https://www.gakuyukai.ihe.tohoku.ac.jp/wp-content/uploads/2025/04/%E4%BB%A4%E5%92%8C7%E5%B9%B4%E5%BA%A6%E3%82%B5%E3%83%BC%E3%82%AF%E3%83%AB%E7%B4%B9%E4%BB%8B%E3%83%91%E3%83%B3%E3%83%95%E3%83%AC%E3%83%83%E3%83%88.pdf,72,30,7,20,15,2,53d1f94e-7dcf-4536-a245-e6c9a2e38576,,,
38,1,2026-08 第1バッチ（学習）,上智大学資格取得サークル(SCC),上智大学,文化系（音楽・演劇・アート）,200,Instagram/Web,instagram,ssc2019sophia,,https://instagram.com/ssc2019sophia,https://latin-america.jp/?plugin=all-in-one-event-calendar&controller=ai1ec_exporter_controller&action=export_events&ai1ec_cat_ids=97&xml=true,72,20,17,15,20,5,8c1eb58f-eb1a-4b8b-8663-a5708b6a1714,,,
39,1,2026-08 第1バッチ（学習）,東京大学Diligent,東京大学,学術・研究（ゼミ・研究会・勉強会）,1000,X/Instagram/Web,instagram,utokyodiligent,https://x.com/UTokyoDiligent,https://instagram.com/utokyodiligent,http://ut-base.info/circles/216,70,30,10,10,20,3,42246a7c-6d42-440e-b5e9-581464782a23,,,
40,1,2026-08 第1バッチ（学習）,早大テニスクラブ,早稲田大学,運動系（スポーツ・アウトドア）,120,X/Instagram/Web,x,2022wtc,https://x.com/2022wtc,https://instagram.com/wtc.since1957,https://wtc65th.wixsite.com/wasedatennisclub,95,30,25,20,20,8,21d2531c-5270-4e7a-a368-d4594cf754fa,,,
41,1,2026-08 第1バッチ（学習）,應援指導部,慶應義塾大学,運動系（スポーツ・アウトドア）,83,X/Instagram/Web,x,keio_ouen,https://x.com/keio_ouen,https://instagram.com/keio_ouen,https://info-jukusei.com/keio-circle-ouen-2021/,90,30,25,20,15,8,c1327ca7-d980-41b2-b3c0-7cb440633760,,,
42,1,2026-08 第1バッチ（学習）,国際学生友好会(WIC),早稲田大学,国際交流・語学,120,X/Instagram/Web,x,wic_1956,https://x.com/wic_1956,https://instagram.com/wic1956,https://www.wic50.com/,95,30,25,20,20,9,647c1384-9f2e-43c3-b56b-9563783761ea,,,
43,1,2026-08 第1バッチ（学習）,星空研究会,上智大学,学術・研究（ゼミ・研究会・勉強会）,50,X/Instagram/Web,x,ayami_kurimoto,https://x.com/ayami_kurimoto,https://instagram.com/sophiatentai_,https://www.u-shizuoka-ken.ac.jp/media/hbtk144d.pdf,72,30,17,10,15,6,240855a9-36ae-4582-9f98-5b901e3766bd,,,
44,1,2026-08 第1バッチ（学習）,バスケットボール部,慶應義塾大学,運動系（スポーツ・アウトドア）,80,X/Instagram/Web,x,mundows2022,https://x.com/mundows2022,https://instagram.com/keio.basketball,https://info-jukusei.com/rikotai_bsk-2/,90,30,25,20,15,9,1111927f-8d57-44ba-8e45-2265a19c97a3,,,
45,1,2026-08 第1バッチ（学習）,オリエンテーリング部,大阪大学,運動系（スポーツ・アウトドア）,49,X/Instagram/Web,x,hdolcnew,https://x.com/hdolcnew,https://instagram.com/handai_olc,http://www.ousu.jp/magazine/club-data/vol59_section2-1.pdf,68,30,8,20,10,3,2edf89af-3e45-4a1f-9fc0-925836af8483,,,
46,1,2026-08 第1バッチ（学習）,KODAIRA祭実行委員会,一橋大学,イベント・企画（インカレ・学園祭等）,,X/Instagram/Web,x,kodairafes,https://x.com/KODAIRAfes,https://instagram.com/kodairafes,https://campus-map.jp/hit/club/101/,68,30,8,25,5,3,58647a29-7b81-4bed-b9d5-6d6979963fd1,,,
47,1,2026-08 第1バッチ（学習）,E.M.B.G.,京都大学,趣味・その他,200,X/Instagram/Web,x,embg_shinkan,https://x.com/embg_shinkan,https://instagram.com/embg_shinkan,https://search.yahoo.co.jp/realtime/search?ei=UTF-8&p=%23%E4%BA%AC%E5%A4%A7%E6%96%B0%E6%AD%93&rkf=1&ifr=tl_hash,70,30,10,10,20,4,4ed089a7-9b75-45c4-8993-9ca6ea28e227,,,
48,1,2026-08 第1バッチ（学習）,洋弓部,北海道大学,運動系（スポーツ・アウトドア）,,X/Instagram/Web,x,hokudai_archery,https://x.com/hokudai_archery,https://instagram.com/hokudai_archery_,https://hubcnavi.net/hokudai_archery,63,30,8,20,5,3,0179438b-edf6-475e-a3f6-6cf3174ceb2c,,,
49,1,2026-08 第1バッチ（学習）,英語部 (WESA),早稲田大学,国際交流・語学,120,X/Instagram/Web/LINE,x,wesa_shinkan,https://x.com/wesa_shinkan,https://instagram.com/wesa_2026,https://kj0576.github.io/wesa./,95,30,25,20,20,10,92683b6a-61d3-4052-9223-83330b8260ce,,,
50,1,2026-08 第1バッチ（学習）,Business Contest KING 実行委員会,東京大学,イベント・企画（インカレ・学園祭等）,,X/Instagram/Web,x,waav_king,https://x.com/waav_king,https://instagram.com/businesscontest_king,https://campus-map.jp/hit/club/83/,70,30,10,25,5,4,0c8ae7df-23fb-4130-81b0-e3e053dd688c,,,
51,1,2026-08 第1バッチ（学習）,躰道部,慶應義塾大学,運動系（スポーツ・アウトドア）,80,X/Instagram/Web,x,ku_taido,https://x.com/ku_taido,https://instagram.com/keiounitaido,https://keio-taido.com/about_us/,90,30,25,20,15,10,130c73f7-aa9e-4e50-9d6e-b18294ac8ab4,,,
52,1,2026-08 第1バッチ（学習）,オリエンテーリング部,名古屋大学,運動系（スポーツ・アウトドア）,67,X/Instagram/Web,x,nagoyaorien,https://x.com/nagoyaorien,https://instagram.com/meidaiorien,https://meidai-posters.jimdosite.com/%E3%82%AF%E3%83%A9%E3%83%96%E7%B4%B9%E4%BB%8B/,72,30,7,20,15,3,725426e4-c4d5-4a53-aae9-b363d5ceaba6,,,
53,1,2026-08 第1バッチ（学習）,サイクリング部,九州大学,運動系（スポーツ・アウトドア）,36,X/Instagram/Web,x,qucc_cycling,https://x.com/qucc_cycling,https://instagram.com/qucc.cycling,https://autotimes.jp/594521/,67,30,7,20,10,3,18bbe963-68e5-46b3-8ee8-77fbf21845d3,,,
54,1,2026-08 第1バッチ（学習）,上智女子ラグビークラブ,上智大学,運動系（スポーツ・アウトドア）,11,X/Instagram/Web,x,surfc2020,https://x.com/surfc2020,https://instagram.com/sophia_rugby,https://www.tufs.ac.jp/tufstoday/topics/tufsfeatured/24032501.html,72,30,17,20,5,7,1990e62d-b240-43d3-a569-a286b073b366,,,
55,1,2026-08 第1バッチ（学習）,グリーンテニスクラブ,早稲田大学,運動系（スポーツ・アウトドア）,110,X/Instagram/Web,x,greentennis2024,https://x.com/greentennis2024,https://instagram.com/wasedagreentc,https://waseda-green-tc.com/,95,30,25,20,20,11,2c861d45-5fbb-4c4e-8796-2284ca6660e0,,,
56,1,2026-08 第1バッチ（学習）,ボディビル部,東北大学,運動系（スポーツ・アウトドア）,80,X/Instagram/Web,x,tohokubbc306,https://x.com/tohokubbc306,https://instagram.com/tohoku_bodybuilding_shinkan,https://www.gakuyukai.ihe.tohoku.ac.jp/wp-content/uploads/2025/04/%E4%BB%A4%E5%92%8C7%E5%B9%B4%E5%BA%A6%E3%82%B5%E3%83%BC%E3%82%AF%E3%83%AB%E7%B4%B9%E4%BB%8B%E3%83%91%E3%83%B3%E3%83%95%E3%83%AC%E3%83%83%E3%83%88.pdf,72,30,7,20,15,3,6f20ee0f-5cec-4720-b042-d56c06735d0c,,,
57,1,2026-08 第1バッチ（学習）,九球テニスクラブ,慶應義塾大学,運動系（スポーツ・アウトドア）,70,X/Instagram/Web,x,keiokodama2026,https://x.com/keiokodama2026,https://instagram.com/keiokodama2026,https://info-jukusei.com/keiokodama2020/,90,30,25,20,15,11,b2181a9c-1d9d-4dfb-b07d-a7a3a032ec3c,,,
58,1,2026-08 第1バッチ（学習）,城北テニスクラブ,早稲田大学,運動系（スポーツ・アウトドア）,107,X/Instagram/Web,x,johoku2023,https://x.com/johoku2023,https://instagram.com/johoku2023,https://johoku55koho.wixsite.com/my-site,95,30,25,20,20,12,e4d3d9bd-42fd-4643-b234-dd8307ab139c,,,
59,1,2026-08 第1バッチ（学習）,上智大学ダイビングクラブ海洋生態研究会,上智大学,運動系（スポーツ・アウトドア）,,X/Instagram/Web,x,sophiascuba,https://x.com/sophiascuba,https://instagram.com/sophiascubadiving,https://diverlounge.com/fundiving/universities-in-tokyo/,72,30,17,20,5,8,0077b9b4-1684-4130-b0db-04b50af5490a,,,
60,1,2026-08 第1バッチ（学習）,叡風会,京都大学,趣味・その他,70,X/Instagram/Web,instagram,eifukai_2025,https://x.com/kubs_kyodai,https://instagram.com/eifukai_2025,https://www.kyoto-up.org/archives/11051,65,30,10,10,15,5,9568cdb8-6f9e-4f89-99c8-8f9373ed568e,,,
61,1,2026-08 第1バッチ（学習）,競走部(医学部),慶應義塾大学,運動系（スポーツ・アウトドア）,62,X/Instagram/Web,x,34keiotaf,https://x.com/34keiotaf,https://instagram.com/keiotf_shinkan,https://info-jukusei.com/keio-club-taf-2021/,90,30,25,20,15,12,4a5858fe-0e28-4f86-92e7-cca5534b91a7,,,
62,1,2026-08 第1バッチ（学習）,大学祭中央実行委員会,大阪大学,イベント・企画（インカレ・学園祭等）,,X/Instagram/Web,x,tyuujitu_sinkan,https://x.com/tyuujitu_sinkan,https://instagram.com/ou_machikanesai,https://www.osaka-u.ac.jp/ja/campus/alumni/pr/circle-club/szsaxf,68,30,8,25,5,4,ce50d368-09f8-4084-b581-27d4e614aa17,,,
63,1,2026-08 第1バッチ（学習）,一橋祭運営委員会,一橋大学,イベント・企画（インカレ・学園祭等）,,X/Instagram/Web,x,ikkyosai,https://x.com/ikkyosai,https://instagram.com/ikkyosai,https://campus-map.jp/hit/club/64/,68,30,8,25,5,4,71e4b742-2d41-4c02-8ae3-76b57958a966,,,
64,1,2026-08 第1バッチ（学習）,TEDxUTokyo実行委員会,東京大学,イベント・企画（インカレ・学園祭等）,,X/Instagram/Web,x,tedxutokyo,https://x.com/TEDxUTokyo,https://instagram.com/tedxutokyo,https://campus-map.jp/ut/club/342/,70,30,10,25,5,5,7f13e6cf-0bce-4da2-9144-9ddca1528b2a,,,
65,1,2026-08 第1バッチ（学習）,早大フォーティラブ,早稲田大学,運動系（スポーツ・アウトドア）,100,X/Instagram/Web/LINE,x,2020forty,https://x.com/2020Forty,https://instagram.com/fortyshinkan20,https://forty-love43rd.jimdofree.com/,95,30,25,20,20,13,26e788ff-22b3-48dc-a520-88985811ad65,,,
66,1,2026-08 第1バッチ（学習）,競技ダンス部,慶應義塾大学,運動系（スポーツ・アウトドア）,60,X/Instagram/Web,x,keio_brdclub,https://x.com/keio_brdclub,https://instagram.com/ko_ballroomdance,https://info-jukusei.com/keio_brdclub-2/,90,30,25,20,15,13,9db8d896-647f-4550-9ae7-4748cd77f4f7,,,
67,1,2026-08 第1バッチ（学習）,スケート部,北海道大学,運動系（スポーツ・アウトドア）,,X/Instagram/Web,instagram,hokudai_figure_shinkan2025,https://x.com/HokkaidoUnivFSC,https://instagram.com/hokudai_figure_shinkan2025,https://hokudai.2025.giving-campaign.jp/groups?id=3bb5a998-1db8-4485-bb6c-da86261713c0,63,30,8,20,5,4,02ae17af-3b5e-4e7e-a273-88ad0e9ef14b,,,
68,1,2026-08 第1バッチ（学習）,体育会女子グランドホッケー部,上智大学,運動系（スポーツ・アウトドア）,,X/Instagram/Web,x,sf_hockey_,https://x.com/sf_hockey_,https://instagram.com/sophia_fieldhockey,https://sophia-fieldhockey.com/freshmen/%E5%85%A5%E9%83%A8%E3%81%AB%E3%81%A4%E3%81%84%E3%81%A6/,72,30,17,20,5,9,0da3fad8-2cbb-4c4b-b7b7-5673be914e9b,,,
69,1,2026-08 第1バッチ（学習）,アーチェリー部,国際基督教大学,運動系（スポーツ・アウトドア）,40,X/Instagram/Web,x,icuartemis,https://x.com/ICUArtemis,https://instagram.com/icu.archery,https://www.icu.ac.jp/campuslife/club/,64,30,4,20,10,2,09b3cef6-40aa-4c2e-b01f-b42eba1889a8,,,
70,1,2026-08 第1バッチ（学習）,空手道部,名古屋大学,運動系（スポーツ・アウトドア）,67,X/Instagram/Web,x,nu_karate,https://x.com/nu_karate,https://instagram.com/nu_karate,https://meidai-posters.jimdosite.com/%E3%82%AF%E3%83%A9%E3%83%96%E7%B4%B9%E4%BB%8B/,72,30,7,20,15,4,7635e7ae-f69b-4ec9-a95e-b4fed7583450,,,
71,1,2026-08 第1バッチ（学習）,鉄道研究同好会,九州大学,趣味・その他,70,X/Instagram/Web,x,qr_official,https://x.com/QR_official,https://instagram.com/qr_officials,https://tekkenkyushuuniv.wixsite.com/mysite,62,30,7,10,15,4,c459110c-ae22-4b2e-9b1e-d9469f14130a,,,
72,1,2026-08 第1バッチ（学習）,早稲田大学　下駄っぱーず,早稲田大学,運動系（スポーツ・アウトドア）,100,X/Instagram/Web,x,getappers,https://x.com/getappers,https://instagram.com/getappers,https://getappers.wixsite.com/homepage,95,30,25,20,20,14,4c575504-3340-45c0-a920-8b38657b510f,,,
73,1,2026-08 第1バッチ（学習）,水泳部(医学部),慶應義塾大学,運動系（スポーツ・アウトドア）,55,X/Instagram/Web,x,keiomedswim,https://x.com/keiomedswim,https://instagram.com/info_jukusei,https://info-jukusei.com/keiomedswim/,90,30,25,20,15,14,e2c09ef9-f1b2-4cd8-b17d-7aae48c3b475,,,
74,1,2026-08 第1バッチ（学習）,アニメーション研究会,東京科学大学,文化系（音楽・演劇・アート）,57,X/Instagram/Web,x,titech_animeken,https://x.com/titech_animeken,https://instagram.com/tokyotech_boat,https://tokyotechshinkan.wixsite.com/website/%E6%A6%82%E8%A6%81,63,30,3,15,15,2,6df848f5-fcb2-41c8-ba8c-3a71d9de6fcb,,,
75,1,2026-08 第1バッチ（学習）,民族舞踊研究会,京都大学,文化系（音楽・演劇・アート）,40,X/Instagram/Web,x,kvktwi,https://x.com/kvktwi,https://instagram.com/kvk_minbu,https://www.kyoto-gakuseisaiten.com/shinkan_group/4153,65,30,10,15,10,6,8fbcb36d-7cb9-49a5-94ec-b90d7697cf9f,,,
76,1,2026-08 第1バッチ（学習）,卓球部,東北大学,運動系（スポーツ・アウトドア）,80,X/Instagram/Web,x,tmpu_table,https://x.com/tmpu_table,https://instagram.com/tonpei_pingpong,https://www.gakuyukai.ihe.tohoku.ac.jp/wp-content/uploads/2025/04/%E4%BB%A4%E5%92%8C7%E5%B9%B4%E5%BA%A6%E3%82%B5%E3%83%BC%E3%82%AF%E3%83%AB%E7%B4%B9%E4%BB%8B%E3%83%91%E3%83%B3%E3%83%95%E3%83%AC%E3%83%83%E3%83%88.pdf,72,30,7,20,15,4,c7464180-9989-46ae-8ec0-2f3a4eaab58b,,,
77,1,2026-08 第1バッチ（学習）,早稲田大学バレエサークル　Ｃiel,早稲田大学,運動系（スポーツ・アウトドア）,100,X/Instagram/Web,x,ciel_ballet,https://x.com/Ciel_ballet,https://instagram.com/ciel_ballet,https://ciel2007.wixsite.com/wasedaballet,95,30,25,20,20,15,fdf2d974-f7bf-4ccb-816a-d5a6c7b415cb,,,
78,1,2026-08 第1バッチ（学習）,体育会水泳部(竸泳・水球部門),上智大学,運動系（スポーツ・アウトドア）,,X/Instagram/Web,x,sophia_wp,https://x.com/Sophia_wp,https://instagram.com/sophia.waterpoloteam,https://linktr.ee/sophia_swimteam,72,30,17,20,5,10,1f672bc7-6004-4f20-b1e4-cc91b79a4522,,,
79,1,2026-08 第1バッチ（学習）,東京大学文学研究会,東京大学,学術・研究（ゼミ・研究会・勉強会）,66,X/Instagram/Web,x,toudai_bunken,https://x.com/toudai_bunken,https://instagram.com/ut_tenmonbu,https://note.com/bunken_u_tokyo/n/nb2d8bff7da8c,65,30,10,10,15,6,66fb5939-5a6b-4bc8-a3c4-fc703141a24f,,,
80,1,2026-08 第1バッチ（学習）,ソフトテニス部,慶應義塾大学,運動系（スポーツ・アウトドア）,54,X/Instagram/Web,x,keiostc,https://x.com/keiostc,https://instagram.com/keio_slcsofttennis,https://info-jukusei.com/slcsoft2020/,90,30,25,20,15,15,ee4061bc-f37b-4be5-8aa0-24929ae9d0c6,,,
81,1,2026-08 第1バッチ（学習）,山岳部,大阪大学,運動系（スポーツ・アウトドア）,7,X/Instagram/Web,instagram,osu_sangakubu,https://x.com/ouwv_official,https://instagram.com/osu_sangakubu,https://handai-climbing.jimdofree.com/%E3%83%96%E3%83%AD%E3%82%B0/,63,30,8,20,5,5,4f23267e-ded0-4496-8f81-18dd6182d260,,,
82,1,2026-08 第1バッチ（学習）,女子ラクロス部,一橋大学,運動系（スポーツ・アウトドア）,1,X/Instagram/Web,x,hit_g_lax,https://x.com/hit_g_lax,https://instagram.com/hitotsubashi_glax,https://campus-map.jp/hit/club/74/,63,30,8,20,5,5,83917647-1596-4b34-82f6-66cd505d5f28,,,
83,1,2026-08 第1バッチ（学習）,SEIREN,早稲田大学,文化系（音楽・演劇・アート）,300,X/Instagram/Web,x,seirenmusical,https://x.com/seirenmusical,https://instagram.com/seiren.musical,https://www.seiren-musical-project.com/,90,30,25,15,20,16,9e7ab167-57b9-40ad-8a46-b4f6a03c208d,,,
84,1,2026-08 第1バッチ（学習）,クリケット部,慶應義塾大学,運動系（スポーツ・アウトドア）,50,X/Instagram/Web,x,keiocricket2020,https://x.com/keiocricket2020,https://instagram.com/keiocricket2021,https://info-jukusei.com/keiocricket2020/,90,30,25,20,15,16,196cb80c-0483-4693-9ec6-3de2654607d3,,,
85,1,2026-08 第1バッチ（学習）,上智大学フランス語倶楽部,上智大学,国際交流・語学,,X/Instagram/Web,x,fracrapr_sophia,https://x.com/fracrapr_sophia,https://instagram.com/sophia_leclubdufrancais,https://ffs.sophia.ac.jp/department/french/circle/,72,30,17,20,5,11,21775c40-bc60-4c5d-bbe1-e54f357e44d5,,,
86,1,2026-08 第1バッチ（学習）,合気会合気道部,北海道大学,運動系（スポーツ・アウトドア）,,X/Instagram/Web,x,huaikikaiaikido,https://x.com/HUAikikaiaikido,https://instagram.com/hokudai_aikikai,https://hubcnavi.net/athletic/aikido,63,30,8,20,5,5,03560b96-2840-497a-9100-759c3557b6cc,,,
87,1,2026-08 第1バッチ（学習）,交響楽団,早稲田大学,文化系（音楽・演劇・アート）,250,X/Instagram/Web,instagram,wsotokyo,https://x.com/wsotokyo,https://instagram.com/wsotokyo,https://wso-tokyo.jp/,90,30,25,15,20,17,fade6c49-8ba6-407c-9e67-cc26cd028366,,,
88,1,2026-08 第1バッチ（学習）,ホッケー部,京都大学,運動系（スポーツ・アウトドア）,12,X/Instagram/Web,x,ku_hockey,https://x.com/KU_hockey,https://instagram.com/ku_hockey,https://www.fhobkoori.com/m/sns/,65,30,10,20,5,7,6219de12-7b03-4f97-8bcd-751f86b4d553,,,
89,1,2026-08 第1バッチ（学習）,日本拳法部,名古屋大学,運動系（スポーツ・アウトドア）,67,X/Instagram/Web,x,ncunikken,https://x.com/ncunikken,https://instagram.com/popular,https://meidai-posters.jimdosite.com/%E3%82%AF%E3%83%A9%E3%83%96%E7%B4%B9%E4%BB%8B/,72,30,7,20,15,5,c26c6fa3-f6cb-4f04-8eed-5fd3e4860b60,,,
90,1,2026-08 第1バッチ（学習）,女子バスケットボール部,九州大学,運動系（スポーツ・アウトドア）,15,X/Instagram/Web,x,qu_angela2025,https://x.com/qu_angela2025,https://instagram.com/qdai.girlsbasket,http://kyudaicircle.club/s024_girls-basketball/,62,30,7,20,5,5,0531a908-a362-4123-a81d-51231c54cbb3,,,
91,1,2026-08 第1バッチ（学習）,バレーボール同好会,慶應義塾大学,運動系（スポーツ・アウトドア）,50,X/Instagram/Web,website,https://info-jukusei.com/kvc_welcome/,https://x.com/kvc_volleyball,https://instagram.com/official_kvc,https://info-jukusei.com/kvc_welcome/,90,30,25,20,15,17,92b4b34e-a68d-482a-87b3-80b3a6fe7fca,,,
92,1,2026-08 第1バッチ（学習）,東京大学ロースクールサッカー部,東京大学,運動系（スポーツ・アウトドア）,6,X/Instagram/Web,x,ut_sepak_takraw,https://x.com/ut_sepak_takraw,https://instagram.com/todai_soccer,https://www.tufs.ac.jp/documents/tufstoday/topics/tufsfeatured/23032701/gaisinkan2023_01.pdf,65,30,10,20,5,7,e1263811-185b-445c-9fd7-82412901599f,,,
93,1,2026-08 第1バッチ（学習）,Street Corner Symphony,早稲田大学,文化系（音楽・演劇・アート）,200,X/Instagram/Web,x,scs_acappella,https://x.com/SCS_Acappella,https://instagram.com/scs_acappella,https://acappellascs.jp,90,30,25,15,20,18,1a69d866-d449-4d97-b846-8182998f5cb6,,,
94,1,2026-08 第1バッチ（学習）,体育会フィギュアスケート部クリスタロス,上智大学,運動系（スポーツ・アウトドア）,,X/Instagram/Web,x,sophia_fsc,https://x.com/sophia_fsc,https://instagram.com/sophia_figureskate,https://b.hatena.ne.jp/n-styles/follow,72,30,17,20,5,12,34d2aa86-5154-48e9-ae9f-80cc91cea1ce,,,
95,1,2026-08 第1バッチ（学習）,Revolve,慶應義塾大学,趣味・その他,600,X/Instagram/Web,x,keio_revolve,https://x.com/keio_revolve,https://instagram.com/keio_revolve,https://info-jukusei.com/keio_revolve/,85,30,25,10,20,18,a7f68826-432a-4cf5-8efa-3cbc2660fcc5,,,
96,1,2026-08 第1バッチ（学習）,ソフトボール部,大阪大学,運動系（スポーツ・アウトドア）,5,X/Instagram/Web,x,handaisoft2021,https://x.com/handaisoft2021,https://instagram.com/bohemians2021,https://osaka-univ-softball.jimdofree.com/blog/,63,30,8,20,5,6,8edf05d0-1f49-474a-8400-b63dfce61813,,,
97,1,2026-08 第1バッチ（学習）,アーチェリー部,東北大学,運動系（スポーツ・アウトドア）,80,X/Instagram/Web,x,tohoku_archery,https://x.com/tohoku_archery,https://instagram.com/tohoku_archery,https://www.gakuyukai.ihe.tohoku.ac.jp/wp-content/uploads/2025/04/%E4%BB%A4%E5%92%8C7%E5%B9%B4%E5%BA%A6%E3%82%B5%E3%83%BC%E3%82%AF%E3%83%AB%E7%B4%B9%E4%BB%8B%E3%83%91%E3%83%B3%E3%83%95%E3%83%AC%E3%83%83%E3%83%88.pdf,72,30,7,20,15,5,ed0e6e30-32ee-499a-8015-726aeffa5dd6,,,
98,1,2026-08 第1バッチ（学習）,体操部,一橋大学,運動系（スポーツ・アウトドア）,,X/Instagram/Web,x,hit_gymnastics,https://x.com/Hit_Gymnastics,https://instagram.com/hit_gymnastics,https://campus-map.jp/hit/club/30/,63,30,8,20,5,6,128d4bdd-8d4d-4afe-a8a3-65c5bd821d44,,,
99,1,2026-08 第1バッチ（学習）,早大ピアノの会,早稲田大学,文化系（音楽・演劇・アート）,180,X/Instagram/Web,x,w_piano,https://x.com/w_piano,https://instagram.com/wps1980_official,http://w-piano.com,90,30,25,15,20,19,446e5106-5569-41c2-b54a-62ddbfdfd052,,,
100,1,2026-08 第1バッチ（学習）,Accounting Academy,慶應義塾大学,趣味・その他,136,X/Instagram/Web,x,keiaca2021,https://x.com/KeiAca2021,https://instagram.com/keio_keiaca_official,https://info-jukusei.com/keiaca2020/,85,30,25,10,20,19,d67034a6-c40f-40c6-bbd4-5210919c3303,,,
101,1,2026-08 第1バッチ（学習）,ウェイトリフティング部,京都大学,運動系（スポーツ・アウトドア）,10,X/Instagram/Web,x,kuwlshinkan,https://x.com/kuwlshinkan,https://instagram.com/kyotowl_joinus,https://www.kuas.ac.jp/wp-content/uploads/2024/12/2024_frontierspirits.pdf,65,30,10,20,5,8,28e50d9d-bd44-43f8-91fd-c3e831b366fb,,,
102,1,2026-08 第1バッチ（学習）,日本模擬国連四ツ谷研究会（よつけん）,上智大学,国際交流・語学,,X/Instagram/Web,x,428_shinkan,https://x.com/428_shinkan,https://instagram.com/mun_yotsuya,https://munyotsuya2023.wixsite.com/yotsuken,72,30,17,20,5,13,39fb263c-0e0b-4774-a7a9-2b29c3a00183,,,
103,1,2026-08 第1バッチ（学習）,ライフル射撃部,北海道大学,運動系（スポーツ・アウトドア）,,X/Instagram/Web,x,hursc_official,https://x.com/HURSC_official,https://instagram.com/hus_rifle,https://hubcnavi.net/kitamite_garden,63,30,8,20,5,6,040ccc23-a149-4486-bc93-fec9b62daedb,,,
104,1,2026-08 第1バッチ（学習）,早稲田吹奏楽団,早稲田大学,文化系（音楽・演劇・アート）,178,X/Instagram/Web,x,wasesui_sui,https://x.com/wasesui_sui,https://instagram.com/wasesui_official,https://www.wasesui.net/,90,30,25,15,20,20,b731927e-8ea4-48ad-bab3-ef2ab3ed0d2f,,,
105,1,2026-08 第1バッチ（学習）,東京大学工学部丁友会RoboTech,東京大学,運動系（スポーツ・アウトドア）,,X/Instagram/Web,x,utrobotech,https://x.com/UTRoboTech,https://instagram.com/utrobotech,https://u-tokyo.2025.giving-campaign.jp/groups?category=cultural&id=4bfa8d7b-9e12-4925-895e-697bf36f1349,65,30,10,20,5,8,0085dd0d-9729-498f-b0ac-9e95cf61da85,,,
106,1,2026-08 第1バッチ（学習）,Rayla,慶應義塾大学,趣味・その他,118,X/Instagram/Web,x,rayla__2026,https://x.com/rayla__2026,https://instagram.com/rayla__2026,https://keiowind.com/wp-content/uploads/2025/03/%E3%83%91%E3%83%B3%E3%83%95%E3%83%AC%E3%83%83%E3%83%88%EF%BC%88%E9%96%B2%E8%A6%A7%E7%94%A8%EF%BC%89.pdf,85,30,25,10,20,20,7acac9fe-12eb-41b2-a69d-60c651cb9e10,,,
107,1,2026-08 第1バッチ（学習）,女子サッカー部（OFF-SIDES）,国際基督教大学,運動系（スポーツ・アウトドア）,40,X/Instagram/Web,x,icupassions,https://x.com/IcuPassions,https://instagram.com/icu_offsides,https://www.icu.ac.jp/campuslife/club/,64,30,4,20,10,3,1d871bc0-1bad-4ad7-b1d6-834fad5aff7b,,,
108,1,2026-08 第1バッチ（学習）,女子バスケットボール部,名古屋大学,運動系（スポーツ・アウトドア）,67,X/Instagram/Web,x,nagoyabbc_girl,https://x.com/nagoyabbc_girl,https://instagram.com/nagoya_bskgirls,https://meidai-posters.jimdosite.com/%E3%82%AF%E3%83%A9%E3%83%96%E7%B4%B9%E4%BB%8B/,72,30,7,20,15,6,cebe9cec-3f02-4ab0-a7e8-68cde9ba0409,,,
109,1,2026-08 第1バッチ（学習）,男子バスケットボール部,九州大学,運動系（スポーツ・アウトドア）,,X/Instagram/Web,x,ukbbc_777,https://x.com/ukbbc_777,https://instagram.com/ukbbc2526,http://kyudaicircle.club/s005_angela/,62,30,7,20,5,6,030d744e-f176-4868-9dd3-f7a05dd80eaf,,,
110,1,2026-08 第1バッチ（学習）,早稲田スポーツ新聞会,早稲田大学,メディア・出版,169,X/Instagram/Web,x,waseda_sports,https://x.com/waseda_sports,https://instagram.com/wasedasports,http://wasedasports.com/,90,30,25,15,20,21,91c7ab64-9ec6-42cb-a3ae-4e2a22fef27b,,,
111,1,2026-08 第1バッチ（学習）,体育会女子バレーボール部,上智大学,運動系（スポーツ・アウトドア）,,X/Instagram/Web,x,sophiagirlsvol1,https://x.com/sophiagirlsvol1,https://instagram.com/sophiagirlsvolley,https://ameblo.jp/sophia-ouendan/entry-12204431264.html,72,30,17,20,5,14,43a377fc-8142-452b-bace-e9d18a7ccf22,,,
112,1,2026-08 第1バッチ（学習）,ポケ問のすゝめ,慶應義塾大学,趣味・その他,117,X/Instagram/Web,x,hwvimeoing,https://x.com/HWViMeoiNG,https://instagram.com/doi_takero_seminar,https://info-jukusei.com/keio_pokemon-2/,85,30,25,10,20,21,0778c9e7-d665-4c3f-9f17-70b9ed58806e,,,
113,1,2026-08 第1バッチ（学習）,つばめ写真研究部,東京科学大学,文化系（音楽・演劇・アート）,50,X/Instagram/Web,x,tsubamephoto_st,https://x.com/TsubamePhoto_ST,https://instagram.com/tsubamephoto_st,https://tokyotechphoto.blog.fc2.com/,63,30,3,15,15,3,f304a42a-9805-45fc-8355-91c4dbcd3e5b,,,
114,1,2026-08 第1バッチ（学習）,弓道部,大阪大学,運動系（スポーツ・アウトドア）,,X/Instagram/Web,x,handaij_archery,https://x.com/HandaiJ_Archery,https://instagram.com/handaikyudo_shinkan2024,http://handaikyudo.web.fc2.com/,63,30,8,20,5,7,1273ed00-a3e4-436f-9c7b-480ec0df34da,,,
115,1,2026-08 第1バッチ（学習）,剣道部,一橋大学,運動系（スポーツ・アウトドア）,,X/Instagram/Web,x,hitoken_yubikan,https://x.com/hitoken_yubikan,https://instagram.com/hitotsubashi_kendo,https://campus-map.jp/hit/club/29/,63,30,8,20,5,7,1388e67e-641c-4be3-a369-15ef5d34cad8,,,
116,1,2026-08 第1バッチ（学習）,ソフトボール同好会プレッシャーズ,京都大学,運動系（スポーツ・アウトドア）,3,X/Instagram/Web,website,https://www.hopstation-npo.com/nc3/bbses/bbs_articles/index/page:5/sort:bbsarticletree.bbs_article_child_count/direction:desc/limit:100?frame_id=22&title=www.hopstation-npo.com,https://x.com/tct_2024,https://instagram.com/pressures2025,https://www.hopstation-npo.com/nc3/bbses/bbs_articles/index/page:5/sort:BbsArticleTree.bbs_article_child_count/direction:desc/limit:100?frame_id=22&title=www.hopstation-npo.com,65,30,10,20,5,9,d44840c5-f4ee-44c0-ad6c-8099647bf936,,,
117,1,2026-08 第1バッチ（学習）,映画研究会,早稲田大学,文化系（音楽・演劇・アート）,163,X/Instagram/Web/LINE,x,sodaieiken,https://x.com/sodaieiken,https://instagram.com/sodaieiken,https://sodaieiken.wixsite.com/official,90,30,25,15,20,22,7f259573-deec-4974-9060-e9d8f2a0ef32,,,
118,1,2026-08 第1バッチ（学習）,セパタクローサークル,東北大学,文化系（音楽・演劇・アート）,80,X/Instagram/Web,x,tohoku_sepak,https://x.com/tohoku_sepak,https://instagram.com/tohoku_sepak,https://www.gakuyukai.ihe.tohoku.ac.jp/wp-content/uploads/2025/04/%E4%BB%A4%E5%92%8C7%E5%B9%B4%E5%BA%A6%E3%82%B5%E3%83%BC%E3%82%AF%E3%83%AB%E7%B4%B9%E4%BB%8B%E3%83%91%E3%83%B3%E3%83%95%E3%83%AC%E3%83%83%E3%83%88.pdf,67,30,7,15,15,6,559a17e1-ce10-488c-87b1-575e39bdb9be,,,
119,1,2026-08 第1バッチ（学習）,Debate Squad,慶應義塾大学,趣味・その他,106,X/Instagram/Web,x,go_rn2q,https://x.com/go_rn2q,https://instagram.com/keiodebatesquad2026,https://info-jukusei.com/kds/,85,30,25,10,20,22,eb68556a-3ebc-4049-a575-e06bd0ea039b,,,
120,1,2026-08 第1バッチ（学習）,体育会フライングディスク部,上智大学,運動系（スポーツ・アウトドア）,,X/Instagram/Web,x,sophiafreaks,https://x.com/sophiafreaks,https://instagram.com/sophiafreaks,https://sportsmania.jp/322425/,72,30,17,20,5,15,45ef3f63-c68d-4c16-8792-5da91dc44ca4,,,
121,1,2026-08 第1バッチ（学習）,スケート部フィギュア部門,東京大学,運動系（スポーツ・アウトドア）,,X/Instagram/Web,website,https://campus-map.jp/ut/club/129/,https://x.com/utokyofigure,https://instagram.com/ut.figureskating,https://campus-map.jp/ut/club/129/,65,30,10,20,5,9,071f4acd-f612-4129-b52c-2edefbc34ecb,,,
122,1,2026-08 第1バッチ（学習）,漫画研究会,早稲田大学,文化系（音楽・演劇・アート）,150,X/Instagram/Web,x,soudaimanken,https://x.com/soudaimanken,https://instagram.com/soudai_manken,https://soudaimanken.wordpress.com/,90,30,25,15,20,23,6a41dc3c-1478-4f97-b3f5-3b7226fbad80,,,
123,1,2026-08 第1バッチ（学習）,剣道部,北海道大学,運動系（スポーツ・アウトドア）,,X/Instagram/Web,x,letskendo,https://x.com/letskendo,https://instagram.com/letskendo,https://www.hokudai-kendo.com/,63,30,8,20,5,7,0965e9be-0872-4d12-976e-9fc2a491c083,,,
124,1,2026-08 第1バッチ（学習）,演劇研究会,慶應義塾大学,文化系（音楽・演劇・アート）,90,X/Instagram/Web,instagram,keio_gekiken,https://x.com/Keio_Circle,https://instagram.com/keio_gekiken,https://info-jukusei.com/keio_gekiken/,85,30,25,15,15,23,c2d9d286-3df8-4b10-92d6-a2c6a5efc37d,,,
125,1,2026-08 第1バッチ（学習）,アンサンブル・リドール,早稲田大学,文化系（音楽・演劇・アート）,111,X/Instagram/Web,x,ens_rizdor,https://x.com/Ens_Rizdor,https://instagram.com/ens_rizdor,https://rizdor.github.io/official/,90,30,25,15,20,24,d2723da6-5405-4fa0-baa9-d4080ff2c504,,,
126,1,2026-08 第1バッチ（学習）,体育会女子野球部,上智大学,運動系（スポーツ・アウトドア）,,X/Instagram/Web,x,sophiamamues,https://x.com/sophiamamues,https://instagram.com/sophia_womensbaseball,https://linktr.ee/mamues.sophia,72,30,17,20,5,16,486db9b4-9612-40fc-953f-232c7e581d7b,,,
127,1,2026-08 第1バッチ（学習）,柔道部,名古屋大学,運動系（スポーツ・アウトドア）,67,X/Instagram/Web,x,meidai_judo,https://x.com/meidai_judo,https://instagram.com/nagoya_university_judo_club,https://meidai-posters.jimdosite.com/%E3%82%AF%E3%83%A9%E3%83%96%E7%B4%B9%E4%BB%8B/,72,30,7,20,15,7,ef088916-1a32-43d9-9788-1a7461e4a923,,,
128,1,2026-08 第1バッチ（学習）,空手道部,九州大学,運動系（スポーツ・アウトドア）,,X/Instagram/Web,x,qmedkarate,https://x.com/qmedkarate,https://instagram.com/kyudaimed._.karate,https://www.kyusan-u.ac.jp/campus/life/circle/Karatedo_Division/,62,30,7,20,5,7,0c527638-9d4e-4f1d-a7c7-133202232ad8,,,
129,1,2026-08 第1バッチ（学習）,テニスサークルKIDDY KIDS,京都大学,運動系（スポーツ・アウトドア）,,X/Instagram/Web,x,2021kiddykids,https://x.com/2021kiddykids,https://instagram.com/kiddykids_2025,https://campus-map.jp/kyoto/club/87/,65,30,10,20,5,10,02a64dce-1cf4-4df4-b81b-48dec4fdd81f,,,
130,1,2026-08 第1バッチ（学習）,書道会,慶應義塾大学,文化系（音楽・演劇・アート）,90,X/Instagram/Web,x,keio_shodo,https://x.com/keio_shodo,https://instagram.com/keio_shodo,http://keioshodo.net/,85,30,25,15,15,24,ee1049b7-c5a7-4573-adf7-e8e8c5f3993e,,,
131,1,2026-08 第1バッチ（学習）,フェンシング部,大阪大学,運動系（スポーツ・アウトドア）,,X/Instagram/Web,instagram,osaka.u.fencing,https://x.com/handaisyoukai,https://instagram.com/osaka.u.fencing,https://osakaufencing.wixsite.com/osaka-u-fencing/contact,63,30,8,20,5,8,135b9077-531f-4985-ae41-09dc16664207,,,
132,1,2026-08 第1バッチ（学習）,一橋硬式庭球同好会,一橋大学,運動系（スポーツ・アウトドア）,,X/Instagram/Web,x,hlta_2025,https://x.com/hlta_2025,https://instagram.com/hlta__2026,https://campus-map.jp/hit/club/104/,63,30,8,20,5,8,15fe699c-9c67-4077-a1f4-2c2ab3dbbf8c,,,
133,1,2026-08 第1バッチ（学習）,まっちワークグループ早稲田,早稲田大学,ボランティア・NPO,110,X/Instagram/Web,x,match_waseda,https://x.com/match_waseda,https://instagram.com/hakkenmatch,https://hakkenmatch.wixsite.com/matchworkhomepage,90,30,25,15,20,25,06ef8435-8cae-4868-a011-f68b6fe826f9,,,
134,1,2026-08 第1バッチ（学習）,ア式蹴球部,東京大学,運動系（スポーツ・アウトドア）,,X/Instagram/Web,x,todai_ashiki,https://x.com/todai_ashiki,https://instagram.com/todai_soccer,https://todai-soccer.com/?page_id=1130,65,30,10,20,5,10,099465dd-6748-440f-95c5-0f49b873ab3a,,,
135,1,2026-08 第1バッチ（学習）,英語研究会(E.S.S.),上智大学,国際交流・語学,,X/Instagram/Web,x,ess_sophia_,https://x.com/ess_sophia_,https://instagram.com/ess_sophia,https://www.tufs.ac.jp/documents/tufstoday/topics/tufsfeatured/24033101/club_g.pdf,72,30,17,20,5,17,4890f25a-40c0-44cf-9f87-edd46012071b,,,
136,1,2026-08 第1バッチ（学習）,赤倉アカデミー,慶應義塾大学,文化系（音楽・演劇・アート）,80,X/Instagram/Web,x,hirokokclayton,https://x.com/HirokoKClayton,https://instagram.com/imoatsuhime,https://nichigopress.jp/wp-content/uploads/2022/12/nat1702.pdf,85,30,25,15,15,25,82e0cc39-d127-4667-a119-691486422b43,,,
137,1,2026-08 第1バッチ（学習）,出版団体 ENJI,早稲田大学,メディア・出版,110,X/Instagram/Web,x,enji_wu,https://x.com/enji_wu,https://instagram.com/enji_wu,http://www.enji-wu.com/,90,30,25,15,20,26,e973b112-6f74-439c-822c-86556b3737e7,,,
138,1,2026-08 第1バッチ（学習）,躰道部,東北大学,運動系（スポーツ・アウトドア）,40,X/Instagram/Web,x,tetsusinkai,https://x.com/tetsusinkai,https://instagram.com/tohokutaido,https://www.fmu.ac.jp/admission/campuslife/club/,67,30,7,20,10,7,acb3079b-c9af-40b5-9e47-abe213bbd501,,,
139,1,2026-08 第1バッチ（学習）,文芸会,慶應義塾大学,文化系（音楽・演劇・アート）,61,X/Instagram/Web,x,keiobun,https://x.com/keiobun,https://instagram.com/keiogengo_kai,https://info-jukusei.com/keiopenclub/,85,30,25,15,15,26,230b35a0-505c-4264-ba59-07422f365b5f,,,
140,1,2026-08 第1バッチ（学習）,エレガントスキー部,北海道大学,運動系（スポーツ・アウトドア）,,X/Instagram/Web,x,huelegantski,https://x.com/HUelegantski,https://instagram.com/popular,https://dormy-hokkaido.com/pickup/hokudaikounin-bukatsu/,63,30,8,20,5,8,0b6d4a35-6fff-4c8b-b389-984a61fbc012,,,
141,1,2026-08 第1バッチ（学習）,サイクリング部,京都大学,運動系（スポーツ・アウトドア）,,X/Instagram/Web,x,kuccshinkan,https://x.com/kuccshinkan,https://instagram.com/kyotouniv.cyclingclub,https://campus-map.jp/kyoto/club/27/,65,30,10,20,5,11,0e7ee4ea-bbe5-4509-a0dc-62c5c1c195f4,,,
142,1,2026-08 第1バッチ（学習）,Choco Crunch,早稲田大学,文化系（音楽・演劇・アート）,104,X/Instagram/Web,x,choco_acappella,https://x.com/Choco_acappella,https://instagram.com/choco_acappella,https://chococrunchsinkan.wixsite.com/my-site,90,30,25,15,20,27,a05b173e-ea89-4279-b0c2-83d8a5869f16,,,
143,1,2026-08 第1バッチ（学習）,体育会サッカー部,上智大学,運動系（スポーツ・アウトドア）,,X/Instagram/Web,x,sophia_soccer,https://x.com/sophia_soccer,https://instagram.com/sophia_soccer_club,https://readyfor.jp/projects/sophia-soccer/accomplish_report,72,30,17,20,5,18,5069e13e-42c7-4d63-82b8-70baae1e22ff,,,
144,1,2026-08 第1バッチ（学習）,雪面滑走競技部,国際基督教大学,運動系（スポーツ・アウトドア）,40,X/Instagram/Web,x,icuski,https://x.com/ICUski,https://instagram.com/icu_ski_club,https://www.icu.ac.jp/campuslife/club/,64,30,4,20,10,4,3da31430-78f9-4a1f-8192-77f3ce02e74f,,,
145,1,2026-08 第1バッチ（学習）,陶芸倶楽部,慶應義塾大学,文化系（音楽・演劇・アート）,60,X/Instagram/Web,x,keiotougei,https://x.com/keiotougei,https://instagram.com/keiotougei,https://info-jukusei.com/keio-circle-tougei-2021/,85,30,25,15,15,27,e6784fa6-ea3d-4be4-b875-152d22df893b,,,
146,1,2026-08 第1バッチ（学習）,ゴルフ部,名古屋大学,運動系（スポーツ・アウトドア）,50,X/Instagram/Web,x,numgolf72,https://x.com/numgolf72,https://instagram.com/nagoya_golfffff,https://numgolf.com/menu.html,72,30,7,20,15,8,d5719a1b-faec-4366-88bb-689996c465e1,,,
147,1,2026-08 第1バッチ（学習）,文藝部,九州大学,運動系（スポーツ・アウトドア）,,X/Instagram/Web,x,kyudaibungei,https://x.com/kyudaibungei,https://instagram.com/kyudaibungei,http://qdaibungei.web.fc2.com/busitu.html,62,30,7,20,5,8,0cd61cb3-7202-425f-be98-c68bd9dbec2d,,,
148,1,2026-08 第1バッチ（学習）,国際問題研究会,大阪大学,国際交流・語学,,X/Instagram/Web,website,https://www.osaka-sandai.ac.jp/builders/voice,https://x.com/osaka_jbc,https://instagram.com/ou.ilss,https://www.osaka-sandai.ac.jp/builders/voice,63,30,8,20,5,9,18a5a44d-cbef-4b26-9879-82dbcca0ccd0,,,
149,1,2026-08 第1バッチ（学習）,東京大学工学部丁友会,東京大学,運動系（スポーツ・アウトドア）,,X/Instagram/Web,x,ut_tuk,https://x.com/ut_tuk,https://instagram.com/teiyukai,https://note.com/sokieele/n/n790fbf89c929,65,30,10,20,5,11,0a17e1cc-f9f9-4daa-ad3d-2f8f775ec1ac,,,
150,1,2026-08 第1バッチ（学習）,スキー同好会（W．S．S．）,早稲田大学,運動系（スポーツ・アウトドア）,90,X/Instagram/Web,x,wss_info,https://x.com/wss_info,https://instagram.com/waseda.ski.society,https://wssski.wordpress.com,90,30,25,20,15,28,6e9372bc-69fd-4790-ba8e-1ee775dc3f6b,,,
151,1,2026-08 第1バッチ（学習）,体育会合気道部,一橋大学,運動系（スポーツ・アウトドア）,,X/Instagram/Web,x,hit_aiki,https://x.com/hit_aiki,https://instagram.com/hit_aiki,https://campus-map.jp/hit/club/7/,63,30,8,20,5,9,1674c4be-d4b3-4d75-a330-599214aa3d68,,,
152,1,2026-08 第1バッチ（学習）,体育会ラグビー部,上智大学,運動系（スポーツ・アウトドア）,,X/Instagram/Web,website,https://sophia-rugby.com/,https://x.com/tohokumed_rfc,https://instagram.com/sophia_rugby,https://sophia-rugby.com/,72,30,17,20,5,19,534cde1d-d570-4b8e-825a-ba0b3d7924cc,,,
153,1,2026-08 第1バッチ（学習）,卓球部（医学部）,慶應義塾大学,運動系（スポーツ・アウトドア）,41,X/Instagram/Web,x,keiottc_pr,https://x.com/keiottc_PR,https://instagram.com/keiomed_tabletennis,https://kmttcofficial.wixsite.com/home/about,85,30,25,20,10,28,fafc69fe-2872-4b62-8c17-5d8d3d25ed0d,,,
154,1,2026-08 第1バッチ（学習）,バレーボール部,東京科学大学,運動系（スポーツ・アウトドア）,20,X/Instagram/Web,x,zn_vc,https://x.com/zn_vc,https://instagram.com/scvabo_sk_2025,https://www.toyaku.ac.jp/campus/club/,63,30,3,20,10,4,592da220-2f1a-452c-8557-2874eaa4fb32,,,
155,1,2026-08 第1バッチ（学習）,登歩の会,早稲田大学,運動系（スポーツ・アウトドア）,88,X/Instagram/Web,x,tohonokai1967,https://x.com/tohonokai1967,https://instagram.com/tohonokai1967,https://sites.google.com/view/tohonokai/,90,30,25,20,15,29,3d0a2c2f-f2da-483b-83f9-d70d23fbce90,,,
156,1,2026-08 第1バッチ（学習）,軟式野球同好会ウッドストック,京都大学,運動系（スポーツ・アウトドア）,,X/Instagram/Web,x,kuwoodstock,https://x.com/KUwoodstock,https://instagram.com/kyoto_nanshiki_wood,https://www.kyoto-gakuseisaiten.com/shinkan_group/4055,65,30,10,20,5,12,13d03a98-5c50-4400-826c-5a6014559f53,,,
157,1,2026-08 第1バッチ（学習）,硬式野球部（理工学部）,慶應義塾大学,運動系（スポーツ・アウトドア）,40,X/Instagram/Web,x,rikotai_keio,https://x.com/rikotai_keio,https://instagram.com/keio_rikotai,https://info-jukusei.com/keionanshiki19/,85,30,25,20,10,29,4be22f30-eeff-43b5-a2f3-5418c7bbec74,,,
158,1,2026-08 第1バッチ（学習）,大学祭実行委員会,東北大学,イベント・企画（インカレ・学園祭等）,,X/Instagram/Web,x,festatohoku,https://x.com/festatohoku,https://instagram.com/festatohoku,https://www.gakuyukai.ihe.tohoku.ac.jp/club/%E6%9D%B1%E5%8C%97%E5%A4%A7%E5%AD%A6%E7%A5%AD%E5%AE%9F%E8%A1%8C%E5%A7%94%E5%93%A1%E4%BC%9A/,67,30,7,25,5,8,0a832c66-31b2-4464-ab88-540da69e8fba,,,
159,1,2026-08 第1バッチ（学習）,硬式野球部,北海道大学,運動系（スポーツ・アウトドア）,,X/Instagram/Web,x,huyakyukansen,https://x.com/HUyakyukansen,https://instagram.com/hokudai_baseball,https://hubcnavi.net/athletic/baseball,63,30,8,20,5,9,13a05b79-4cbc-4948-8a35-026e874ea3dd,,,
160,1,2026-08 第1バッチ（学習）,F．S．S．テニスクラブ,早稲田大学,運動系（スポーツ・アウトドア）,80,X/Instagram/Web,x,fss_tennis_2023,https://x.com/fss_tennis_2023,https://instagram.com/fss_tennis_2023,https://ameblo.jp/fss-tennis-club/,90,30,25,20,15,30,6de137fd-1d72-4449-a068-ef51421a902a,,,
161,1,2026-08 第1バッチ（学習）,上智大学弁論部,上智大学,運動系（スポーツ・アウトドア）,,X/Instagram/Web,x,sophia_debate_,https://x.com/sophia_debate_,https://instagram.com/sophiadebateclub,https://sophiadebate.com/sns/,72,30,17,20,5,20,54b1944f-bac3-4a06-9418-78cac8d232c4,,,
162,1,2026-08 第1バッチ（学習）,柔道部,東京大学,運動系（スポーツ・アウトドア）,,X/Instagram/Web,x,todaijudobu,https://x.com/todaijudobu,https://instagram.com/tokyouni.judo,https://campus-map.jp/ut/club/232/,65,30,10,20,5,12,0c2c9023-8498-4145-b9e4-5232d392d55c,,,
163,1,2026-08 第1バッチ（学習）,アメリカンフットボール部(医学部),慶應義塾大学,運動系（スポーツ・アウトドア）,38,X/Instagram/Web,x,unicornsmnp2025,https://x.com/unicornsMNP2025,https://instagram.com/keiomed_unicornsmnp,https://info-jukusei.com/unicornsmnp/,85,30,25,20,10,30,fbec62c0-a52e-45ba-b7a3-aa8ff59de188,,,
164,1,2026-08 第1バッチ（学習）,国際法学研究会,大阪大学,国際交流・語学,,X/Instagram/Web,x,ouilss,https://x.com/OuILSS,https://instagram.com/ou.ilss,https://search.yahoo.co.jp/realtime/search?ei=UTF-8&p=%23%E5%9B%BD%E9%9A%9B%E6%B3%95&mtype=image,63,30,8,20,5,10,1c998053-5efc-4b95-bc1f-3fac88c420f4,,,
165,1,2026-08 第1バッチ（学習）,稲穂キッカーズ,早稲田大学,運動系（スポーツ・アウトドア）,70,X/Instagram/Web,x,inahokickers,https://x.com/inahokickers,https://instagram.com/inahokickers_1961,http://inahokickers.net/,90,30,25,20,15,31,aea1d1a9-b42a-486f-a716-58d9e04fac77,,,
166,1,2026-08 第1バッチ（学習）,体育会硬式庭球部（男子）,一橋大学,運動系（スポーツ・アウトドア）,,X/Instagram/Web,x,hit__tennis,https://x.com/hit__tennis,https://instagram.com/hit_tennis1894,https://campus-map.jp/hit/club/46/,63,30,8,20,5,10,1a67a42b-2f3e-4bba-9f72-0287cbf0f9a2,,,
167,1,2026-08 第1バッチ（学習）,美術部,名古屋大学,文化系（音楽・演劇・アート）,67,X/Instagram/Web,x,nuartclub,https://x.com/NUartclub,https://instagram.com/nu_watercolor,https://meidai-posters.jimdosite.com/%E3%82%AF%E3%83%A9%E3%83%96%E7%B4%B9%E4%BB%8B/,67,30,7,15,15,9,17d9224f-651d-46e8-9c5b-b2b0705c9d86,,,
168,1,2026-08 第1バッチ（学習）,ホッケー部,九州大学,運動系（スポーツ・アウトドア）,,X/Instagram/Web,instagram,kyushu_icehockey,https://x.com/Quni_icehockey,https://instagram.com/kyushu_icehockey,https://kyushuicehockey.jimdofree.com/,62,30,7,20,5,9,12f470cd-f7af-4a45-be44-b65f0a4eaeeb,,,
169,1,2026-08 第1バッチ（学習）,体育会少林寺拳法部,上智大学,運動系（スポーツ・アウトドア）,,X/Instagram/Web,x,athletesophia,https://x.com/AthleteSophia,https://instagram.com/sophia_shorinji,https://sasakura-jersey.com/team/sample/jyochidai-shorinji/,72,30,17,20,5,21,56310594-b4ca-41c7-854b-7eb7b5f92a0f,,,
170,1,2026-08 第1バッチ（学習）,空手部（医学部）,慶應義塾大学,運動系（スポーツ・アウトドア）,30,X/Instagram/Web,x,keiomed_karate,https://x.com/keiomed_karate,https://instagram.com/keiomed_karate,https://info-jukusei.com/keio_karate2020/,85,30,25,20,10,31,269356dd-3e5f-41fb-95a9-c461cea01b62,,,
171,1,2026-08 第1バッチ（学習）,空手道部,京都大学,運動系（スポーツ・アウトドア）,,X/Instagram/Web,x,kukaratedo,https://x.com/KUkaratedo,https://instagram.com/kyodai_karatedo,https://campus-map.jp/kyoto/club/78/,65,30,10,20,5,13,16fc5ebc-d8de-4a63-adab-5fba490d87e1,,,
172,1,2026-08 第1バッチ（学習）,アルティメット部　ソニックス,早稲田大学,運動系（スポーツ・アウトドア）,65,X/Instagram/Web,x,waseda_ultimate,https://x.com/waseda_ultimate,https://instagram.com/wasedaultimate,https://www.wasedaultimate.com/,90,30,25,20,15,32,9a97269d-0d6f-4e2e-8801-46c694f24c34,,,
173,1,2026-08 第1バッチ（学習）,航空部,慶應義塾大学,運動系（スポーツ・アウトドア）,30,X/Instagram/Web,x,keio_soaring20,https://x.com/keio_soaring20,https://instagram.com/reels,https://info-jukusei.com/keiosoaringteam/,85,30,25,20,10,32,5d599d87-d42f-4eff-af7c-f1b9ccfe809a,,,
174,1,2026-08 第1バッチ（学習）,スポーツチャンバラ剣隼会,早稲田大学,運動系（スポーツ・アウトドア）,64,X/Instagram/Web/LINE,x,kenshunkai,https://x.com/kenshunkai,https://instagram.com/sportschanbara.kenshunkai,http://wasedaspochan.accela.jp/,90,30,25,20,15,33,17bc47e1-115c-4b9f-9a5b-5380f64ed378,,,
175,1,2026-08 第1バッチ（学習）,体育会アメリカンフットボール部GOLDEN EAGLES,上智大学,運動系（スポーツ・アウトドア）,,X/Instagram/Web,x,gefreshman2023,https://x.com/gefreshman2023,https://instagram.com/sophia_goldeneagles,https://sophia-goldeneagles.com/,72,30,17,20,5,22,5edf89ac-49b2-481a-a05f-82cac180f342,,,
176,1,2026-08 第1バッチ（学習）,ハンドボール部,東京大学,運動系（スポーツ・アウトドア）,,X/Instagram/Web,x,tetumonhand,https://x.com/tetumonhand,https://instagram.com/meinz_handball,https://campus-map.jp/ut/club/79/,65,30,10,20,5,13,0e7a1796-a1ff-44e9-99c9-16dce2cdcc03,,,
177,1,2026-08 第1バッチ（学習）,女子バスケットボール部,北海道大学,運動系（スポーツ・アウトドア）,,X/Instagram/Web,x,basketball_hu,https://x.com/basketball_HU,https://instagram.com/hokudai.girls.basket,https://www.hokudaishinbun.com/2021/04/06/5233/,63,30,8,20,5,10,19266402-1de0-4b62-8084-50060864d3d2,,,
178,1,2026-08 第1バッチ（学習）,PIVOS,東北大学,趣味・その他,80,X/Instagram/Web,x,pivopivopivos,https://x.com/PIVOPIVOPIVOS,https://instagram.com/tohoku_uni_recommend,https://www.gakuyukai.ihe.tohoku.ac.jp/wp-content/uploads/2025/04/%E4%BB%A4%E5%92%8C7%E5%B9%B4%E5%BA%A6%E3%82%B5%E3%83%BC%E3%82%AF%E3%83%AB%E7%B4%B9%E4%BB%8B%E3%83%91%E3%83%B3%E3%83%95%E3%83%AC%E3%83%83%E3%83%88.pdf,62,30,7,10,15,9,57ebf6bb-4e8a-425e-bf12-08f519632ba4,,,
179,1,2026-08 第1バッチ（学習）,フットサル倶楽部エルレイナ,慶應義塾大学,運動系（スポーツ・アウトドア）,22,X/Instagram/Web,x,keioelreina,https://x.com/keioelreina,https://instagram.com/keio_elreina,https://info-jukusei.com/keioelreina/,85,30,25,20,10,33,91a47122-cc55-4f4e-ba83-5884448937b7,,,
180,1,2026-08 第1バッチ（学習）,バレーボール同好会,早稲田大学,運動系（スポーツ・アウトドア）,64,X/Instagram/Web,x,wvc60th,https://x.com/wvc60th,https://instagram.com/wvc.60th,https://wsdvc.web.fc2.com/,90,30,25,20,15,34,c0e5d573-be44-4c54-a471-4f14585eff3c,,,
181,1,2026-08 第1バッチ（学習）,女子バレーボール部,大阪大学,運動系（スポーツ・アウトドア）,,X/Instagram/Web,x,osuvolleycircle,https://x.com/osuvolleycircle,https://instagram.com/ou_volley,https://www.ouhs.jp/ouhs-athletics/womensvolleyball/,63,30,8,20,5,11,311bbba4-6aed-438f-9d2b-33c4d00ca52c,,,
182,1,2026-08 第1バッチ（学習）,バスケットボール部,国際基督教大学,運動系（スポーツ・アウトドア）,40,X/Instagram/Web,x,ibl_icubblovers,https://x.com/ibl_icubblovers,https://instagram.com/icubasketball,https://www.icu.ac.jp/campuslife/club/,64,30,4,20,10,5,4741c848-4768-41a5-8972-b6fdc2c936fd,,,
183,1,2026-08 第1バッチ（学習）,ワンダーフォーゲル部,京都大学,運動系（スポーツ・アウトドア）,,X/Instagram/Web,x,kyotosuwv,https://x.com/KyotoSUWV,https://instagram.com/kuwvkuwv60,https://campus-map.jp/kyoto/club/7/,65,30,10,20,5,14,1d09349c-20f0-4441-b485-1cb903874fbf,,,
184,1,2026-08 第1バッチ（学習）,ボクシング部,一橋大学,運動系（スポーツ・アウトドア）,,X/Instagram/Web,instagram,hitotsudaboxing,https://x.com/hitoboxing,https://instagram.com/hitotsudaboxing,https://campus-map.jp/hit/club/110/,63,30,8,20,5,11,281e4e7b-4952-4eb7-8d5d-950de7c0039f,,,
185,1,2026-08 第1バッチ（学習）,体育会バドミントン部,上智大学,運動系（スポーツ・アウトドア）,,X/Instagram/Web,x,sophiabadfresh,https://x.com/sophiabadfresh,https://instagram.com/sophiabadminton,https://linktr.ee/sophiabadminton,72,30,17,20,5,23,68520225-44c7-4696-9bfe-3da28543004d,,,
186,1,2026-08 第1バッチ（学習）,劇団新生,名古屋大学,文化系（音楽・演劇・アート）,67,X/Instagram/Web,x,nu_shinnsei,https://x.com/NU_Shinnsei,https://instagram.com/nu_shinnsei,https://meidai-posters.jimdosite.com/%E3%82%AF%E3%83%A9%E3%83%96%E7%B4%B9%E4%BB%8B/,67,30,7,15,15,10,3caa38dc-d345-4302-9356-dd0c26665e91,,,
187,1,2026-08 第1バッチ（学習）,ワンダーフォーゲル部,九州大学,運動系（スポーツ・アウトドア）,,X/Instagram/Web,x,fuwv1964,https://x.com/fuwv1964,https://instagram.com/q_wander_vogel,https://kyudaicirclehp.wixsite.com/info/ito-sports/ワンダーフォーゲル部,62,30,7,20,5,10,14e1cfca-a4f2-44aa-9b37-95d8f4de5e7f,,,
188,1,2026-08 第1バッチ（学習）,バドミントン部,慶應義塾大学,運動系（スポーツ・アウトドア）,21,X/Instagram/Web,instagram,keio_badminton,https://x.com/34kaibadminton,https://instagram.com/keio_badminton,https://keiobad.com/index/mpage/id/179,85,30,25,20,10,34,2c64a5b7-24dd-4144-918b-0a453314d4ea,,,
189,1,2026-08 第1バッチ（学習）,競技ダンス部（WBDC）,早稲田大学,運動系（スポーツ・アウトドア）,55,X/Instagram/Web/LINE,x,wbdc_waseda,https://x.com/wbdc_waseda,https://instagram.com/wasedaballroom,https://ameblo.jp/waseda-ballroomdance/,90,30,25,20,15,35,b2697173-5bbe-49ec-8b19-4353892738aa,,,
190,1,2026-08 第1バッチ（学習）,東京大学台湾留学生会,東京大学,国際交流・語学,,X/Instagram/Web,x,taiwan_todai,https://x.com/taiwan_todai,https://instagram.com/utokyo_taiwan,https://todai-umeet.com/article/59880/,65,30,10,20,5,14,0ee44517-edad-448f-8dd2-4b78e7858288,,,
191,1,2026-08 第1バッチ（学習）,文化団体連盟本部,慶應義塾大学,運動系（スポーツ・アウトドア）,20,X/Instagram/Web,x,keiobunren,https://x.com/keiobunren,https://instagram.com/keio_jiken,https://info-jukusei.com/keiobunren/,85,30,25,20,10,35,4af67ea4-64ab-42e1-9329-d304f012aff7,,,
192,1,2026-08 第1バッチ（学習）,ハンドボール部,東京科学大学,運動系（スポーツ・アウトドア）,20,X/Instagram/Web,x,titechhandball,https://x.com/titechhandball,https://instagram.com/sciencetechhan,https://www.toyaku.ac.jp/campus/club/,63,30,3,20,10,5,fdeb2482-509c-4246-9951-7426d97f7810,,,
193,1,2026-08 第1バッチ（学習）,早稲田大学アルティメットサークル青空,早稲田大学,運動系（スポーツ・アウトドア）,54,X/Instagram/Web,x,waseda_aozora,https://x.com/waseda_aozora,https://instagram.com/waseda_aozora,https://www.waseda-aozora.com/,90,30,25,20,15,36,95cb9d13-07ed-49fc-805b-7a1cd83a497c,,,
194,1,2026-08 第1バッチ（学習）,軟式野球同好会ファイヤーバーズ（FB）,上智大学,運動系（スポーツ・アウトドア）,,X/Instagram/Web,website,http://maguro.2ch.sc/poverty/kako/o1601/,https://x.com/SophiaFireBirds,https://instagram.com/sophiafirebirds,http://maguro.2ch.sc/poverty/kako/o1601/,72,30,17,20,5,24,6f3796f7-1d93-4063-91b6-be823b14b408,,,
195,1,2026-08 第1バッチ（学習）,テニスサークルフレームショット,京都大学,運動系（スポーツ・アウトドア）,,X/Instagram/Web,x,2024frameshot,https://x.com/2024Frameshot,https://instagram.com/frameshot2020,https://campus-map.jp/kyoto/club/39/,65,30,10,20,5,15,2445b3f2-d2e0-4b2b-82b1-f9106fdeb98c,,,
196,1,2026-08 第1バッチ（学習）,相撲部,北海道大学,運動系（スポーツ・アウトドア）,,X/Instagram/Web,x,hokudaisumo,https://x.com/hokudaisumo,https://instagram.com/hokkaido_univ_sumo,https://hubcnavi.net/hokudaisumo,63,30,8,20,5,11,1b7892f7-f762-4a17-81e5-f03629066595,,,
197,1,2026-08 第1バッチ（学習）,湘南学祭実行委員会,慶應義塾大学,イベント・企画（インカレ・学園祭等）,,X/Instagram/Web,x,tanabata_fes,https://x.com/tanabata_fes,https://instagram.com/shonan_fresh,https://www.city.fujisawa.kanagawa.jp/documents/29510/36tanabatasai.pdf,85,30,25,25,5,36,567cff46-4951-4d4f-9576-e02113dd5925,,,
198,1,2026-08 第1バッチ（学習）,模擬国連早稲田研究会,早稲田大学,国際交流・語学,50,X/Instagram/Web,x,munw_waseda,https://x.com/munw_waseda,https://instagram.com/munw_waseda,https://waseken2015.wixsite.com/mun-waseda,90,30,25,20,15,37,91a27646-8bea-45db-99de-51dc2397de24,,,
199,1,2026-08 第1バッチ（学習）,レゴ部,大阪大学,運動系（スポーツ・アウトドア）,,X/Instagram/Web,x,handai05club,https://x.com/handai05club,https://instagram.com/handai05club,https://handailegobu.github.io/join/,63,30,8,20,5,12,32396e1e-dd56-401d-88ad-5d9036c5a0cc,,,
200,1,2026-08 第1バッチ（学習）,光のページェントNavidad,東北大学,文化系（音楽・演劇・アート）,21,X/Instagram/Web,instagram,pageant_staff,https://x.com/suikyu_toh,https://instagram.com/pageant_staff,https://www.gakuyukai.ihe.tohoku.ac.jp/wp-content/uploads/2024/04/all_pamphlet_2024-1.pdf,62,30,7,15,10,10,045c949a-da46-4ff7-b319-99a3d0eee4f9,,,
201,2,2026-09 第2バッチ,体育会アイスホッケー部,一橋大学,運動系（スポーツ・アウトドア）,,X/Instagram/Web,x,hit_icehockey19,https://x.com/hit_icehockey19,https://instagram.com/hiticehockey,https://www.hit-icehockey.com/blog,63,30,8,20,5,12,28433d6f-9332-477c-b335-aea90783690a,,,
202,2,2026-09 第2バッチ,体育会剣道部,上智大学,運動系（スポーツ・アウトドア）,,X/Instagram/Web,instagram,sophia_kendo,https://x.com/sophia_kensoc,https://instagram.com/sophia_kendo,https://sophiakendo.wixsite.com/sophiakendo,72,30,17,20,5,25,71986ef6-8780-4ab3-8490-ee71d1e78f4f,,,
203,2,2026-09 第2バッチ,オリエンテーション実行委員会,慶應義塾大学,イベント・企画（インカレ・学園祭等）,,X/Instagram/Web,x,keiorien2020,https://x.com/keiorien2020,https://instagram.com/keio_orienteering,https://www.keio-zenkyo.net/about-member-organization/8,85,30,25,25,5,37,6de9348a-dd80-402d-99c0-58cab13af2d1,,,
204,2,2026-09 第2バッチ,TEDxWasedaU,早稲田大学,イベント・企画（インカレ・学園祭等）,49,X/Instagram/Web,x,tedxwasedau,https://x.com/tedxwasedau,https://instagram.com/tedxwasedau,https://www.tedxwasedau.com/,90,30,25,25,10,38,2578d4b6-5bf3-42bd-a128-22504c68e7f2,,,
205,2,2026-09 第2バッチ,落語研究会,名古屋大学,文化系（音楽・演劇・アート）,67,X/Instagram/Web,x,nagoya_rakugo,https://x.com/nagoya_rakugo,https://instagram.com/nu.ochiken,https://meidai-posters.jimdosite.com/%E3%82%AF%E3%83%A9%E3%83%96%E7%B4%B9%E4%BB%8B/,67,30,7,15,15,11,43340e0d-826c-4ef3-8c92-4bf7898f6a77,,,
206,2,2026-09 第2バッチ,硬式野球部,九州大学,運動系（スポーツ・アウトドア）,,X/Instagram/Web,x,nagasaki_u_bbc,https://x.com/nagasaki_u_bbc,https://instagram.com/nagasaki_innovation,https://circle-nagasaki-u.com/2024/06/21/%E7%AC%AC111%E5%9B%9E%E4%B9%9D%E5%B7%9E%E5%9C%B0%E5%8C%BA%E5%A4%A7%E5%AD%A6%E9%87%8E%E7%90%83%E9%81%B8%E6%89%8B%E6%A8%A9%E5%A4%A7%E4%BC%9A%E5%8C%97%E9%83%A8%E4%B9%9D%E5%B7%9E2%E9%83%A8%E3%83%AA/,62,30,7,20,5,11,17aef6ed-50d8-4dee-b647-e3734150c4ff,,,
207,2,2026-09 第2バッチ,東京大学坐禅部 陵禅会,東京大学,運動系（スポーツ・アウトドア）,,X/Instagram/Web,x,ryouzenkai,https://x.com/ryouzenkai,https://instagram.com/ryouzenkai,https://www.komazawa-u.ac.jp/facilities/museum/overview/event/zen-experience/,65,30,10,20,5,15,0f02619b-1755-4757-93f6-b47b083765b4,,,
208,2,2026-09 第2バッチ,理工学部ソフトボール実行委員会,慶應義塾大学,イベント・企画（インカレ・学園祭等）,,X/Instagram/Web,x,softball_yagami,https://x.com/softball_yagami,https://instagram.com/keio_softball,https://linktr.ee/keiogirlssoftball,85,30,25,25,5,38,daaa82bf-bdba-4286-a469-baf9a0e2f251,,,
209,2,2026-09 第2バッチ,ボクシング部,京都大学,運動系（スポーツ・アウトドア）,,X/Instagram/Web,x,kuboxingteam12,https://x.com/KuBoxingTeam12,https://instagram.com/kyotouniv_boxing,https://www.kyoto-gakuseisaiten.com/shinkan_group/4157,65,30,10,20,5,16,2513b459-49f8-4ea2-8208-1d44e7cc4a3a,,,
210,2,2026-09 第2バッチ,ロータリーの会,早稲田大学,イベント・企画（インカレ・学園祭等）,44,X/Instagram/Web,x,rotary_waseda,https://x.com/rotary_waseda,https://instagram.com/rotary_waseda,https://rotarywaseda1920.wixsite.com/shinjuku-baba,90,30,25,25,10,39,1e9b9c9f-264d-4a01-a3f5-dd9badc3edb6,,,
211,2,2026-09 第2バッチ,体育会ヨット部,上智大学,運動系（スポーツ・アウトドア）,,X/Instagram/Web,x,sophiayacht,https://x.com/sophiayacht,https://instagram.com/sophia_yachtclub,https://sophia-sailing.jimdosite.com/,72,30,17,20,5,26,7ef75b95-2a5a-464d-8330-b276b7811e5d,,,
212,2,2026-09 第2バッチ,キライズ,慶應義塾大学,趣味・その他,84,X/Instagram/Web,website,https://info-jukusei.com/kiralyz20/,https://x.com/ksdc2022_,https://instagram.com/yamada_ymkn,https://info-jukusei.com/kiralyz20/,80,30,25,10,15,39,99569f51-c4d0-44bf-8731-1fd234299dce,,,
213,2,2026-09 第2バッチ,卓球部,北海道大学,運動系（スポーツ・アウトドア）,,X/Instagram/Web,x,peco_hokudai,https://x.com/Peco_Hokudai,https://instagram.com/hokumedtt,https://note.com/ki_duzu_ki/n/n23511d16fc11,63,30,8,20,5,12,1babcffb-3683-420a-8b5c-f76eb8478786,,,
214,2,2026-09 第2バッチ,早稲田台湾留学生会,早稲田大学,国際交流・語学,6060,Instagram/Web/LINE,instagram,wtsa.jp,,https://instagram.com/wtsa.jp,https://wtsa.weebly.com/,85,20,25,20,20,40,a135f729-3268-46ac-a447-6bc85e1f2ddd,,,
215,2,2026-09 第2バッチ,基礎スキー部,大阪大学,運動系（スポーツ・アウトドア）,,X/Instagram/Web,instagram,jungfrau,https://x.com/jungfrauosaka,https://instagram.com/jungfrau,https://hanndaidemoski.jimdofree.com/,63,30,8,20,5,13,39942397-1034-4f27-8754-5c3a592fd741,,,
216,2,2026-09 第2バッチ,体育会競技ダンス部,上智大学,運動系（スポーツ・アウトドア）,,X/Instagram/Web,x,sophiabrd,https://x.com/sophiabrd,https://instagram.com/sophia.brd,https://sophia-ballroomdance.jimdofree.com/sns/,72,30,17,20,5,27,816fd612-7302-477c-bcc1-59a8cd754aa3,,,
217,2,2026-09 第2バッチ,模擬国連国立研究会,一橋大学,国際交流・語学,,X/Instagram/Web,instagram,kunikenkoho,https://x.com/kuniken_shinkan,https://instagram.com/kunikenkoho,https://campus-map.jp/hit/club/115/,63,30,8,20,5,13,2ebaef2d-ed1a-4913-b6c1-e42a1978dcf4,,,
218,2,2026-09 第2バッチ,馬術部,東京大学,運動系（スポーツ・アウトドア）,,X/Instagram/Web,x,todai_uma,https://x.com/todai_uma,https://instagram.com/umatodai,https://uteq.jp/,65,30,10,20,5,16,1edcd93d-3ef8-4dcb-8f90-921e38a8bff5,,,
219,2,2026-09 第2バッチ,VOLLEYBALL ASSOCIATION,慶應義塾大学,趣味・その他,70,X/Instagram/Web,instagram,kva_2024,https://x.com/kvc_volleyball,https://instagram.com/kva_2024,https://info-jukusei.com/kva20201/,80,30,25,10,15,40,92e3efd2-bd56-42fb-ae93-0ed459051700,,,
220,2,2026-09 第2バッチ,陸上競技部,国際基督教大学,運動系（スポーツ・アウトドア）,40,X/Instagram/Web,x,icu_tf,https://x.com/icu_tf,https://instagram.com/icu_tandf,https://www.icu.ac.jp/campuslife/club/,64,30,4,20,10,6,608c3bc9-8bd6-4ab5-8f91-c27f1037533c,,,
221,2,2026-09 第2バッチ,漫画研究会,東北大学,文化系（音楽・演劇・アート）,21,X/Instagram/Web,x,mankentg41,https://x.com/mankentg41,https://instagram.com/tohoku_uni_recommend,https://www.gakuyukai.ihe.tohoku.ac.jp/wp-content/uploads/2024/04/all_pamphlet_2024-1.pdf,62,30,7,15,10,11,71b30e01-5d14-4d94-a085-1c6d2796980a,,,
222,2,2026-09 第2バッチ,早稲田大学ディズニー研究会,早稲田大学,学術・研究（ゼミ・研究会・勉強会）,406,X/Instagram/Web,x,wasedadken,https://x.com/Wasedadken,https://instagram.com/waseda.dken,http://wasedadken.com/,85,30,25,10,20,41,1e530975-b207-43f4-bb39-ea00fd719678,,,
223,2,2026-09 第2バッチ,持久走同好会かもかも,京都大学,運動系（スポーツ・アウトドア）,,X/Instagram/Web,x,kamokamo2024,https://x.com/kamokamo2024,https://instagram.com/ku.kamo.kamo_2023,https://campus-map.jp/kyoto/club/54/,65,30,10,20,5,17,2bbd1608-e780-4e8d-b02e-58dc81a09d1a,,,
224,2,2026-09 第2バッチ,アコースティックギター同好会,名古屋大学,文化系（音楽・演劇・アート）,67,X/Instagram/Web,x,acoustic_nu,https://x.com/Acoustic_NU,https://instagram.com/acoustic_nu,https://meidai-posters.jimdosite.com/%E3%82%AF%E3%83%A9%E3%83%96%E7%B4%B9%E4%BB%8B/,67,30,7,15,15,12,5bd46805-c5be-4c68-baf3-5b7db773c81f,,,
225,2,2026-09 第2バッチ,山岳部,九州大学,運動系（スポーツ・アウトドア）,,X/Instagram/Web,x,quac412,https://x.com/quac412,https://instagram.com/kyushu_university_alpine_club,https://zclimberquac.wixsite.com/quac412,62,30,7,20,5,12,17e0bd55-acfc-425f-b4bd-1dea72c0632c,,,
226,2,2026-09 第2バッチ,アイセック,慶應義塾大学,文化系（音楽・演劇・アート）,40,X/Instagram/Web,website,https://info-jukusei.com/aiseckolc/,https://x.com/Keio_Circle,https://instagram.com/aiesec_jp_keio,https://info-jukusei.com/aiseckolc/,80,30,25,15,10,41,31a11b0a-e61e-4396-b80f-6939f23bb8e4,,,
227,2,2026-09 第2バッチ,ＳｅｓＳｉｏｎ,早稲田大学,運動系（スポーツ・アウトドア）,294,X/Instagram,x,session_dance,https://x.com/session_dance,https://instagram.com/session_dance,,85,20,25,20,20,42,f85a96db-45a9-4a02-976a-65f86fcfa945,,,
228,2,2026-09 第2バッチ,バレーボール愛好会,上智大学,運動系（スポーツ・アウトドア）,,X/Instagram/Web,x,volleylove_s,https://x.com/volleylove_s,https://instagram.com/sophia_volleyballcircle,https://sophiavolleyballcircle.localinfo.jp/posts/7904853/,72,30,17,20,5,28,8610237b-19eb-40b6-ba9a-3940a94fceb6,,,
229,2,2026-09 第2バッチ,ローバースカウト,慶應義塾大学,文化系（音楽・演劇・アート）,40,X/Instagram/Web,website,https://info-jukusei.com/keio-circle-rover-2021/,https://x.com/keiorover,https://instagram.com/popular,https://info-jukusei.com/keio-circle-rover-2021/,80,30,25,15,10,42,a41e3d17-572a-4723-922c-fecf70de2353,,,
230,2,2026-09 第2バッチ,珈琲研究会,早稲田大学,学術・研究（ゼミ・研究会・勉強会）,200,X/Instagram/Web,x,waseda_kohiken,https://x.com/waseda_kohiken,https://instagram.com/waseda_kohiken,https://linktr.ee/waseda.kohiken,85,30,25,10,20,43,d05368fe-578e-4103-b5d4-a4f0f0d16b12,,,
231,2,2026-09 第2バッチ,美術部（大岡山）,東京科学大学,文化系（音楽・演劇・アート）,40,X/Instagram/Web,x,titech_artclub,https://x.com/titech_artclub,https://instagram.com/design_titech,https://fes.isct-se-students.jp/flyer,58,30,3,15,10,6,407c5af1-f895-4fa6-b2c0-ea2d22953f6c,,,
232,2,2026-09 第2バッチ,馬術部,北海道大学,運動系（スポーツ・アウトドア）,,X/Instagram/Web,x,hokudaibajutsu,https://x.com/hokudaibajutsu,https://instagram.com/hokudai_uma,https://gakumado.mynavi.jp/gmd/articles/58601,63,30,8,20,5,13,1bd788ab-7772-4bdf-8478-d2bb4a81ab4a,,,
233,2,2026-09 第2バッチ,陸上運動部,東京大学,運動系（スポーツ・アウトドア）,,X/Instagram/Web,x,uttfshinkan2023,https://x.com/uttfshinkan2023,https://instagram.com/todaitf_uttf,https://campus-map.jp/ut/club/141/,65,30,10,20,5,17,26811bcb-4e8d-47f7-8302-f3fb06ea9226,,,
234,2,2026-09 第2バッチ,スキューバダイビング部,大阪大学,運動系（スポーツ・アウトドア）,,X/Instagram/Web,instagram,oudc3000.,https://x.com/oudc3000,https://instagram.com/oudc3000.,http://www.ousu.jp/link.html,63,30,8,20,5,14,3eab8320-2e1b-43e0-b004-dd30b7e09244,,,
235,2,2026-09 第2バッチ,体育会男子バレーボール部,上智大学,運動系（スポーツ・アウトドア）,,X/Instagram/Web,x,volley_ballclub,https://x.com/Volley_ballClub,https://instagram.com/sophia_volleyballcircle,https://sophia-law4.hatenablog.com/entry/sophia_club%21_2,72,30,17,20,5,29,8a3f8385-e420-422a-898a-38beac705f00,,,
236,2,2026-09 第2バッチ,体育会スキー部,一橋大学,運動系（スポーツ・アウトドア）,,X/Instagram/Web,x,bosque47881022,https://x.com/bosque47881022,https://instagram.com/hit_ski,https://campus-map.jp/hit/club/47/,63,30,8,20,5,14,3b82c7d2-5d99-4411-a7e1-8651096c24f7,,,
237,2,2026-09 第2バッチ,レスリング部,京都大学,運動系（スポーツ・アウトドア）,,X/Instagram/Web,x,korenkan_t,https://x.com/korenkan_t,https://instagram.com/kyoto_ritsumeikan_wrestling,https://www.koho.metro.tokyo.lg.jp/2025/11/documents/202511.pdf,65,30,10,20,5,18,2ff4e9ce-c8b4-40af-a29f-261f5968178a,,,
238,2,2026-09 第2バッチ,茶道会,慶應義塾大学,文化系（音楽・演劇・アート）,37,X/Instagram/Web,website,https://info-jukusei.com/keiosado/,https://x.com/keiosado,https://instagram.com/keiosado,https://info-jukusei.com/keiosado/,80,30,25,15,10,43,76e72fd9-f6e6-48b7-a167-7b627947f07b,,,
239,2,2026-09 第2バッチ,Waseda University　Breakerz（W.U.B）,早稲田大学,運動系（スポーツ・アウトドア）,185,X/Instagram,x,w_u_b,https://x.com/w_u_b,https://instagram.com/wub_1985,,85,20,25,20,20,44,dc62a833-7ff6-44a8-8029-1fd2851f926e,,,
240,2,2026-09 第2バッチ,軟式野球部,東北大学,運動系（スポーツ・アウトドア）,,X/Instagram/Web,x,volts_baseball,https://x.com/volts_baseball,https://instagram.com/drop_outs_baseball,https://www.gakuyukai.ihe.tohoku.ac.jp/club/%E8%BB%9F%E5%BC%8F%E9%87%8E%E7%90%83%E3%82%B5%E3%83%BC%E3%82%AF%E3%83%AB-%E3%83%AC%E3%82%A4%E3%83%80%E3%83%BC%E3%82%B9/,62,30,7,20,5,12,00faf603-a11c-4090-9b56-2c67f5614bda,,,
241,2,2026-09 第2バッチ,日本コリア交流サークル,慶應義塾大学,文化系（音楽・演劇・アート）,20,X/Instagram/Web,x,knock_iir,https://x.com/knock_iir,https://instagram.com/ink_keio,https://info-jukusei.com/ink_keio/,80,30,25,15,10,44,8f10a9cc-dbf1-4993-8d1c-584f8c23b912,,,
242,2,2026-09 第2バッチ,サッカー観戦会,早稲田大学,運動系（スポーツ・アウトドア）,170,X/Instagram,x,skk_waseda,https://x.com/skk_waseda,https://instagram.com/soccerkansenkai,,85,20,25,20,20,45,6baf957f-9aa6-43ac-8c62-3c8b61ba19f8,,,
243,2,2026-09 第2バッチ,体育会弓道部,上智大学,運動系（スポーツ・アウトドア）,,X/Instagram/Web,instagram,sophiakyudo2021,https://x.com/kyuyukai_sophia,https://instagram.com/sophiakyudo2021,https://sophiakyudo2020.wixsite.com/website,72,30,17,20,5,30,973178df-721d-4075-b076-9c849db75fea,,,
244,2,2026-09 第2バッチ,ギターマンドリンクラブ,名古屋大学,文化系（音楽・演劇・アート）,67,X/Instagram/Web,x,meidaimandlin,https://x.com/meidaimandlin,https://instagram.com/ncu_gmc,https://meidai-posters.jimdosite.com/%E3%82%AF%E3%83%A9%E3%83%96%E7%B4%B9%E4%BB%8B/,67,30,7,15,15,13,a632d4e5-0375-4d7f-afe1-36f2377ed6a5,,,
245,2,2026-09 第2バッチ,ソフトテニス部,九州大学,運動系（スポーツ・アウトドア）,,X/Instagram/Web,x,kyui_softtennis,https://x.com/kyui_softtennis,https://instagram.com/9dai.softtennis,https://qdai-softtennis.jimdofree.com/,62,30,7,20,5,13,1ac44678-2d5d-4cc8-be79-e87bd77e94f5,,,
246,2,2026-09 第2バッチ,軟式庭球部,東京大学,運動系（スポーツ・アウトドア）,,X/Instagram/Web,instagram,utsofttennis,https://x.com/todai_tennis,https://instagram.com/utsofttennis,https://campus-map.jp/ut/club/356/,65,30,10,20,5,18,272e5117-5d45-4ba2-ac7e-05f1476ca513,,,
247,2,2026-09 第2バッチ,弓道部(医学部),慶應義塾大学,運動系（スポーツ・アウトドア）,19,X/Instagram/Web,x,kmkyudo,https://x.com/kmkyudo,https://instagram.com/keiomed_kyudo,https://info-jukusei.com/kmkyudo/,80,30,25,20,5,45,1ea4a22e-7813-48f2-8a8b-aec80a1e232a,,,
248,2,2026-09 第2バッチ,FC GUSTA,早稲田大学,運動系（スポーツ・アウトドア）,150,X/Instagram,x,fcgusta,https://x.com/fcgusta,https://instagram.com/fcgusta_waseda,,85,20,25,20,20,46,885e3a05-11f5-4071-b061-9c4d3778a076,,,
249,2,2026-09 第2バッチ,自転車競技部,京都大学,運動系（スポーツ・アウトドア）,,X/Instagram/Web,x,kucrt2026,https://x.com/kucrt2026,https://instagram.com/kyotouniv.cyclingclub,https://kucrt.parallel.jp/,65,30,10,20,5,19,322a5afc-ec65-47b6-a895-7e3e8b0051dd,,,
250,2,2026-09 第2バッチ,空手道部,大阪大学,運動系（スポーツ・アウトドア）,,X/Instagram/Web,x,ou_karatedo,https://x.com/ou_karatedo,https://instagram.com/ou.karatedo,https://oukkaratedo.jimdofree.com/,63,30,8,20,5,15,3fa371b0-0bcc-45bc-beca-f59cf23194bc,,,
251,2,2026-09 第2バッチ,体育会男子ラクロス部,上智大学,運動系（スポーツ・アウトドア）,,X/Instagram/Web,x,sophia_menslax,https://x.com/Sophia_menslax,https://instagram.com/sophia_mens_lacrosse2026,https://sophialax-siouxwarriors.com/blog/index/id/15448,72,30,17,20,5,31,a2733903-b460-460b-b73a-adc219718a6d,,,
252,2,2026-09 第2バッチ,応援団,北海道大学,運動系（スポーツ・アウトドア）,,X/Instagram/Web,instagram,ouendan_hu,https://x.com/hokudaiousui,https://instagram.com/ouendan_hu,https://www.hokudaishinbun.com/2020/04/28/3720/,63,30,8,20,5,14,1eed8b37-e837-4a34-9ab8-79015e4c61f5,,,
253,2,2026-09 第2バッチ,体育会ゴルフ部,一橋大学,運動系（スポーツ・アウトドア）,,X/Instagram/Web,x,churogerwoods,https://x.com/churogerwoods,https://instagram.com/hitgolfclub,https://1284golf.com/,63,30,8,20,5,15,3d06d9ab-5d76-49f9-9d26-e488fa910253,,,
254,2,2026-09 第2バッチ,スケート部（医学部）,慶應義塾大学,運動系（スポーツ・アウトドア）,16,X/Instagram/Web,website,https://info-jukusei.com/keiomedhockey19/,https://x.com/keiofigure,https://instagram.com/keiomedicehockey,https://info-jukusei.com/keiomedhockey19/,80,30,25,20,5,46,4a4e2445-446f-4558-aaa9-8fc723ad05a4,,,
255,2,2026-09 第2バッチ,早稲田大学よさこいチーム東京花火,早稲田大学,運動系（スポーツ・アウトドア）,150,X/Instagram,x,tokyohanabi4351,https://x.com/tokyohanabi4351,https://instagram.com/tokyo_hanabi,,85,20,25,20,20,47,d1eb6444-ed39-46e9-a4ea-bf24af0d9063,,,
256,2,2026-09 第2バッチ,硬式野球部,国際基督教大学,運動系（スポーツ・アウトドア）,40,X/Instagram/Web,instagram,icubaseball,https://x.com/ICU_papoose,https://instagram.com/icubaseball,https://www.icu.ac.jp/campuslife/club/,64,30,4,20,10,7,65baee20-6f79-4605-b6f0-b1d254b17be9,,,
257,2,2026-09 第2バッチ,逗葉ヨットクラブ,慶應義塾大学,運動系（スポーツ・アウトドア）,15,X/Instagram/Web,x,keiozuyo,https://x.com/keiozuyo,https://instagram.com/keio_zuyo,https://info-jukusei.com/keiozuyo/,80,30,25,20,5,47,3d3a1f85-88c4-4890-bb60-f6c727ea185c,,,
258,2,2026-09 第2バッチ,マーケティング研究会,早稲田大学,学術・研究（ゼミ・研究会・勉強会）,122,X/Instagram/Web,x,wasedamarketing,https://x.com/wasedamarketing,https://instagram.com/wasedamarketing,https://wasedamarketing.net/,85,30,25,10,20,48,ba030807-95c0-451a-961d-94d5c8297d0d,,,
259,2,2026-09 第2バッチ,体育会硬式庭球部（男子）,上智大学,運動系（スポーツ・アウトドア）,,X/Instagram/Web,x,sophiantennis,https://x.com/SophianTennis,https://instagram.com/renmei_2025,https://sophia45363549.wordpress.com/,72,30,17,20,5,32,a3c9d483-8d60-4372-aaf2-64ded3508323,,,
260,2,2026-09 第2バッチ,応援部,東京大学,運動系（スポーツ・アウトドア）,,X/Instagram/Web,x,todai_ouen,https://x.com/todai_ouen,https://instagram.com/popular,https://www.todai-ouen.com/,65,30,10,20,5,19,2ca4e2e1-86be-44fe-a28a-e46c0e99ba08,,,
261,2,2026-09 第2バッチ,フェンシング部,東北大学,運動系（スポーツ・アウトドア）,,X/Instagram/Web,x,tohoku_univ_fen,https://x.com/tohoku_univ_fen,https://instagram.com/tohoku_univ_fen,https://tohoku-gakuin.com/%E3%83%95%E3%82%A7%E3%83%B3%E3%82%B7%E3%83%B3%E3%82%B0%E9%83%A8/,62,30,7,20,5,13,0b368a6b-2906-421b-9992-80be58a830a8,,,
262,2,2026-09 第2バッチ,名大祭実行委員会,名古屋大学,イベント・企画（インカレ・学園祭等）,,X/Instagram/Web,x,meidaisai_nu,https://x.com/meidaisai_NU,https://instagram.com/meidaisai_nstagram,https://meidaisai.com/65th/shinkan/,67,30,7,25,5,14,959d8b82-fce2-4b62-a5fc-dc4c1eb3daad,,,
263,2,2026-09 第2バッチ,航空部,九州大学,運動系（スポーツ・アウトドア）,,X/Instagram/Web,x,quac_hakuun,https://x.com/QUAC_hakuun,https://instagram.com/quac.2509,https://tamahiyo2020.jimdofree.com/%E3%82%B5%E3%83%BC%E3%82%AF%E3%83%AB%E7%B4%B9%E4%BB%8B/%E9%81%8B%E5%8B%95%E7%B3%BB%E3%82%B5%E3%83%BC%E3%82%AF%E3%83%AB%E7%B4%B9%E4%BB%8B-%E3%81%9D%E3%81%AE%EF%BC%92/,62,30,7,20,5,14,2b5f62c2-9971-4584-9790-6636da645594,,,
264,2,2026-09 第2バッチ,西部講堂連絡協議会,京都大学,運動系（スポーツ・アウトドア）,,X/Instagram/Web,x,seirenkyo,https://x.com/seirenkyo,https://instagram.com/bakutokyoto,https://www.pref.saga.lg.jp/kiji00320003/3_20003_231710_up_3o2jh260.pdf,65,30,10,20,5,20,33d84ac1-fb2d-4e29-bc93-9b2e2ff845f9,,,
265,2,2026-09 第2バッチ,バスケットボール部（医学部）,慶應義塾大学,運動系（スポーツ・アウトドア）,15,X/Instagram/Web,x,keiomedbasket,https://x.com/keiomedbasket,https://instagram.com/keiomedbasket,https://info-jukusei.com/keiowbasketball/,80,30,25,20,5,48,68d3aa52-f7fc-4387-aee2-0f1c43fd4f48,,,
266,2,2026-09 第2バッチ,＠アットマーク,早稲田大学,運動系（スポーツ・アウトドア）,120,X/Instagram,x,2023_atmark,https://x.com/2023_atmark,https://instagram.com/2023_ATMARK,,85,20,25,20,20,49,c1cb2713-2cf2-4ff4-ba91-7ca146405814,,,
267,2,2026-09 第2バッチ,航空部,大阪大学,運動系（スポーツ・アウトドア）,,X/Instagram/Web,x,oitavc2025,https://x.com/oitavc2025,https://instagram.com/oit_kouku50,https://www.omu.ac.jp/campus-life/activities/list/glider/index.html,63,30,8,20,5,16,549f74ed-7112-4168-ae73-f8489c11fcd4,,,
268,2,2026-09 第2バッチ,体育会男子バスケットボール部,上智大学,運動系（スポーツ・アウトドア）,,X/Instagram/Web,x,sophiamensbbc,https://x.com/sophiamensbbc,https://instagram.com/sophia.mbbc,https://sophia-law4.hatenablog.com/entry/sophia_club%21_2,72,30,17,20,5,33,b664e8ed-fde0-47a2-9e8b-1ec76663aa40,,,
269,2,2026-09 第2バッチ,軟式野球シーラカンス,北海道大学,運動系（スポーツ・アウトドア）,,X/Instagram/Web,x,hucoela,https://x.com/HUcoela,https://instagram.com/coela_baseball,https://hubcnavi.net/coelacanth,63,30,8,20,5,15,2039a65a-5a98-46a3-8d70-49046a682d1a,,,
270,2,2026-09 第2バッチ,バスケットボール部,一橋大学,運動系（スポーツ・アウトドア）,,X/Instagram/Web,website,https://lit.link/hitbbredpenguins,https://x.com/rohninshinkan23,https://instagram.com/rohnin1284,https://lit.link/hitbbredpenguins,63,30,8,20,5,16,3d6ebe74-2204-4b69-b474-f79c95abc73a,,,
271,2,2026-09 第2バッチ,レモルクスキークラブ,慶應義塾大学,運動系（スポーツ・アウトドア）,13,X/Instagram/Web,x,les_moluques,https://x.com/Les_Moluques,https://instagram.com/keio.les_moluques_ski,https://info-jukusei.com/les_moluques/,80,30,25,20,5,49,73df1155-ef6f-4402-886c-cd9f612bd5b4,,,
272,2,2026-09 第2バッチ,DA早稲田大学ハリー・ポッター研究会,早稲田大学,学術・研究（ゼミ・研究会・勉強会）,114,X/Instagram/Web,x,da_wasedacircle,https://x.com/da_wasedacircle,https://instagram.com/da_waseda_harrypotter,https://dawaseda.wixsite.com/mysite-1,85,30,25,10,20,50,5a6bb7a8-240a-4511-ac26-65a2a5cbfd47,,,
273,2,2026-09 第2バッチ,演劇研究部,東京科学大学,文化系（音楽・演劇・アート）,40,X/Instagram/Web,instagram,titech_engeki,https://x.com/otc,https://instagram.com/titech_engeki,https://fes.isct-se-students.jp/flyer,58,30,3,15,10,7,a43f5322-24e8-4ee8-964c-59e6a907b0e1,,,
274,2,2026-09 第2バッチ,硬式野球部,東京大学,運動系（スポーツ・アウトドア）,,X/Instagram/Web,x,utokyo_tukbb,https://x.com/utokyo_tukbb,https://instagram.com/ut.teiyukai,https://campus-map.jp/ut/club/47/,65,30,10,20,5,20,314386d8-f23f-4dca-8f7b-812abe5aecb0,,,
275,2,2026-09 第2バッチ,地理学研究会,早稲田大学,学術・研究（ゼミ・研究会・勉強会）,110,X/Instagram/Web/LINE,x,geo_waseda,https://x.com/geo_waseda,https://instagram.com/geo.waseda,https://geowaseda1950.localinfo.jp/,85,30,25,10,20,51,8ee9ea89-360c-4de9-88c4-0849a29a8dc2,,,
276,2,2026-09 第2バッチ,上智大学剣道同好会,上智大学,運動系（スポーツ・アウトドア）,,X/Instagram/Web,instagram,sophia_kensoc,https://x.com/sophia_kensoc,https://instagram.com/sophia_kensoc,https://sophia-kensoc-blog.jimdofree.com/,72,30,17,20,5,34,bef1a19c-ae52-432e-99d8-bd255786be8f,,,
277,2,2026-09 第2バッチ,バレーボール部,慶應義塾大学,運動系（スポーツ・アウトドア）,13,X/Instagram/Web,website,https://info-jukusei.com/keiowomenvolley/,https://x.com/kvc_volleyball,https://instagram.com/official_kvc,https://info-jukusei.com/keiowomenvolley/,80,30,25,20,5,50,dc37946f-32eb-4b51-8dd0-0276661c1f4f,,,
278,2,2026-09 第2バッチ,空手同好会,京都大学,運動系（スポーツ・アウトドア）,,X/Instagram/Web,x,ku_seidokarate,https://x.com/KU_seidokarate,https://instagram.com/kyodai_karatedo,https://campus-map.jp/kyoto/club/78/,65,30,10,20,5,21,379c3823-23a1-47bb-aee2-35bd0e80dbba,,,
279,2,2026-09 第2バッチ,軟式野球部,名古屋大学,運動系（スポーツ・アウトドア）,19,X/Instagram/Web,x,edamame26376,https://x.com/edamame26376,https://instagram.com/chuck_nitech,https://www.sugiyama-u.ac.jp/univ/campus/club/mtcov30000000i5x-att/club_guide_2025.pdf,62,30,7,20,5,15,2c17dab4-fa0e-449b-b9b0-b2e0c66b1e58,,,
280,2,2026-09 第2バッチ,卓球部,九州大学,運動系（スポーツ・アウトドア）,,X/Instagram/Web,x,ttcqdai,https://x.com/TtcQdai,https://instagram.com/kyushu_univ_tabletennis,https://www.nankyudai.ac.jp/campuslife/club/,62,30,7,20,5,15,2dad0d55-b120-41ad-947c-2fee66ab9633,,,
281,2,2026-09 第2バッチ,Music & Movie Gatherin' （MMG）,早稲田大学,趣味・その他,105,X/Instagram/Web,x,waseda_mmg,https://x.com/waseda_mmg,https://instagram.com/waseda_mmg,http://www.waseda-mmg.net/,85,30,25,10,20,52,2d88eb8f-e231-458c-a348-398f3eaa66fa,,,
282,2,2026-09 第2バッチ,スキー部,慶應義塾大学,運動系（スポーツ・アウトドア）,11,X/Instagram/Web,instagram,keioskiteam_official,https://x.com/riesen_2025,https://instagram.com/keioskiteam_official,https://info-jukusei.com/keio-circle-pure-2021/,80,30,25,20,5,51,9ce9ab61-bf48-4b16-b2e8-8f31740fcf7e,,,
283,2,2026-09 第2バッチ,弓道サークルZansin,東北大学,運動系（スポーツ・アウトドア）,,X/Instagram/Web,x,zanshintu,https://x.com/ZanshinTU,https://instagram.com/zansin.sinkan.2026,https://twstalker.com/zansin2025,62,30,7,20,5,14,1299f3de-0c2e-4de9-b074-8d15e000a614,,,
284,2,2026-09 第2バッチ,アスペンスキークラブ,上智大学,運動系（スポーツ・アウトドア）,,X/Instagram/Web,x,aspenskiclub,https://x.com/aspenskiclub,https://instagram.com/aspenskiclub,https://www.fujisan.co.jp/zasshi_kensaku/1243700/?q=%E5%90%8C%E5%A5%BD,72,30,17,20,5,35,c7a1e356-0458-4bbe-9799-d47d0116f3fd,,,
285,2,2026-09 第2バッチ,応援団,大阪大学,運動系（スポーツ・アウトドア）,,X/Instagram/Web,instagram,handai_oh_endan,https://x.com/oucp1962,https://instagram.com/handai_oh_endan,https://www.oucp1962.com/about,63,30,8,20,5,17,56c5c9be-11ed-4490-86fd-eb176d260749,,,
286,2,2026-09 第2バッチ,水泳部,一橋大学,運動系（スポーツ・アウトドア）,,X/Instagram/Web,x,hit_swim2023,https://x.com/hit_swim2023,https://instagram.com/swimshinkan2022,https://campus-map.jp/hit/club/17/,63,30,8,20,5,17,40ea3cc7-5f7c-43fc-aa6f-1d4a04d2f914,,,
287,2,2026-09 第2バッチ,環境ロドリゲス,早稲田大学,学術・研究（ゼミ・研究会・勉強会）,105,X/Instagram/Web,x,er_rodo,https://x.com/ER_rodo,https://instagram.com/er_rodo,https://www.envrodorigues.com,85,30,25,10,20,53,8f5926aa-46b7-41a6-adfd-8113ea2ab897,,,
288,2,2026-09 第2バッチ,馬術部（医学部）,慶應義塾大学,運動系（スポーツ・アウトドア）,5,X/Instagram/Web,x,keiomed_umabu,https://x.com/keiomed_umabu,https://instagram.com/keio_med_equestrian,https://info-jukusei.com/keiomed_umabu/,80,30,25,20,5,52,cd74ccca-8d6c-43c6-9800-49d75cf2ad53,,,
289,2,2026-09 第2バッチ,山岳部,北海道大学,運動系（スポーツ・アウトドア）,,X/Instagram/Web,x,hokudai_sangaku,https://x.com/hokudai_sangaku,https://instagram.com/huwa_arukukai,https://hubcnavi.net/aach,63,30,8,20,5,16,2104ebc3-f55c-4e79-b62b-b1e0b711f4f3,,,
290,2,2026-09 第2バッチ,アメリカンフットボール部,東京大学,運動系（スポーツ・アウトドア）,,X/Instagram/Web,instagram,tokyo_warriors,https://x.com/vikings_recruit,https://instagram.com/tokyo_warriors,https://www.tokyowarriors.com/,65,30,10,20,5,21,32b12776-b4ca-4f29-9f19-d9914c23ad2e,,,
291,2,2026-09 第2バッチ,ゴルフ部,京都大学,運動系（スポーツ・アウトドア）,,X/Instagram/Web,x,kualbatross,https://x.com/kualbatross,https://instagram.com/kyotogaidai.golf,https://www.kufs.ac.jp/news/detail.html?id=NI2kSY2p,65,30,10,20,5,22,3a27efb9-4ca2-4cb6-8d24-abede675cb40,,,
292,2,2026-09 第2バッチ,Twinkle,早稲田大学,運動系（スポーツ・アウトドア）,105,X/Instagram,x,twinkle_waseda,https://x.com/twinkle_waseda,https://instagram.com/twinkle_waseda,,85,20,25,20,20,54,a12a6ea2-1f95-4ba1-8b96-3749692b7200,,,
293,2,2026-09 第2バッチ,体育会ゴルフ部,上智大学,運動系（スポーツ・アウトドア）,,X/Instagram/Web,x,sophiagolfteam,https://x.com/sophiagolfteam,https://instagram.com/sophiagolfer,https://sophiagolfteam.wixsite.com/officialsite,72,30,17,20,5,36,d06f903f-b6bd-4976-a4d4-c0d572df7f72,,,
294,2,2026-09 第2バッチ,中部慶應学生会,慶應義塾大学,運動系（スポーツ・アウトドア）,2,X/Instagram/Web,website,https://www.jukushin.com/archives/37578,https://x.com/keiokarutakai,https://instagram.com/keiotf_shinkan,https://www.jukushin.com/archives/37578,80,30,25,20,5,53,aa53a4cb-bae4-4c2d-88c5-2ec04002d88e,,,
295,2,2026-09 第2バッチ,FOOTLOOSE（テニス）,国際基督教大学,運動系（スポーツ・アウトドア）,40,X/Instagram/Web,x,icu_footloose,https://x.com/icu_footloose,https://instagram.com/icu_footloose,https://www.icu.ac.jp/campuslife/club/,64,30,4,20,10,8,6c151a04-2075-4496-ae8a-77021eaa4af3,,,
296,2,2026-09 第2バッチ,卓球同好会(WTTS),早稲田大学,運動系（スポーツ・アウトドア）,100,X/Web,x,wtts_2020,https://x.com/wtts_2020,,https://www.waseda-tabletennis-wtts.com/,85,20,25,20,20,55,be942309-c974-4043-a87a-7ac75188a260,,,
297,2,2026-09 第2バッチ,端艇部（医学部）,慶應義塾大学,運動系（スポーツ・アウトドア）,,X/Instagram/Web,instagram,ko__medboat,https://x.com/Keio_Circle,https://instagram.com/ko__medboat,https://linktr.ee/Keio_Rowing,80,30,25,20,5,54,00fde507-542d-49dd-ba9b-53359f3215f6,,,
298,2,2026-09 第2バッチ,陸上競技部,九州大学,運動系（スポーツ・アウトドア）,,X/Instagram/Web,x,qumedtf,https://x.com/qumedtf,https://instagram.com/kyushu_univ_tf,https://kyuuirikujouhp.wixsite.com/website-1/%E3%83%AA%E3%83%B3%E3%82%AF,62,30,7,20,5,16,3129def8-39ff-4a9a-ab91-ba34b982805b,,,
299,2,2026-09 第2バッチ,サッカー部,名古屋大学,運動系（スポーツ・アウトドア）,5,X/Instagram/Web,x,msdkk1979,https://x.com/msdkk1979,https://instagram.com/msd_soccer,https://ameblo.jp/nagoyaunivfc1940/entry-12590062657.html,62,30,7,20,5,16,7ae31f11-cc30-44dd-aace-8af4f46c3f0c,,,
300,2,2026-09 第2バッチ,上智大学サッカー愛好会EAGLE,上智大学,運動系（スポーツ・アウトドア）,,X/Instagram/Web,x,eagle_1964,https://x.com/EAGLE_1964,https://instagram.com/fc.eagle_sophia,https://be4do.com/column/6201/,72,30,17,20,5,37,d1d4ee69-0dc2-4c40-bcad-1e76e3988c00,,,
301,2,2026-09 第2バッチ,女子バドミントン部,大阪大学,運動系（スポーツ・アウトドア）,,X/Instagram/Web,instagram,dazs21st.22nd.2026,https://x.com/handaisyoukai,https://instagram.com/dazs21st.22nd.2026,https://badmintonzoo.jimdofree.com/,63,30,8,20,5,18,5812c243-9d99-45d8-a3af-6ccc9939ab3a,,,
302,2,2026-09 第2バッチ,軟式庭球部,東北大学,運動系（スポーツ・アウトドア）,,X/Instagram/Web,x,thuv_stc_new,https://x.com/thuv_stc_new,https://instagram.com/tohoku_soft_tennis,https://tohoku.2025.giving-campaign.jp/groups?id=cda1cef1-b943-4654-8451-0703d4f2ffe4,62,30,7,20,5,15,1709146d-9608-43ed-bb77-9b162b1d42f1,,,
303,2,2026-09 第2バッチ,ラクロス部男子,東京大学,運動系（スポーツ・アウトドア）,,X/Instagram/Web,x,tokyo_mens_lax,https://x.com/tokyo_mens_lax,https://instagram.com/todai_mens_lacrosse_recruit,https://u-tokyo.2024.giving-campaign.jp/groups?id=157ee9aa-dbf5-4fb8-a418-97011b46ae8c,65,30,10,20,5,22,3c933ec1-03d3-4680-991a-0e5ec2afea80,,,
304,2,2026-09 第2バッチ,写真部,早稲田大学,文化系（音楽・演劇・アート）,96,X/Instagram/Web,x,wphoto101,https://x.com/wphoto101,https://instagram.com/wpsgramofficial,https://www.wps-exhibition.com/activities,85,30,25,15,15,56,10fe7db4-e11f-486a-96ef-fdff58f6d750,,,
305,2,2026-09 第2バッチ,水泳部,京都大学,運動系（スポーツ・アウトドア）,,X/Instagram/Web,x,kyotounivst,https://x.com/KyotoUnivST,https://instagram.com/official_miconos,https://campus-map.jp/kyoto/club/84/,65,30,10,20,5,23,3c4460d2-17e8-4fc1-9568-50487ad65c34,,,
306,2,2026-09 第2バッチ,ハンドボールサークルshots,一橋大学,運動系（スポーツ・アウトドア）,,X/Instagram/Web,x,shots_handball,https://x.com/shots_handball,https://instagram.com/shots_handball,https://search.yahoo.co.jp/realtime/search/%23%E4%B8%80%E6%A9%8B%E5%A4%A7%E5%AD%A6/?p=%23%E4%B8%80%E6%A9%8B%E5%A4%A7%E5%AD%A6&ei=UTF-8&mtype=image,63,30,8,20,5,18,4475c068-7376-4500-b1b2-4d62a8fb4524,,,
307,2,2026-09 第2バッチ,アメリカンフットボール部(理工学部),慶應義塾大学,運動系（スポーツ・アウトドア）,,X/Instagram/Web,x,keiobison,https://x.com/keiobison,https://instagram.com/keio.rikotai_bison,https://info-jukusei.com/keiobison/,80,30,25,20,5,55,07540b46-e53d-4d63-9d23-d795075ac4d8,,,
308,2,2026-09 第2バッチ,バドミントン部,北海道大学,運動系（スポーツ・アウトドア）,,X/Instagram/Web,x,hokuibadminton,https://x.com/Hokuibadminton,https://instagram.com/hokui_badminto,https://hubcnavi.net/mintbad,63,30,8,20,5,17,28bb5e69-8a1e-4140-a418-d87ddd596efc,,,
309,2,2026-09 第2バッチ,WHABITAT,早稲田大学,ボランティア・NPO,87,X/Instagram/Web,x,whabitat,https://x.com/WHABITAT,https://instagram.com/whabinsta,https://whabitatwaseda.wixsite.com/whabitat,85,30,25,15,15,57,cad09b62-20d1-452e-99a4-8ca7f5aac943,,,
310,2,2026-09 第2バッチ,体育会洋弓部,上智大学,運動系（スポーツ・アウトドア）,,X/Instagram/Web,x,sophiaarchery,https://x.com/sophiaarchery,https://instagram.com/sophiaarchery_official,https://sophia-archeryclub.wixsite.com/aihposarchery53,72,30,17,20,5,38,daaf9488-3248-4325-91cd-366d289093bb,,,
311,2,2026-09 第2バッチ,サイクル部,慶應義塾大学,運動系（スポーツ・アウトドア）,,X/Instagram/Web,website,https://orientation.keio-zenkyo.net/circle2025/38,https://x.com/OpenKcc,https://instagram.com/cycling_club_kcc,https://orientation.keio-zenkyo.net/circle2025/38,80,30,25,20,5,56,08b37cbc-5d87-444b-8341-b148f298583f,,,
312,2,2026-09 第2バッチ,体操部,東京科学大学,運動系（スポーツ・アウトドア）,8,X/Instagram/Web,x,titech_gym,https://x.com/titech_gym,https://instagram.com/titechgym,https://titech.info/circle/103,58,30,3,20,5,8,146e56ca-242f-4157-a046-ba422ecbb5b3,,,
313,2,2026-09 第2バッチ,早稲田大学ジャズダンスサークルOasis,早稲田大学,文化系（音楽・演劇・アート）,83,X/Instagram/Web,x,waseda_oasis,https://x.com/waseda_oasis,https://instagram.com/oasis.waseda,https://wsdoasis.wixsite.com/oasisjazz,85,30,25,15,15,58,ce99cc76-ca4b-4e04-b041-d1b2e8c0ce77,,,
314,2,2026-09 第2バッチ,トライアスロン部TeamJ.,慶應義塾大学,運動系（スポーツ・アウトドア）,,X/Instagram/Web,x,keioteamj,https://x.com/keioteamj,https://instagram.com/keioteamj,https://keio-teamj-triathlon.com/blog/%E6%96%B0%E6%AD%93%E3%83%AA%E3%83%AC%E3%83%BC%E3%83%96%E3%83%AD%E3%82%B0%E2%91%A6/,80,30,25,20,5,57,09f18a35-fb09-4453-8ce4-92b7bf2387ad,,,
315,2,2026-09 第2バッチ,フェンシング部,京都大学,運動系（スポーツ・アウトドア）,,X/Instagram/Web,x,welcomefencing,https://x.com/welcomefencing,https://instagram.com/kyotouniv.fencing,https://campus-map.jp/kyoto/club/70/,65,30,10,20,5,24,45b1e9bb-7d66-4c66-b63b-a19a4062988c,,,
316,2,2026-09 第2バッチ,MINTバドミントン同好会（ミント）,上智大学,運動系（スポーツ・アウトドア）,,X/Instagram/Web,x,bad_mint,https://x.com/bad_mint,https://instagram.com/sophia_university_mint,https://arlidj.com/portfolio/life-is-like-a-beautiful-melody/,72,30,17,20,5,39,dff0faea-da1e-45a8-9549-4c721cc7b327,,,
317,2,2026-09 第2バッチ,漕艇部,東京大学,運動系（スポーツ・アウトドア）,,X/Instagram/Web,x,ut_rc,https://x.com/ut_rc,https://instagram.com/todairowing,https://u-tokyo.2025.giving-campaign.jp/groups?id=66564629-acac-4372-b68d-27474d147ffd,65,30,10,20,5,23,400546dd-de8a-41a6-aa50-d1d8c8bf9d37,,,
318,2,2026-09 第2バッチ,ボクシング部,大阪大学,運動系（スポーツ・アウトドア）,,X/Instagram/Web,x,handai_boxing2,https://x.com/handai_boxing2,https://instagram.com/handai_boxing,https://www.ouhs.jp/ouhs-athletics/boxing/introduction/,63,30,8,20,5,19,5ab66492-e7db-4748-99a2-ac6ca0afa3e1,,,
319,2,2026-09 第2バッチ,アーチェリー部,名古屋大学,運動系（スポーツ・アウトドア）,,X/Instagram/Web,x,nuarchery,https://x.com/nuarchery,https://instagram.com/nanzan_archery,https://note.com/nagoyauniversity/n/nd9d410a30793,62,30,7,20,5,17,002e59d9-d041-4893-ac46-537a34e06c90,,,
320,2,2026-09 第2バッチ,少林寺拳法部,九州大学,運動系（スポーツ・アウトドア）,,X/Instagram/Web,x,qskc50th_pr,https://x.com/qskc50th_pr,https://instagram.com/qu_shorinji,https://qusc.wiki.fc2.com/,62,30,7,20,5,17,31ff1aa0-3b28-42e2-b7c4-193f8b27d029,,,
321,2,2026-09 第2バッチ,早稲田大学書道パフォーマンスサークル漣,早稲田大学,文化系（音楽・演劇・アート）,77,X/Instagram/Web,x,waseda_sazanami,https://x.com/WASEDA_SAZANAMI,https://instagram.com/waseda_sazanami,https://wasedasazanami.wixsite.com/-site-2,85,30,25,15,15,59,43889ce2-b17d-4747-9a0e-3952eaa92231,,,
322,2,2026-09 第2バッチ,バレーボール部(理工学部),慶應義塾大学,運動系（スポーツ・アウトドア）,,X/Instagram/Web,website,https://orientation.keio-zenkyo.net/circle2025/166,https://x.com/kvc_volleyball,https://instagram.com/official_kvc,https://orientation.keio-zenkyo.net/circle2025/166,80,30,25,20,5,58,0c778553-373d-40cc-a9a2-ecb693c95c79,,,
323,2,2026-09 第2バッチ,山友会,一橋大学,運動系（スポーツ・アウトドア）,,X/Instagram/Web,x,sunyou_kai,https://x.com/sunyou_kai,https://instagram.com/hitotsubashi_alpine,https://campus-map.jp/hit/club/157/,63,30,8,20,5,19,60e1a65a-f6d3-4755-a752-fac4371b183c,,,
324,2,2026-09 第2バッチ,剣道部,東北大学,運動系（スポーツ・アウトドア）,,X/Instagram/Web,x,tohoku_kendo,https://x.com/tohoku_kendo,https://instagram.com/tohoku_kendo_circle,https://www.gakuyukai.ihe.tohoku.ac.jp/club/%E5%89%A3%E9%81%93%E3%82%B5%E3%83%BC%E3%82%AF%E3%83%AB/,62,30,7,20,5,16,21d5a4a2-ba8b-4860-a4f6-7d02986e6385,,,
325,2,2026-09 第2バッチ,山スキー部,北海道大学,運動系（スポーツ・アウトドア）,,X/Instagram/Web,x,yamaskibu,https://x.com/yamaskibu,https://instagram.com/hokudai_racing_ski,https://husvyamaski.com/,63,30,8,20,5,18,2ab1948d-fdd1-4e84-9966-78e28c94e25c,,,
326,2,2026-09 第2バッチ,早稲田大学リコシャ写真部,早稲田大学,文化系（音楽・演劇・アート）,64,X/Instagram/Web,x,licosha_photo,https://x.com/licosha_photo,https://instagram.com/licoshaphoto,http://licosha.sakura.ne.jp/,85,30,25,15,15,60,0e38cb56-089f-4e8a-9212-7b9e821e25ee,,,
327,2,2026-09 第2バッチ,上智大学野球観戦サークルGrandSlam,上智大学,運動系（スポーツ・アウトドア）,,X/Instagram/Web,instagram,sophia_grandslam,https://x.com/Sopia_baaeball,https://instagram.com/sophia_grandslam,https://miraionlibrary.jp/HeadlinesNP/HeadlinesNP20200101-20200630.xlsx,72,30,17,20,5,40,e5ae51d2-b09c-4317-98de-b9a5ff2243ba,,,
328,2,2026-09 第2バッチ,国際会,慶應義塾大学,国際交流・語学,,X/Instagram/Web,website,https://info-jukusei.com/borderless/,https://x.com/keio_iir,https://instagram.com/keio_iir_2026,https://info-jukusei.com/borderless/,80,30,25,20,5,59,0f37f8f2-9223-4556-8702-51d61323b539,,,
329,2,2026-09 第2バッチ,ソフトボール部,京都大学,運動系（スポーツ・アウトドア）,,X/Instagram/Web,x,pressures2024,https://x.com/pressures2024,https://instagram.com/pressures2025,https://campus-map.jp/kyoto/club/47/,65,30,10,20,5,25,4c17f0b8-863b-4cf3-81d3-5d7d2b8f8f8b,,,
330,2,2026-09 第2バッチ,混声合唱団,早稲田大学,文化系（音楽・演劇・アート）,60,X/Instagram/Web,x,eins_24_,https://x.com/eins_24_,https://instagram.com/soukon_eins_24,http://soukon.com/,85,30,25,15,15,61,bd7251ed-cc0f-4cbc-8195-fa9e37f85e67,,,
331,2,2026-09 第2バッチ,合気道部,東京大学,運動系（スポーツ・アウトドア）,,X/Instagram/Web,x,potsuai3,https://x.com/potsuai3,https://instagram.com/todai_aikidobu,https://campus-map.jp/ut/club/273/,65,30,10,20,5,24,5132c5e9-66ae-4840-a7fa-00e3e77ed7ed,,,
332,2,2026-09 第2バッチ,少林寺拳法部(理工学部),慶應義塾大学,運動系（スポーツ・アウトドア）,,X/Instagram/Web,website,https://www.keiosrjk-r.com/%e9%83%a8%e5%93%a1%e7%b4%b9%e4%bb%8b,https://x.com/r_syourinjer,https://instagram.com/keio_rikotai_shorinji,https://www.keiosrjk-r.com/%E9%83%A8%E5%93%A1%E7%B4%B9%E4%BB%8B,80,30,25,20,5,60,10bf2835-f816-412c-a86b-d9412ca17995,,,
333,2,2026-09 第2バッチ,女子ラクロス部,国際基督教大学,運動系（スポーツ・アウトドア）,40,X/Instagram/Web,x,icu_lax,https://x.com/icu_lax,https://instagram.com/iculax_shinkan2026,https://www.icu.ac.jp/campuslife/club/,64,30,4,20,10,9,7429b282-1cab-4acb-a307-2a10ad936755,,,
334,2,2026-09 第2バッチ,上智大学硬式庭球同好会連盟,上智大学,運動系（スポーツ・アウトドア）,,X/Instagram/Web,website,https://sophiatennisrenmei.jimdofree.com/,https://x.com/advantage_tt,https://instagram.com/renmei_2025,https://sophiatennisrenmei.jimdofree.com/,72,30,17,20,5,41,e84e6ca9-239e-47da-9d4d-feb5d91a4a4b,,,
335,2,2026-09 第2バッチ,チアリーディング部,大阪大学,運動系（スポーツ・アウトドア）,,X/Instagram/Web,instagram,oucc.cheer_rebels,https://x.com/oucp1962,https://instagram.com/oucc.cheer_rebels,https://cheer-community.com/pref27/cat2/,63,30,8,20,5,20,652d6b3d-65e4-4096-8486-919fe1d9bf5a,,,
336,2,2026-09 第2バッチ,津軽三味線愛好会　三津巴,早稲田大学,文化系（音楽・演劇・アート）,58,X/Instagram/Web,x,mitudomoetugaru,https://x.com/mitudomoetugaru,https://instagram.com/wasedamitsudomoe,https://mitsudomoe.wixsite.com/mitsudome,85,30,25,15,15,62,be07a5ed-30f7-4333-b0cb-f5b004c50457,,,
337,2,2026-09 第2バッチ,体育会本部,慶應義塾大学,運動系（スポーツ・アウトドア）,,X/Instagram/Web,instagram,keio_ahq,https://x.com/keio_fed,https://instagram.com/keio_ahq,https://www.keio-zenkyo.net/about-member-organizations,80,30,25,20,5,61,10e7f3c3-f7fa-43f6-b364-8e808ee6fcc2,,,
338,2,2026-09 第2バッチ,国際部（ESS）,一橋大学,国際交流・語学,,X/Instagram/Web,x,hitkokusaibu,https://x.com/hitkokusaibu,https://instagram.com/is_discussion,https://3rd-place-lab.com/club-hitotsubashi/,63,30,8,20,5,20,6aa4252b-8f79-4d45-b9ff-4b6061aa451b,,,
339,2,2026-09 第2バッチ,男子バレーボール部,名古屋大学,運動系（スポーツ・アウトドア）,,X/Instagram/Web,x,nagoyavolley22,https://x.com/nagoyavolley22,https://instagram.com/nagoya_volley,http://nuvc.web.fc2.com/shinkan/shinkan.men.html,62,30,7,20,5,18,019e4f44-1bf9-40cc-aee3-591a815aa1bb,,,
340,2,2026-09 第2バッチ,相撲部,九州大学,運動系（スポーツ・アウトドア）,,X/Instagram/Web,x,kiis_sumo,https://x.com/kiis_sumo,https://instagram.com/kiis.sumou,https://tamahiyo2020.jimdofree.com/%E3%82%B5%E3%83%BC%E3%82%AF%E3%83%AB%E7%B4%B9%E4%BB%8B/%E9%81%8B%E5%8B%95%E7%B3%BB%E3%82%B5%E3%83%BC%E3%82%AF%E3%83%AB%E7%B4%B9%E4%BB%8B-%E3%81%9D%E3%81%AE%EF%BC%92/,62,30,7,20,5,18,3fa59b95-2e9b-4c0d-bad9-5d99afa17c22,,,
341,2,2026-09 第2バッチ,農楽塾,早稲田大学,ボランティア・NPO,54,X/Instagram/Web,x,nogakujuku,https://x.com/nogakujuku,https://instagram.com/nogakujuku,http://www.nogakujuku.net/,85,30,25,15,15,63,be57155a-1138-4ad2-8fd9-8b2950426b91,,,
342,2,2026-09 第2バッチ,体育会卓球部,上智大学,運動系（スポーツ・アウトドア）,,X/Instagram/Web,x,sophiattc,https://x.com/sophiattc,https://instagram.com/sophia_table_tennis,https://ameblo.jp/sophiattc/entry-12839737093.html,72,30,17,20,5,42,e8a7fe4a-8e80-40f0-a9e6-21d40eec5d8f,,,
343,2,2026-09 第2バッチ,競技舞踏部,北海道大学,運動系（スポーツ・アウトドア）,,X/Instagram/Web,x,hbdckyoubu,https://x.com/HBDCkyoubu,https://instagram.com/hokudai.ballroom,https://posfie.com/@HBDCkyoubu/p/KVZ6Lvf,63,30,8,20,5,19,328e04bb-63d2-4b9d-9b14-2e006bdd71a9,,,
344,2,2026-09 第2バッチ,スケート部,慶應義塾大学,運動系（スポーツ・アウトドア）,,X/Instagram/Web,website,https://www.keio-figure.com/join_the_club/,https://x.com/keiofigure,https://instagram.com/keiomedicehockey,https://www.keio-figure.com/join_the_club/,80,30,25,20,5,62,13fac2ab-f073-4221-9db6-2c6aec244afa,,,
345,2,2026-09 第2バッチ,男子ラクロス部,東北大学,運動系（スポーツ・アウトドア）,,X/Instagram/Web,x,tohoku_lax,https://x.com/tohoku_lax,https://instagram.com/tfulax_mens,https://linktr.ee/tohokumenslax,62,30,7,20,5,17,25ec6476-e2ec-4776-83df-2a74af1b5e57,,,
346,2,2026-09 第2バッチ,ラグビー部,京都大学,運動系（スポーツ・アウトドア）,,X/Instagram/Web,x,kiurfc1922,https://x.com/kiurfc1922,https://instagram.com/kiurfc2022shinkan,https://linktr.ee/kiurfc,65,30,10,20,5,26,4cd7e757-a45e-4e2d-81b1-26179d98b53c,,,
347,2,2026-09 第2バッチ,準硬式野球部,東京大学,運動系（スポーツ・アウトドア）,,X/Instagram/Web,x,todaijunko,https://x.com/todaijunko,https://instagram.com/todaijunko,https://todaijunko.web.fc2.com/shinkan.html,65,30,10,20,5,25,58fd0ab2-1800-4d63-997d-f8dbc2c84753,,,
348,2,2026-09 第2バッチ,DOORS-日越交流プロジェクト-,早稲田大学,ボランティア・NPO,50,X/Instagram/Web,x,nichietsu,https://x.com/nichietsu,https://instagram.com/doors_nichietsu,https://nichietsu.jimdo.com/,85,30,25,15,15,64,4166a1eb-2a0d-4d99-8d82-f0e6ed01fabe,,,
349,2,2026-09 第2バッチ,香粧部,慶應義塾大学,運動系（スポーツ・アウトドア）,,X/Instagram/Web,x,cosmetic_kp,https://x.com/cosmetic_kp,https://instagram.com/trucco_keio_,https://www.gakuyukai-keio.org/projects/%E9%A6%99%E7%B2%A7%E9%83%A8,80,30,25,20,5,63,18644c1f-4d67-4de7-8b12-91689c6088c0,,,
350,2,2026-09 第2バッチ,体育会準硬式野球部,上智大学,運動系（スポーツ・アウトドア）,,X/Instagram/Web,instagram,sophia_junko,https://x.com/Sophia_bbc,https://instagram.com/sophia_junko,https://linktr.ee/sophiabaseballclub,72,30,17,20,5,43,ec8049c6-d7ad-4bcd-9089-55ec6d59ad32,,,
351,2,2026-09 第2バッチ,陸上競技部,東京科学大学,運動系（スポーツ・アウトドア）,,X/Instagram/Web,x,25_titechtf,https://x.com/25_titechtf,https://instagram.com/isct_tfclub26,https://titech.info/circle/93,58,30,3,20,5,9,08aa704b-2de5-4d15-af8e-4859c2f1bce1,,,
352,2,2026-09 第2バッチ,漕艇部,大阪大学,運動系（スポーツ・アウトドア）,,X/Instagram/Web,x,rowing_oumed_rn,https://x.com/rowing_oumed_rn,https://instagram.com/osakaunivrow_sinkan21,https://student-union.2025.giving-campaign.jp/groups?id=773c3cd0-ce1a-4ea8-bc6f-098770e951f9,63,30,8,20,5,21,691e8171-1dbc-46af-a493-9bf7ebacaf51,,,
353,2,2026-09 第2バッチ,怪獣同盟,早稲田大学,文化系（音楽・演劇・アート）,50,X/Instagram/Web,x,kaijudoumei,https://x.com/kaijudoumei,https://instagram.com/kaijudoumei,https://www.kaijudoumei.com/,85,30,25,15,15,65,4eeda24b-2a57-4927-9215-8f8c84ed91af,,,
354,2,2026-09 第2バッチ,ハンドボール部,慶應義塾大学,運動系（スポーツ・アウトドア）,,X/Instagram/Web,x,keiohandgirls,https://x.com/keiohandgirls,https://instagram.com/keio_handball,https://keio-handball.com/,80,30,25,20,5,64,2575f65b-1113-40da-914e-b0ab3e6e6204,,,
355,2,2026-09 第2バッチ,空手道部,一橋大学,運動系（スポーツ・アウトドア）,,X/Instagram/Web,x,hit_karateteam,https://x.com/hit_karateteam,https://instagram.com/hit_karatedo_2020,https://campus-map.jp/hit/club/22/,63,30,8,20,5,21,77493e02-4d1d-427d-8fda-431be5aeadea,,,
356,2,2026-09 第2バッチ,硬式庭球部,京都大学,運動系（スポーツ・アウトドア）,,X/Instagram/Web,x,kutt_girl,https://x.com/kutt_girl,https://instagram.com/kutls__official,https://kutt.site/,65,30,10,20,5,27,550a9e8c-7198-488c-98cd-69a5d11e02d8,,,
357,2,2026-09 第2バッチ,ヨット部,名古屋大学,運動系（スポーツ・アウトドア）,,X/Instagram/Web,x,nu_sailing2021,https://x.com/nu_sailing2021,https://instagram.com/nagoyauniv.sailing,https://nagoya-u.2024.giving-campaign.jp/groups?id=9eb1e97a-0cb7-4109-b631-b0abecc00bf1,62,30,7,20,5,19,02883225-5de8-43f3-8066-783d15aa5df4,,,
358,2,2026-09 第2バッチ,ラグビー部,九州大学,運動系（スポーツ・アウトドア）,,X/Instagram/Web,x,kurfc1925,https://x.com/kurfc1925,https://instagram.com/kidrfc_gogo,https://pr-platform.kyushu-u.ac.jp/pr-student/publications/344,62,30,7,20,5,19,43a7563a-1485-4fe6-b062-356d2ba018bb,,,
359,2,2026-09 第2バッチ,早稲田大学混声合唱団　所沢支部,早稲田大学,文化系（音楽・演劇・アート）,50,X/Instagram/Web,x,novella_23_,https://x.com/novella_23_,https://instagram.com/soukon_novella_23,http://soukon.com/,85,30,25,15,15,66,74effb8d-fb8a-4efd-9c87-8d0047accd41,,,
360,2,2026-09 第2バッチ,スマッシュテニスチーム（SMASH T.T.）,上智大学,運動系（スポーツ・アウトドア）,,X/Instagram/Web,x,smash_tt_,https://x.com/SMASH_TT_,https://instagram.com/smash_tt_,https://smashfrom47.jimdofree.com/,72,30,17,20,5,44,eee2d010-c803-46cd-bfef-65e67aca6701,,,
361,2,2026-09 第2バッチ,少林寺拳法部,東京大学,運動系（スポーツ・アウトドア）,,X/Instagram/Web,x,utshorinji,https://x.com/utshorinji,https://instagram.com/ut_shorinji,https://www.tus-act.tus.ac.jp/club_circle/club_circle.php?c=clubinfo_view&pk=171,65,30,10,20,5,26,5b8ebc59-9c93-4e97-af5b-4dd5a93f0c10,,,
362,2,2026-09 第2バッチ,相撲部,慶應義塾大学,運動系（スポーツ・アウトドア）,,X/Instagram/Web,x,keio_sumo,https://x.com/keio_sumo,https://instagram.com/keiohigh_sumo,https://circle.info-jukusei.com/%E4%BD%93%E8%82%B2%E4%BC%9A/%E6%85%B6%E6%87%89%E4%BD%93%E8%82%B2%E4%BC%9A%E7%9B%B8%E6%92%B2%E9%83%A8/,80,30,25,20,5,65,25c02915-07d7-4ca4-a435-d2bab77dac46,,,
363,2,2026-09 第2バッチ,フィギュアスケート部,北海道大学,運動系（スポーツ・アウトドア）,,X/Instagram/Web,instagram,ouc_figureskating,https://x.com/HokkaidoUnivFSC,https://instagram.com/ouc_figureskating,https://hokudai.2025.giving-campaign.jp/groups?id=3bb5a998-1db8-4485-bb6c-da86261713c0,63,30,8,20,5,20,4542c5f2-11bb-4057-bb3e-8d8c63b52614,,,
364,2,2026-09 第2バッチ,グリークラブ,早稲田大学,文化系（音楽・演劇・アート）,50,X/Instagram/Web,x,waseda_glee,https://x.com/waseda_glee,https://instagram.com/waseda_glee_club,https://www.wasedaglee.com/,85,30,25,15,15,67,77b6bf15-3994-470c-a717-c047d526a497,,,
365,2,2026-09 第2バッチ,体操部,東北大学,運動系（スポーツ・アウトドア）,,X/Instagram/Web,x,tomiya_gym,https://x.com/tomiya_gym,https://instagram.com/38gymnastics10,http://tonpeimiyakyo.sp.land.to/shinnyusei.html,62,30,7,20,5,18,26741b71-337b-47ec-a7aa-0a0663b45044,,,
366,2,2026-09 第2バッチ,重量挙部,慶應義塾大学,運動系（スポーツ・アウトドア）,,X/Instagram/Web,x,keio_wl_,https://x.com/keio_WL_,https://instagram.com/keio_weightlifting,https://keiowl.wixsite.com/agebu,80,30,25,20,5,66,274b877d-8a2b-4812-9e13-bd4057b46c1d,,,
367,2,2026-09 第2バッチ,体育会硬式野球部,上智大学,運動系（スポーツ・アウトドア）,,X/Instagram/Web,instagram,sophiabbc,https://x.com/Sophia_bbc,https://instagram.com/sophiabbc,https://linktr.ee/sophiabaseballclub,72,30,17,20,5,45,f17e1a4f-b223-492b-87fa-045641e0e2a1,,,
368,2,2026-09 第2バッチ,早稲田大学ニューオルリンズジャズクラブ,早稲田大学,文化系（音楽・演劇・アート）,50,X/Instagram/Web,x,nojc_waseda,https://x.com/NOJC_WASEDA,https://instagram.com/nojc_waseda,https://nojcwaseda.wixsite.com/website,85,30,25,15,15,68,ad53e97f-e1a9-4350-b966-abb7fb8ba279,,,
369,2,2026-09 第2バッチ,女子卓球部,大阪大学,運動系（スポーツ・アウトドア）,,X/Instagram/Web,x,handaiballgame,https://x.com/Handaiballgame,https://instagram.com/pinton_handai,https://welcome.omu-zichikai.jp/tabletennis/,63,30,8,20,5,22,6b9027c8-6ad8-4b28-83fe-292e12545120,,,
370,2,2026-09 第2バッチ,馬術部,国際基督教大学,運動系（スポーツ・アウトドア）,40,X/Instagram/Web,x,oishida_doragon,https://x.com/oishida_doragon,https://instagram.com/konan_city_kyouryokutai,https://www.icu.ac.jp/campuslife/club/,64,30,4,20,10,10,8efd96ac-9395-45d7-84b4-23e2915e8ff5,,,
371,2,2026-09 第2バッチ,航空部,京都大学,運動系（スポーツ・アウトドア）,,X/Instagram/Web,x,kugc,https://x.com/kugc,https://instagram.com/kugc02ed,https://www.jsal.or.jp/page/club,65,30,10,20,5,28,559d2738-89de-42dd-8e61-491bcdc9a7cb,,,
372,2,2026-09 第2バッチ,野球部（医学部）,慶應義塾大学,運動系（スポーツ・アウトドア）,,X/Instagram/Web,x,kmb_shinkan2020,https://x.com/kmb_shinkan2020,https://instagram.com/keio_med_baseball,https://keiomedathletes.wixsite.com/mysite/%E9%87%8E%E7%90%83%E9%83%A8,80,30,25,20,5,67,29606472-084f-430e-a246-44158d1a64eb,,,
373,2,2026-09 第2バッチ,男子ラクロス部,一橋大学,運動系（スポーツ・アウトドア）,,X/Instagram/Web,x,blog,https://x.com/blog,https://instagram.com/serpentslax,https://campus-map.jp/hit/club/79/,63,30,8,20,5,22,7b9e2736-82c1-45e3-b6af-9d6dcf3a86db,,,
374,2,2026-09 第2バッチ,体操部,東京大学,運動系（スポーツ・アウトドア）,,X/Instagram/Web,x,ut_kunstturnen,https://x.com/ut_kunstturnen,https://instagram.com/ut_gymnasticsteam,https://u-tokyo.2024.giving-campaign.jp/groups?id=94ac284d-3425-42d2-9d04-dd7477f209f7,65,30,10,20,5,27,5cfe4215-ce92-4399-9b0a-fc7772cab717,,,
375,2,2026-09 第2バッチ,出版甲子園実行委員会,早稲田大学,イベント・企画（インカレ・学園祭等）,50,X/Web/LINE,x,spk_picaso,https://x.com/spk_picaso,,http://spk.picaso.jp/,85,20,25,25,15,69,c87b4662-1bc3-4315-abec-3ad0a889f6fd,,,
376,2,2026-09 第2バッチ,体育会柔道部,上智大学,運動系（スポーツ・アウトドア）,,X/Instagram/Web,x,judo_sophia,https://x.com/judo_sophia,https://instagram.com/sophia_judo,https://sophia-law4.hatenablog.com/entry/sophia_sports_club2,72,30,17,20,5,46,f99a80ef-35b9-4532-a958-a7bf4629aad4,,,
377,2,2026-09 第2バッチ,フィギュアスケート部,名古屋大学,運動系（スポーツ・アウトドア）,,X/Instagram/Web,x,nagoya_univ_fsc,https://x.com/nagoya_univ_fsc,https://instagram.com/nagoya.univ.fsc,https://www.sugiyama-u.ac.jp/univ/campus/club/sports-circle.html,62,30,7,20,5,20,0cbbeaa5-beea-4bb4-80f8-4b34ed33c0a0,,,
378,2,2026-09 第2バッチ,アイスホッケー部,九州大学,運動系（スポーツ・アウトドア）,,X/Instagram/Web,instagram,kyushu_icehock,https://x.com/Quni_icehockey,https://instagram.com/kyushu_icehock,https://kyushuicehockey.jimdofree.com/,62,30,7,20,5,20,4c401d32-346a-4acb-93d9-494e44c39174,,,
379,2,2026-09 第2バッチ,パトリック倶楽部,慶應義塾大学,運動系（スポーツ・アウトドア）,,X/Instagram/Web,x,keiopatric,https://x.com/keiopatric,https://instagram.com/keiopatric_official_new,https://www.jukushin.com/archives/42924,80,30,25,20,5,68,2aaf4fc4-6958-430f-8ef9-e7b1a46c012b,,,
380,2,2026-09 第2バッチ,軟式庭球部,北海道大学,運動系（スポーツ・アウトドア）,,X/Instagram/Web,x,ouc_nante,https://x.com/ouc_nante,https://instagram.com/gakuensofuteni,https://hubcnavi.net/dolphin_softtennis,63,30,8,20,5,21,45fb1a24-4543-4847-aea1-619d7a1b9f3b,,,
381,2,2026-09 第2バッチ,バンカライズム-万色主義-,早稲田大学,運動系（スポーツ・アウトドア）,44,X/Instagram/Web,x,bankaraizm0425,https://x.com/bankaraizm0425,https://instagram.com/bankaraizm0425,https://wasedabankara17.wixsite.com/bankaraizm,85,30,25,20,10,70,c169fe5f-fbe0-41c2-857b-a4755b1c3038,,,
382,2,2026-09 第2バッチ,慶早戦支援委員会,慶應義塾大学,運動系（スポーツ・アウトドア）,,X/Instagram/Web,x,keisousen_shien,https://x.com/keisousen_shien,https://instagram.com/keisousen__shien,https://www.keio-zenkyo.net/about-member-organization/25,80,30,25,20,5,69,2b4d3256-ca30-405d-82ed-c5cec3dc25b6,,,
383,2,2026-09 第2バッチ,緑法会,上智大学,趣味・その他,40,X/Instagram/Web,website,https://www.yamanashi.ac.jp/en/wp-content/uploads/2016/01/vine.vol_.41.pdf,https://x.com/greensophia_jp,https://instagram.com/greensophia_insta,https://www.yamanashi.ac.jp/en/wp-content/uploads/2016/01/Vine.vol_.41.pdf,67,30,17,10,10,47,15cb05fa-63c1-4e70-8ddc-bc779c949d1c,,,
384,2,2026-09 第2バッチ,洋弓部,京都大学,運動系（スポーツ・アウトドア）,,X/Instagram/Web,x,kwu49archery,https://x.com/kwu49archery,https://instagram.com/kwu_yokyu,https://campus-map.jp/kyoto/club/61/,65,30,10,20,5,29,59c7bfd3-ee11-4eed-aad3-b7ebfb5924af,,,
385,2,2026-09 第2バッチ,トライアスロン部,東北大学,運動系（スポーツ・アウトドア）,,X/Instagram/Web,x,tontora_35,https://x.com/tontora_35,https://instagram.com/tohoku_tri,https://linktr.ee/tontora2023,62,30,7,20,5,19,2b3ef94a-064c-4a6a-88d7-65c70c2e564f,,,
386,2,2026-09 第2バッチ,理工硬式野球部,早稲田大学,運動系（スポーツ・アウトドア）,41,X/Instagram/Web,x,wasedarikoubbc,https://x.com/WasedaRikouBBC,https://instagram.com/waseda_rikou_bbc_official,https://rikotaibig6.com/team/waseda/,85,30,25,20,10,71,15b67d21-9b97-4d20-bbea-0d16b3c0efb3,,,
387,2,2026-09 第2バッチ,少林寺拳法部,大阪大学,運動系（スポーツ・アウトドア）,,X/Instagram/Web,x,osuskp,https://x.com/osuskp,https://instagram.com/handai_shorinji,http://www.newvod.com/club_circle/club/90,63,30,8,20,5,23,6fc9016b-2d3f-48e7-8ff0-e62bfe68572b,,,
388,2,2026-09 第2バッチ,ヨット部,東京大学,運動系（スポーツ・アウトドア）,,X/Instagram/Web,x,utsailingmg2023,https://x.com/UTSailingmg2023,https://instagram.com/seawind_ut,https://linktr.ee/todaiyacht,65,30,10,20,5,28,5f3cbf9a-57fa-4a91-909e-eae653906f80,,,
389,2,2026-09 第2バッチ,ダンス部amitie,慶應義塾大学,運動系（スポーツ・アウトドア）,,X/Instagram/Web,x,amitie_keio,https://x.com/amitie_keio,https://instagram.com/pha_dancecircle_amitie,https://camp-fire.jp/projects/910847/view,80,30,25,20,5,70,2fd0d002-507a-4e9a-a60a-8bf85b99e23a,,,
390,2,2026-09 第2バッチ,ラグビー部,一橋大学,運動系（スポーツ・アウトドア）,,X/Instagram/Web,x,hurfc1922,https://x.com/hurfc1922,https://instagram.com/hurfc1922,https://linktr.ee/hurfc_1922,63,30,8,20,5,23,7d4cf65a-42e0-4849-82d5-5f35843d038e,,,
391,2,2026-09 第2バッチ,空手部,東京科学大学,運動系（スポーツ・アウトドア）,,X/Instagram/Web,x,titech_karate,https://x.com/titech_karate,https://instagram.com/titech.sepaktakraw,https://m-78.jp/z/cast/,58,30,3,20,5,10,30ff2893-6493-42a3-9ce2-90c01c74054b,,,
392,2,2026-09 第2バッチ,ボギーゴルフクラブ,早稲田大学,運動系（スポーツ・アウトドア）,40,X/Instagram/Web,x,waseda_bogey,https://x.com/waseda_bogey,https://instagram.com/waseda_bogey,https://bogeygolf2022.mystrikingly.com/,85,30,25,20,10,72,1f70e079-b97f-4ffb-9911-7ddad996af7b,,,
393,2,2026-09 第2バッチ,carutena,上智大学,趣味・その他,21,X/Instagram/Web,x,carutena,https://x.com/carutena,https://instagram.com/carutena_information,https://senken.co.jp/posts/carutena-231220,67,30,17,10,10,48,9d6e1c26-25a9-4bcc-a8ca-f9f41f4c3c6f,,,
394,2,2026-09 第2バッチ,柔道部（医学部）,慶應義塾大学,運動系（スポーツ・アウトドア）,,X/Instagram/Web,x,keiomedjudo,https://x.com/keiomedjudo,https://instagram.com/keiomed_judo,https://info-jukusei.com/keio-club-judo-2021/,80,30,25,20,5,71,2ff800af-cb0c-49c7-bb24-adbefbda2e85,,,
395,2,2026-09 第2バッチ,航空部,名古屋大学,運動系（スポーツ・アウトドア）,,X/Instagram/Web,instagram,nit_gliderclub,https://x.com/nu_aircraft,https://instagram.com/nit_gliderclub,https://nagoya-u.2024.giving-campaign.jp/groups?id=4b9b076a-d130-4e37-94ef-02307b3239ce,62,30,7,20,5,21,2eb1a2cf-4317-4dff-a331-2fa52764bce6,,,
396,2,2026-09 第2バッチ,体操部,九州大学,運動系（スポーツ・アウトドア）,,X/Instagram/Web,x,qugc1980,https://x.com/qugc1980,https://instagram.com/kyudai_circleintroduction,http://kyudaicircle.club/s007_taiso/,62,30,7,20,5,21,4f748318-2f75-4ff0-bae3-0b14db803623,,,
397,2,2026-09 第2バッチ,水泳同好会（早水会）,早稲田大学,運動系（スポーツ・アウトドア）,38,X/Instagram/Web,x,sousuikai50,https://x.com/sousuikai50,https://instagram.com/sousuikaiwaseda,https://sousuikai.wixsite.com/home,85,30,25,20,10,73,f3b9b4e5-f8b8-4a35-945e-a5efd5e6890a,,,
398,2,2026-09 第2バッチ,陸上競技部,京都大学,運動系（スポーツ・アウトドア）,,X/Instagram/Web,x,ku_tf,https://x.com/KU_TF,https://instagram.com/kyodai_tf,https://campus-map.jp/kyoto/club/60/,65,30,10,20,5,30,5aa6bddb-10f8-42af-88ed-540d823478e8,,,
399,2,2026-09 第2バッチ,ヨット部,北海道大学,運動系（スポーツ・アウトドア）,,X/Instagram/Web,x,hokudaiyacht,https://x.com/hokudaiyacht,https://instagram.com/hokkaido_sailing,https://hubcnavi.net/yacht-sailing,63,30,8,20,5,22,49eae69c-6e7a-45a3-87e4-ce27d3d823ea,,,
400,2,2026-09 第2バッチ,バドミントン部（医学部）,慶應義塾大学,運動系（スポーツ・アウトドア）,,X/Instagram/Web,instagram,keiomed_badminton,https://x.com/34kaibadminton,https://instagram.com/keiomed_badminton,https://keiomedathletes.wixsite.com/mysite/%E3%83%90%E3%83%88%E3%83%9F%E3%83%B3%E3%83%88%E3%83%B3%E9%83%A8,80,30,25,20,5,72,36574885-0ddf-40b1-97e2-df636de19ab0,,,
401,2,2026-09 第2バッチ,上智映画制作会（SoPic）,上智大学,文化系（音楽・演劇・アート）,4,X/Instagram/Web,website,https://findsophia.jp/club_list/%e4%b8%8a%e6%99%ba%e6%98%a0%e7%94%bb%e5%88%b6%e4%bd%9c%e4%bc%9a%ef%bc%88sopic%ef%bc%89/,https://x.com/sophia_pictures,https://instagram.com/sopic.official,https://findsophia.jp/club_list/%E4%B8%8A%E6%99%BA%E6%98%A0%E7%94%BB%E5%88%B6%E4%BD%9C%E4%BC%9A%EF%BC%88sopic%EF%BC%89/,67,30,17,15,5,49,225dcf7b-86df-4ac2-adfd-616a7a7c3517,,,
402,2,2026-09 第2バッチ,スケート部アイスホッケー部門,東京大学,運動系（スポーツ・アウトドア）,,X/Instagram/Web,x,tokyo_icehockey,https://x.com/tokyo_icehockey,https://instagram.com/utokyo_icehockey,https://campus-map.jp/ut/club/21/,65,30,10,20,5,29,66048984-440f-4a24-ba09-25e7b5d1fee9,,,
403,2,2026-09 第2バッチ,理工ｱﾒﾘｶﾝﾌｯﾄﾎﾞｰﾙ部ﾊﾞｯｶｽ,早稲田大学,運動系（スポーツ・アウトドア）,37,X/Instagram/Web,x,wasedabacchus,https://x.com/WasedaBacchus,https://instagram.com/waseda_bacchus,https://wasedabacchus.com/about/,85,30,25,20,10,74,3a8c4c9f-e7ce-4345-aeb0-79f18d4969b5,,,
404,2,2026-09 第2バッチ,アイスホッケー部,大阪大学,運動系（スポーツ・アウトドア）,,X/Instagram/Web,x,icehockeyosakau,https://x.com/icehockeyosakau,https://instagram.com/osakauniv.icehockey,https://bukatsunomikata.co.jp/movie/index.php?sort=10,63,30,8,20,5,24,70863e25-8c7a-4721-afce-e5eaa0af4a1f,,,
405,2,2026-09 第2バッチ,男子バレーボール部,東北大学,運動系（スポーツ・アウトドア）,,X/Instagram/Web,instagram,_vap_20,https://x.com/suikyu_toh,https://instagram.com/_vap_20,https://tohoku.2024.giving-campaign.jp/groups?id=ef43b357-7c22-4fc9-899f-30de0674f0c7,62,30,7,20,5,20,2fc33ef3-3686-4c0f-a7f0-d916135fb2e9,,,
406,2,2026-09 第2バッチ,辯論部,慶應義塾大学,運動系（スポーツ・アウトドア）,,X/Instagram/Web,x,kokugaku_benron,https://x.com/kokugaku_benron,https://instagram.com/keio_benronclub,https://orientation.keio-zenkyo.net/circle2025/64,80,30,25,20,5,73,3840815a-0aac-4d09-a9ec-9e7181427d91,,,
407,2,2026-09 第2バッチ,体育会洋弓部,一橋大学,運動系（スポーツ・アウトドア）,,X/Instagram/Web,instagram,hit.kyudo2024,https://x.com/1900hit_kyudo,https://instagram.com/hit.kyudo2024,https://hit-archery1963.com/index/link,63,30,8,20,5,24,8bbc8659-ed68-4c93-a346-943cf56a4de9,,,
408,2,2026-09 第2バッチ,男子サッカー部,国際基督教大学,運動系（スポーツ・アウトドア）,40,X/Instagram/Web,x,icufc,https://x.com/ICUFC,https://instagram.com/icufc_official,https://www.icu.ac.jp/campuslife/club/,64,30,4,20,10,11,d97eee61-5939-413e-b7c6-91e76e1694c2,,,
409,2,2026-09 第2バッチ,早稲田大学フットサル部,早稲田大学,運動系（スポーツ・アウトドア）,35,X/Instagram/Web,x,w_u_c_f_s,https://x.com/w_u_c_f_s,https://instagram.com/wucfs_official,https://wucfs.notion.site/6aff957c4cca4917971bb50bbb28fb23,85,30,25,20,10,75,e451ad49-3d56-45d9-994d-0f0e247ef6a8,,,
410,2,2026-09 第2バッチ,上智大学フォルクローレ楽団,上智大学,文化系（音楽・演劇・アート）,4,X/Instagram/Web,website,https://findsophia.jp/club_list/%e4%b8%8a%e6%99%ba%e5%a4%a7%e5%ad%a6%e3%83%95%e3%82%a9%e3%83%ab%e3%82%af%e3%83%ad%e3%83%bc%e3%83%ac%e6%a5%bd%e5%9b%a3/,https://x.com/sophiachambero,https://instagram.com/_sco.official_,https://findsophia.jp/club_list/%E4%B8%8A%E6%99%BA%E5%A4%A7%E5%AD%A6%E3%83%95%E3%82%A9%E3%83%AB%E3%82%AF%E3%83%AD%E3%83%BC%E3%83%AC%E6%A5%BD%E5%9B%A3/,67,30,17,15,5,50,e25d2e91-27a6-4dc8-8e08-78ff97d64fed,,,
411,2,2026-09 第2バッチ,時事英語研究会,慶應義塾大学,国際交流・語学,,X/Instagram/Web,x,keio_ace,https://x.com/keio_ace,https://instagram.com/jiji_eigo_keio_ace,https://keio-ace.jimdofree.com/,80,30,25,20,5,74,3e15e8c4-8091-42cd-8a42-eff538faa1d3,,,
412,2,2026-09 第2バッチ,トライアスロンサークルアイアンマンスクール,京都大学,運動系（スポーツ・アウトドア）,,X/Instagram/Web,x,kyoto_triathlon,https://x.com/kyoto_triathlon,https://instagram.com/askyoto.triathlon,https://from-human-to-iron.wixsite.com/kyotoutriathlon,65,30,10,20,5,31,5e7f5c1b-81b7-4acb-b791-d7e1696ea543,,,
413,2,2026-09 第2バッチ,早稲田大学チアダンスチームMYNX,早稲田大学,運動系（スポーツ・アウトドア）,32,X/Instagram/Web,x,wasejyomynx,https://x.com/wasejyomynx,https://instagram.com/wasejyomynx,https://ameblo.jp/wasedamynx/,85,30,25,20,10,76,e0029857-cdda-4f02-b630-adf4bf014b04,,,
414,2,2026-09 第2バッチ,芸音学部,名古屋大学,運動系（スポーツ・アウトドア）,,X/Instagram/Web,x,geiongakubu,https://x.com/geiongakubu,https://instagram.com/geiongakubu,https://w.twstalker.com/geiongakubu,62,30,7,20,5,22,2f1b0bd0-4b28-46fa-9c10-abb291ef73a3,,,
415,2,2026-09 第2バッチ,漕艇部,九州大学,運動系（スポーツ・アウトドア）,,X/Instagram/Web,x,kyushurowing,https://x.com/KyushuRowing,https://instagram.com/kyushu_university_yacht_club,https://kurc.tv/,62,30,7,20,5,22,50642196-09eb-4942-8ebf-83cd20a6b415,,,
416,2,2026-09 第2バッチ,航空部,東京大学,運動系（スポーツ・アウトドア）,,X/Instagram/Web,x,utsc2023,https://x.com/utsc2023,https://instagram.com/utokyo_soaring_club,http://utsc.jp/,65,30,10,20,5,30,6667c6f4-9d95-4754-8447-00e73f8cbb94,,,
417,2,2026-09 第2バッチ,サイクリングクラブ,北海道大学,運動系（スポーツ・アウトドア）,,X/Instagram/Web,x,hucc2024,https://x.com/hucc2024,https://instagram.com/hucc2023shinkan,https://www.hokudaishinbun.com/2021/04/06/5233/,63,30,8,20,5,23,59d5c07e-c35d-400e-aa2e-3d9aa7c823eb,,,
418,2,2026-09 第2バッチ,上智大学ソフィアチアリーダーズLOLLIPOPPERS,上智大学,文化系（音楽・演劇・アート）,,X/Instagram/Web,x,lollipopperss,https://x.com/lollipopperss,https://instagram.com/sophia_lollipoppers,https://www.honolulufestival.com/ja/group/sophia-university-cheerleaders-lollipoppers/,67,30,17,15,5,51,078c1825-5b72-482a-b51c-4a77a2d38d50,,,
419,2,2026-09 第2バッチ,競走部,慶應義塾大学,運動系（スポーツ・アウトドア）,,X/Instagram/Web,website,https://note.com/keiolong/n/n7c390bdb936e,https://x.com/keiotf_orien,https://instagram.com/keiotf_shinkan,https://note.com/keiolong/n/n7c390bdb936e,80,30,25,20,5,75,415c7db8-f8e7-4999-ad5b-68f9593295d9,,,
420,2,2026-09 第2バッチ,アイセック早稲田大学委員会,早稲田大学,国際交流・語学,28,X/Instagram/Web,x,aiesec_jp_wa,https://x.com/AIESEC_JP_WA,https://instagram.com/aiesec_jp_wa,https://www.aiesec.jp/,85,30,25,20,10,77,097929bb-c249-4455-8b49-f5e55bb9fff9,,,
421,2,2026-09 第2バッチ,硬式野球部,大阪大学,運動系（スポーツ・アウトドア）,,X/Instagram/Web,instagram,osaka_bbc_2026_,https://x.com/osaka_jbc,https://instagram.com/osaka_bbc_2026_,https://osakabbc18.wixsite.com/baseball/%E8%A4%87%E8%A3%BD-%E9%83%A8%E5%93%A1%E7%B4%B9%E4%BB%8B,63,30,8,20,5,25,7245ab6f-fc87-471f-a608-401ca1022080,,,
422,2,2026-09 第2バッチ,昭霊空手会,慶應義塾大学,運動系（スポーツ・アウトドア）,,X/Instagram/Web,x,keioshoreikai,https://x.com/Keioshoreikai,https://instagram.com/keio_karate_shoreikai,https://kshoreikai.wixsite.com/shoreikai,80,30,25,20,5,76,42e1fa7d-81fe-41f5-b422-d6fac2c04e1f,,,
423,2,2026-09 第2バッチ,ア式蹴球部,一橋大学,運動系（スポーツ・アウトドア）,,X/Instagram/Web,instagram,fcikkyo,https://x.com/handyman_saito,https://instagram.com/fcikkyo,https://campus-map.jp/hit/club/82/,63,30,8,20,5,25,8e79e005-1530-4f91-a26f-f4daa8f40bfd,,,
424,2,2026-09 第2バッチ,スキー部,京都大学,運動系（スポーツ・アウトドア）,,X/Instagram/Web,x,kyoto_univ_ski,https://x.com/Kyoto_Univ_Ski,https://instagram.com/snowpanther2024,https://news.penmark.jp/circle/19964/,65,30,10,20,5,32,63ebad76-e730-49f0-b508-0c0bc64f1a33,,,
425,2,2026-09 第2バッチ,ウィンドサーフィン部,早稲田大学,運動系（スポーツ・アウトドア）,28,X/Instagram/Web,x,wasedawind53,https://x.com/wasedawind53,https://instagram.com/wasedawindsurfing53,https://wasedawindsurfing.com/,85,30,25,20,10,78,92a0d3fc-4f57-4e85-9907-761b370a0741,,,
426,2,2026-09 第2バッチ,波乗りソフィアン,上智大学,文化系（音楽・演劇・アート）,,X/Instagram/Web,x,sophia_surfing,https://x.com/sophia_surfing,https://instagram.com/sophia_surfing,https://piloti.sophia.ac.jp/assets/uploads/2025/03/26132443/2bf9d73998f6039c291c98da7d6620c4.pdf,67,30,17,15,5,52,085eb9ec-1490-4a5a-b499-0e232c087553,,,
427,2,2026-09 第2バッチ,バドミントン部,東北大学,運動系（スポーツ・アウトドア）,,X/Instagram/Web,instagram,tohoku_badminton_official,https://x.com/suikyu_toh,https://instagram.com/tohoku_badminton_official,https://www.tohoku.ac.jp/japanese/studentinfo/studentlife/02/studentlife0201/dantaiichiran.pdf,62,30,7,20,5,21,40546b2e-703d-42d6-9380-6e80b958d03b,,,
428,2,2026-09 第2バッチ,英語會,慶應義塾大学,国際交流・語学,,X/Instagram/Web,x,ace10415579,https://x.com/ACE10415579,https://instagram.com/2026kess,https://circle.info-jukusei.com/%E5%AD%A6%E8%A1%93%E3%83%BB%E6%96%87%E5%8C%96%E7%B3%BB/%E8%8B%B1%E8%AA%9E%E6%9C%83%EF%BC%88k-e-s-s-%EF%BC%89/,80,30,25,20,5,77,4b6268ac-7039-482e-b24c-e3eb291ff3da,,,
429,2,2026-09 第2バッチ,自転車部,東京大学,運動系（スポーツ・アウトドア）,,X/Instagram/Web,x,tubt_nsr,https://x.com/tubt_nsr,https://instagram.com/utbikeracing,http://ut-base.info/circles/241,65,30,10,20,5,31,681984ca-9678-438f-b82a-f7baa6189b2e,,,
430,2,2026-09 第2バッチ,バドミントン部,東京科学大学,運動系（スポーツ・アウトドア）,,X/Instagram/Web,x,titech_poona,https://x.com/titech_poona,https://instagram.com/tokyotech_badminton,https://titech.info/circle/77,58,30,3,20,5,11,3940d5e5-63a8-43f9-8c0d-0ea4a8071287,,,
431,2,2026-09 第2バッチ,早稲田大学ベリーダンスサークル SARAH belly,早稲田大学,運動系（スポーツ・アウトドア）,24,X/Instagram/Web,x,sarahbelly_,https://x.com/sarahbelly_,https://instagram.com/sarahbelly_,https://sarahbellywaseda.wixsite.com/sarahbelly,85,30,25,20,10,79,024194aa-7f52-4554-8f40-4b0ba8cd8e65,,,
432,2,2026-09 第2バッチ,混声合唱団アマデウスコール,上智大学,文化系（音楽・演劇・アート）,,X/Instagram/Web,x,amadeus_chor,https://x.com/amadeus_chor,https://instagram.com/sophia_amadeus_chor,http://www.amade.jp/,67,30,17,15,5,53,1c5ee4cb-3c83-49f1-a38d-4255f5bdbc8d,,,
433,2,2026-09 第2バッチ,杏葉硬式庭球会,慶應義塾大学,運動系（スポーツ・アウトドア）,,X/Instagram/Web,x,apricots_2019,https://x.com/apricots_2019,https://instagram.com/keio.apricots_2025,https://info-jukusei.com/apricots/,80,30,25,20,5,78,4ef73f3d-fbbc-429f-aedf-a0db72b3ba53,,,
434,2,2026-09 第2バッチ,男子バスケットボール部,名古屋大学,運動系（スポーツ・アウトドア）,,X/Instagram/Web,x,rpc_basketball,https://x.com/RPC_basketball,https://instagram.com/nagoyabsk_verdures,https://ameblo.jp/nagoyaubbc/entry-12661514215.html,62,30,7,20,5,23,42544ce1-a47f-4993-8e32-32785f8986d0,,,
435,2,2026-09 第2バッチ,男子バレーボール部,九州大学,運動系（スポーツ・アウトドア）,,X/Instagram/Web,x,qvbc_man,https://x.com/qvbc_man,https://instagram.com/qvbc_man,https://www.kyusan-u.ac.jp/campus/life/circle/Volleyball_club/,62,30,7,20,5,23,5906dab7-4053-4999-b392-d5c339b4da88,,,
436,2,2026-09 第2バッチ,陸上競技部,北海道大学,運動系（スポーツ・アウトドア）,,X/Instagram/Web,x,hokudai_tandf,https://x.com/hokudai_tandf,https://instagram.com/hutf_official,https://hubcnavi.net/tandf,63,30,8,20,5,24,5a9b9834-7d54-47ae-9b68-c31d3777093c,,,
437,2,2026-09 第2バッチ,サイクリングクラブ,早稲田大学,運動系（スポーツ・アウトドア）,24,X/Instagram/Web,x,wcc_62nd,https://x.com/wcc_62nd,https://instagram.com/waseda_cycling,https://wccob.net/,85,30,25,20,10,80,0b52cc5a-7254-40f5-9137-f76f542996d4,,,
438,2,2026-09 第2バッチ,アメリカンフットボール部,京都大学,運動系（スポーツ・アウトドア）,,X/Instagram/Web,x,kyotou_football,https://x.com/KyotoU_Football,https://instagram.com/gangsters_kyoto,http://gangsters-web.com/news/,65,30,10,20,5,33,684d568c-f521-4a3f-97ff-cac3a7d77675,,,
439,2,2026-09 第2バッチ,スキー部,大阪大学,運動系（スポーツ・アウトドア）,,X/Instagram/Web,instagram,osaka.u.dent.ski,https://x.com/jungfrauosaka,https://instagram.com/osaka.u.dent.ski,https://hanndaidemoski.jimdofree.com/,63,30,8,20,5,26,77413be3-6596-4b8c-9cbc-b4b9dbcc5015,,,
440,2,2026-09 第2バッチ,山岳部(医学部),慶應義塾大学,運動系（スポーツ・アウトドア）,,X/Instagram/Web,x,keiomedathletes,https://x.com/KeioMedAthletes,https://instagram.com/keiomed_alpineclub,https://www.shobi-u.ac.jp/faculty/artinfo/music/teacher,80,30,25,20,5,79,5047b471-813d-414c-8928-819c2061b44e,,,
441,2,2026-09 第2バッチ,WILD359ers（ワイルドスリーフィフティーナイナーズ）,早稲田大学,運動系（スポーツ・アウトドア）,24,X/Instagram/Web/LINE,x,wild359ers2,https://x.com/Wild359ers2,https://instagram.com/waseda.wild359ers,http://wild359ers.main.jp,85,30,25,20,10,81,bfe0c290-402f-489e-aee1-d72ba4d72366,,,
442,2,2026-09 第2バッチ,上智大学お笑いサークル(SCS),上智大学,文化系（音楽・演劇・アート）,,X/Instagram/Web,x,sa___yaah,https://x.com/sa___yaah,https://instagram.com/sophia_comedy_society_,https://note.com/sophia_scs/n/n43504dfba8b0,67,30,17,15,5,54,24561da3-654e-44c2-86fc-62cbeb1acb2c,,,
443,2,2026-09 第2バッチ,体育会バドミントン部,一橋大学,運動系（スポーツ・アウトドア）,,X/Instagram/Web,x,hit_u_bad,https://x.com/hit_u_bad,https://instagram.com/hitotsubashi_badminton,https://jfn.josuikai.net/circle/sports/badminton/,63,30,8,20,5,26,8eeaf5c1-f5db-4b2a-8886-234c6ff49e76,,,
444,2,2026-09 第2バッチ,軟式野球部,東京大学,運動系（スポーツ・アウトドア）,,X/Instagram/Web,x,uttactics,https://x.com/uttactics,https://instagram.com/ut_bellesstars,https://campus-map.jp/ut/club/261/,65,30,10,20,5,32,6b253aed-f66b-4691-aec1-696f66686a68,,,
445,2,2026-09 第2バッチ,柔道部,慶應義塾大学,運動系（スポーツ・アウトドア）,,X/Instagram/Web,x,keio_judo,https://x.com/keio_judo,https://instagram.com/keio_judo,https://orientation.keio-zenkyo.net/circle2024-en/130,80,30,25,20,5,80,51c64059-32f4-4be5-b93e-508878e7a816,,,
446,2,2026-09 第2バッチ,国際交流サークル,国際基督教大学,国際交流・語学,40,X/Instagram/Web,x,kissui_meiji,https://x.com/kissui_meiji,https://instagram.com/icu__prism_23,https://www.icu.ac.jp/campuslife/club/,64,30,4,20,10,12,f0488acc-900a-46fb-ab31-95e25e725b52,,,
447,2,2026-09 第2バッチ,川内テニスクラブ,東北大学,運動系（スポーツ・アウトドア）,,X/Instagram/Web,x,ktc62nd,https://x.com/ktc62nd,https://instagram.com/kawauchi_tennis,https://www.gakuyukai.ihe.tohoku.ac.jp/club/kawauchi-tennis-club/,62,30,7,20,5,22,4cb3bcb8-b5a1-4268-95e5-65cdb1d06238,,,
448,2,2026-09 第2バッチ,早稲田大学心身統一合氣道会,早稲田大学,運動系（スポーツ・アウトドア）,21,X/Instagram/Web,x,aiki_waseda,https://x.com/aiki_waseda,https://instagram.com/aiki_waseda,http://waikido.web.fc2.com/,85,30,25,20,10,82,b445a132-6505-4fd9-b631-69f29bba214f,,,
449,2,2026-09 第2バッチ,アドバンテージ T.T.,上智大学,文化系（音楽・演劇・アート）,,X/Instagram/Web,instagram,advantage_tt,https://x.com/advantage_tt,https://instagram.com/advantage_tt,https://sophia-advantage-tennis.jimdofree.com/,67,30,17,15,5,55,2bf02f9c-c469-44ca-94fd-914cc6a69413,,,
450,2,2026-09 第2バッチ,スポーツ愛好会ソフトテニス部,慶應義塾大学,運動系（スポーツ・アウトドア）,,X/Instagram/Web,x,slcsoft2020,https://x.com/slcsoft2020,https://instagram.com/keio_slcsofttennis,https://keio-slc-softtennis.github.io/,80,30,25,20,5,81,54b6978e-9f1d-47f5-94bb-91950906165d,,,
451,2,2026-09 第2バッチ,カヌー部,京都大学,運動系（スポーツ・アウトドア）,,X/Instagram/Web,x,kyotocanoe,https://x.com/kyotocanoe,https://instagram.com/kyotocanoe,https://spportunity.com/shiga/team/740/,65,30,10,20,5,34,6a4a77ca-86a5-4575-8a8d-90c433906a32,,,
452,2,2026-09 第2バッチ,潜水会,早稲田大学,運動系（スポーツ・アウトドア）,20,X/Instagram/Web,x,sensuikai_w,https://x.com/sensuikai_w,https://instagram.com/sensuikai_w2024,https://scubadivingsensuikai.wixsite.com/waseda,85,30,25,20,10,83,3de81f21-0058-464b-b51e-a174a8051a3b,,,
453,2,2026-09 第2バッチ,躰道部,北海道大学,運動系（スポーツ・アウトドア）,,X/Instagram/Web,x,hu_taido,https://x.com/HU_Taido,https://instagram.com/hokudai_taido,https://hokkaidounivtaido.wixsite.com/taido-hokudai,63,30,8,20,5,25,68cfe5b5-d0b5-4609-b7c4-a93b12819e4d,,,
454,2,2026-09 第2バッチ,レゴ部,名古屋大学,運動系（スポーツ・アウトドア）,,X/Instagram/Web,x,nulc_lego,https://x.com/NULC_LEGO,https://instagram.com/nagoya_university_lego_club,https://www.bricktomato.online/legoclub/,62,30,7,20,5,24,53448a6f-fac8-4444-b054-4a0c6266a4c0,,,
455,2,2026-09 第2バッチ,ねこ部,九州大学,運動系（スポーツ・アウトドア）,,X/Instagram/Web,x,qneko22,https://x.com/Qneko22,https://instagram.com/kyudainekobu,https://www.twstalker.com/Qneko22,62,30,7,20,5,24,5a76a05e-b6ce-47cd-897c-6e8e1bd5a485,,,
456,2,2026-09 第2バッチ,準硬式野球部,大阪大学,運動系（スポーツ・アウトドア）,,X/Instagram/Web,x,daisandaizyunko,https://x.com/daisandaizyunko,https://instagram.com/osu_junko_baseball,https://www.osaka-sandai.ac.jp/club_circle/club/88,63,30,8,20,5,27,78433457-a048-4e04-8bcf-ed18b2dc58cd,,,
457,2,2026-09 第2バッチ,バドミントン同好会 Bird Fellows,慶應義塾大学,運動系（スポーツ・アウトドア）,,X/Instagram/Web,x,2022_kbf,https://x.com/2022_kbf,https://instagram.com/kbf_2022_,https://gakumado.mynavi.jp/gmd/articles/58930,80,30,25,20,5,82,57e1492f-8ae5-4cd6-8e3c-aef3a35c347e,,,
458,2,2026-09 第2バッチ,レスリング部,東京大学,運動系（スポーツ・アウトドア）,,X/Instagram/Web,x,ut_wrestling,https://x.com/ut_wrestling,https://instagram.com/utokyowrestling,https://www.gakusei-walker.jp/s/56/club/detail/409/?srsltid=AfmBOornM0hdz_-0ECURoMIDPaPW5RqcHHpeLGEEKH-dPIHpp0ZsdhwW,65,30,10,20,5,33,7562ff9d-768a-4323-b781-af2bdc2c5ff0,,,
459,2,2026-09 第2バッチ,早稲田ITFテコンドークラブ,早稲田大学,運動系（スポーツ・アウトドア）,20,X/Instagram/Web,x,wasedataekwondo,https://x.com/WasedaTaekwondo,https://instagram.com/waseda_itf_taekwondo,http://wasedataekwondo.web.fc2.com/,85,30,25,20,10,84,96da2cb1-0bef-4da7-9fb0-91f41c18fbf9,,,
460,2,2026-09 第2バッチ,ソフィア・ダイバーシティ・ウィーク学生実行委員会(DW実行委員会),上智大学,イベント・企画（インカレ・学園祭等）,,Instagram/Web,instagram,sophia_dw.official,,https://instagram.com/sophia_dw.official,https://diversity-sustainability.sophia.ac.jp/information/5978/,67,20,17,25,5,56,2de93cba-1fcb-4d8f-b59d-8ecd9709b766,,,
461,2,2026-09 第2バッチ,ラフティング部ストローム会,一橋大学,運動系（スポーツ・アウトドア）,,X/Instagram/Web,x,strom_shinkan,https://x.com/strom_shinkan,https://instagram.com/tama_strom_cbk,https://rafting-strom.jimdofree.com/link-contact/,63,30,8,20,5,27,8fbd3bea-a5c8-4aff-a8f7-aa942f78dcb0,,,
462,2,2026-09 第2バッチ,地理倶楽部,慶應義塾大学,運動系（スポーツ・アウトドア）,,X/Instagram/Web,x,keio_geo_club,https://x.com/keio_geo_club,https://instagram.com/keio_geo_club,https://www.threads.com/@keio_geo_club,80,30,25,20,5,83,6084d21d-23ce-48ad-9ac0-e6b961f6959d,,,
463,2,2026-09 第2バッチ,早稲田祭運営スタッフ（まつりスタッフ）,早稲田大学,イベント・企画（インカレ・学園祭等）,600,X,x,wasedasai,https://x.com/wasedasai,,,80,10,25,25,20,85,771c2dbe-1034-42c1-929f-6974d2ee9f90,,,
464,2,2026-09 第2バッチ,体操部,京都大学,運動系（スポーツ・アウトドア）,,X/Instagram/Web,x,kyotogymnastics,https://x.com/kyotogymnastics,https://instagram.com/nyanko_love.2023,https://kyotogymnastics.1web.jp/,65,30,10,20,5,35,6e0549a6-808e-4690-a315-c6e2ec745670,,,
465,2,2026-09 第2バッチ,カトリック学生の会,上智大学,文化系（音楽・演劇・アート）,,X/Instagram/Web,x,katogaku_2020,https://x.com/katogaku_2020,https://instagram.com/katogaku_2020,https://sophia-catholicjesuit.jp/mission/student_association/rovers/,67,30,17,15,5,57,3673aad5-4116-47f1-be97-8dd5cf42b22b,,,
466,2,2026-09 第2バッチ,ワンダーフォーゲル部,東北大学,運動系（スポーツ・アウトドア）,,X/Instagram/Web,x,tuwvhourou,https://x.com/tuwvhourou,https://instagram.com/tmpu__wandervogel,https://www.tohoku.ac.jp/japanese/studentinfo/studentlife/02/studentlife0201/dantaiichiran.pdf,62,30,7,20,5,23,4f3cb0ed-072b-4b77-ae13-aeb7983b37fe,,,
467,2,2026-09 第2バッチ,自転車競技部,慶應義塾大学,運動系（スポーツ・アウトドア）,,X/Instagram/Web,website,https://keiobrt.com/,https://x.com/OpenKcc,https://instagram.com/cycling_club_kcc,https://keiobrt.com/,80,30,25,20,5,84,609f2331-5414-4494-a184-d9dd95f73c7f,,,
468,2,2026-09 第2バッチ,放送研究会,早稲田大学,メディア・出版,550,X/Web,x,whknetnow,https://x.com/whknetnow,,http://www.whknet.com/,80,20,25,15,20,86,34a81650-b706-4059-9789-59b457ca29ef,,,
469,2,2026-09 第2バッチ,理工学系漕艇部,東京科学大学,運動系（スポーツ・アウトドア）,,X/Instagram/Web,x,scitokyorowing,https://x.com/scitokyorowing,https://instagram.com/tokyotech_boat,https://titech.info/circle/92,58,30,3,20,5,12,50fe592c-83a3-4d74-ace0-37175b15919b,,,
470,2,2026-09 第2バッチ,漕艇部,北海道大学,運動系（スポーツ・アウトドア）,,X/Instagram/Web,x,hurc8,https://x.com/hurc8,https://instagram.com/hoku_med_rowing,https://hurc-rowing.studio.site/,63,30,8,20,5,26,6b998f81-1b22-44b8-8206-eb5b348556dc,,,
471,2,2026-09 第2バッチ,スケート部スピード部門,東京大学,運動系（スポーツ・アウトドア）,,X/Instagram/Web,website,https://bukatsunomikata.co.jp/movie/index.php?sort=12,https://x.com/utokyofigure,https://instagram.com/ut.figureskating,https://bukatsunomikata.co.jp/movie/index.php?sort=12,65,30,10,20,5,34,78470216-97f2-4aae-9b07-c4404d41bcd2,,,
472,2,2026-09 第2バッチ,卓球部,大阪大学,運動系（スポーツ・アウトドア）,,X/Instagram/Web,x,pinton_handai,https://x.com/Pinton_Handai,https://instagram.com/pinton_handai,https://welcome.omu-zichikai.jp/tabletennis/,63,30,8,20,5,28,7a32f7ee-814a-4fb8-8860-e261ad9f0ddc,,,
473,2,2026-09 第2バッチ,ボクシング部,名古屋大学,運動系（スポーツ・アウトドア）,,X/Instagram/Web,x,nu_boxing,https://x.com/nu_boxing,https://instagram.com/nu_boxing,https://www.nagoya-su.ac.jp/guide/circle/,62,30,7,20,5,25,547739ff-5d24-4aaf-b1b1-010a3f31ff0b,,,
474,2,2026-09 第2バッチ,ボクシング部,九州大学,運動系（スポーツ・アウトドア）,,X/Instagram/Web,instagram,fukuoka_univ.boxing,https://x.com/hitoboxing,https://instagram.com/fukuoka_univ.boxing,https://www.kiu.ac.jp/category/activitiesblog/athletic/boxing/,62,30,7,20,5,25,5c286a8e-0781-4e1a-91d8-2294b09934ef,,,
475,2,2026-09 第2バッチ,軟式野球同好会ベアーズ,慶應義塾大学,運動系（スポーツ・アウトドア）,,X/Instagram/Web,instagram,keio_bears,https://x.com/Keio_Circle,https://instagram.com/keio_bears,https://www.takushoku-u.ac.jp/summary/campus_magazine/files/gakuhou_375.pdf,80,30,25,20,5,85,62cf957f-5b9f-44bc-bba7-8e70e5752373,,,
476,2,2026-09 第2バッチ,早稲田大学韓国人学生会,早稲田大学,国際交流・語学,96,Instagram/Web,instagram,officialwuksa,,https://instagram.com/officialwuksa,http://wuksa.org/,80,20,25,20,15,87,73e07797-e2f8-4c23-99e0-03ff659db5b9,,,
477,2,2026-09 第2バッチ,演劇研究会,上智大学,文化系（音楽・演劇・アート）,,X/Instagram/Web,x,gekiken_sophia,https://x.com/Gekiken_Sophia,https://instagram.com/sophia_engeki2023,https://sophia-law4.hatenablog.com/entry/sophia_inter_performance,67,30,17,15,5,58,370bbbd1-804a-4f4c-b0ce-0600d765ca34,,,
478,2,2026-09 第2バッチ,体育会ハンドボール部,一橋大学,運動系（スポーツ・アウトドア）,,X/Instagram/Web,x,hit_hand_2024,https://x.com/hit_hand_2024,https://instagram.com/hit_handball,https://campus-map.jp/hit/club/48/,63,30,8,20,5,28,8fd4f85f-649d-4dfa-b608-6a0834861ec3,,,
479,2,2026-09 第2バッチ,京大熱気球,京都大学,運動系（スポーツ・アウトドア）,,X/Instagram/Web,instagram,ku_hotairballoon_club,https://x.com/kyoto_fish_life,https://instagram.com/ku_hotairballoon_club,https://kyoto-u.2024.giving-campaign.jp/groups?id=4de66e51-d920-42fd-84db-1e880ffbf603,65,30,10,20,5,36,716493df-0f39-4e7f-880e-7b42e8cbe69e,,,
480,2,2026-09 第2バッチ,B.Y.Bラグビーフットボールクラブ,慶應義塾大学,運動系（スポーツ・アウトドア）,,X/Instagram/Web,x,keio_byb,https://x.com/KEIO_BYB,https://instagram.com/keio_byb.rugby,https://www.gakusei-walker.jp/s/10/club/detail/182/?srsltid=AfmBOopzWOi-MuRD9kk6bq3pKs0jeucyTleKbbgcoKldT_am9t18a-nn,80,30,25,20,5,86,62f373ad-44cb-4359-bafd-7fce05237f1c,,,
481,2,2026-09 第2バッチ,Waseda Association Of Debaters,早稲田大学,国際交流・語学,90,X/Web,x,wasedadebate,https://x.com/WasedaDebate,,https://wasedadebate.weebly.com/,80,20,25,20,15,88,40abbeb4-d249-4082-a7cf-0c8aefbeda01,,,
482,2,2026-09 第2バッチ,上智大学ピアノの会,上智大学,文化系（音楽・演劇・アート）,,X/Instagram/Web,x,sophia_piano,https://x.com/sophia_piano,https://instagram.com/sophia.pianosociety55,https://sophiapiano408.wixsite.com/pkai,67,30,17,15,5,59,4f2b1ca7-cb9a-4340-9a71-a5af102f8ef6,,,
483,2,2026-09 第2バッチ,バドミントン部,国際基督教大学,運動系（スポーツ・アウトドア）,40,X/Instagram/Web,x,icubadminton,https://x.com/icubadminton,https://instagram.com/icubadminton,https://www.icu.ac.jp/campuslife/club/,64,30,4,20,10,13,f6f28558-1d95-477e-97df-e0dbc092c06a,,,
484,2,2026-09 第2バッチ,ピュアスキークラブ,慶應義塾大学,運動系（スポーツ・アウトドア）,,X/Instagram/Web,x,pureshinkan2024,https://x.com/pureshinkan2024,https://instagram.com/pure_shinkan,https://www.keio-pureski.com/blog,80,30,25,20,5,87,6465fd5a-6f4f-4eac-a87b-11ce36c7af42,,,
485,2,2026-09 第2バッチ,釣の会,早稲田大学,運動系（スポーツ・アウトドア）,90,X/Instagram,x,waseda_fishing,https://x.com/waseda_fishing,https://instagram.com/waseda_fishing,,80,20,25,20,15,89,9dfd9ec1-4555-4f52-b59e-b12075c93d87,,,
486,2,2026-09 第2バッチ,東京大学ピアサポートルーム執行部,東京大学,運動系（スポーツ・アウトドア）,,X/Instagram/Web,x,utpsr,https://x.com/utpsr,https://instagram.com/ut_psr,https://ut-psr.net/wp-content/uploads/2022/07/3ff9deabd6e621551914a3f4e9d1273c.pdf,65,30,10,20,5,35,7a239177-d1a6-4d97-bad7-2e0ba24d8373,,,
487,2,2026-09 第2バッチ,スケート部,東北大学,運動系（スポーツ・アウトドア）,,X/Instagram/Web,x,tohokuicehockey,https://x.com/TohokuIcehockey,https://instagram.com/tohoku_icehock,https://www.gakuyukai.ihe.tohoku.ac.jp/club/%E3%82%B9%E3%82%B1%E3%83%BC%E3%83%88%E9%83%A8%E3%82%A2%E3%82%A4%E3%82%B9%E3%83%9B%E3%83%83%E3%82%B1%E3%83%BC%E9%83%A8%E9%96%80/,62,30,7,20,5,24,4fbe9f8d-d81f-4e4a-aadc-e8c966e2cf33,,,
488,2,2026-09 第2バッチ,アーチェリー部,大阪大学,運動系（スポーツ・アウトドア）,,X/Instagram/Web,x,osu_archery,https://x.com/osu_archery,https://instagram.com/ou_archery,https://www.osaka-sandai.ac.jp/club_circle/club/19,63,30,8,20,5,29,7b093bde-0b54-45d4-8ba0-e9b3bf393814,,,
489,2,2026-09 第2バッチ,サッカー部,北海道大学,運動系（スポーツ・アウトドア）,,X/Instagram/Web,x,goinghokkaido,https://x.com/goinghokkaido,https://instagram.com/elf_hokudai,https://note.com/humolkky/n/nd6d062a07373,63,30,8,20,5,27,6ed2a0fb-04a8-40a7-88d6-f7a5062a6fe0,,,
490,2,2026-09 第2バッチ,ポニー・テニスクラブ,慶應義塾大学,運動系（スポーツ・アウトドア）,,X/Instagram/Web,x,keiopony2023,https://x.com/keiopony2023,https://instagram.com/keiopony2023,https://info-jukusei.com/keiopony_2022/,80,30,25,20,5,88,65469bee-f6fc-432a-b60d-ea8bfdea30ef,,,
491,2,2026-09 第2バッチ,政友会,早稲田大学,学術・研究（ゼミ・研究会・勉強会）,90,X/Instagram/Web,x,sodaiseiyukai,https://x.com/sodaiseiyukai,https://instagram.com/sodaiseiyukai,https://www.wasedaseiyukai.com/,80,30,25,10,15,90,ef20d55b-8afe-47d9-b843-dc5aef1ffbb4,,,
492,2,2026-09 第2バッチ,ソフィアモダンダンサーズ,上智大学,文化系（音楽・演劇・アート）,,X/Instagram/Web,x,smd_modern2,https://x.com/smd_modern2,https://instagram.com/sophiamoderndan,https://sophia-modern-dancers.jimdofree.com/,67,30,17,15,5,60,5405676c-a677-487e-b87a-b1fa5636ca77,,,
493,2,2026-09 第2バッチ,剣道部,名古屋大学,運動系（スポーツ・アウトドア）,,X/Instagram/Web,x,num_kendo,https://x.com/num_kendo,https://instagram.com/meidai_kendo,https://www.med.nagoya-u.ac.jp/medical_J/school/campus-life/clubs/,62,30,7,20,5,26,57d7d0d7-27e1-4abf-89b3-902675316bd5,,,
494,2,2026-09 第2バッチ,合気道部,九州大学,運動系（スポーツ・アウトドア）,,X/Instagram/Web,x,qdai_aikidou,https://x.com/qdai_aikidou,https://instagram.com/aikido_kyushu_u,https://kyudaicirclehp.wixsite.com/info/ito-sports/%E4%B9%9D%E5%B7%9E%E5%A4%A7%E5%AD%A6%E5%90%88%E6%B0%97%E9%81%93%E9%83%A8,62,30,7,20,5,26,6cec4048-ea5c-473b-965d-c56fb365f7b0,,,
495,2,2026-09 第2バッチ,端艇部,京都大学,運動系（スポーツ・アウトドア）,,X/Instagram/Web,x,kurc_darkblue,https://x.com/kurc_darkblue,https://instagram.com/kurc.rowing,https://linktr.ee/kurc2021,65,30,10,20,5,37,756525d4-fc4a-4c40-a578-f5755d91958a,,,
496,2,2026-09 第2バッチ,ALL一橋競技ダンス部,一橋大学,運動系（スポーツ・アウトドア）,,X/Instagram/Web,x,hitotsuba_brdc,https://x.com/hitotsuba_brdc,https://instagram.com/hitotsubashi_ballroom,https://campus-map.jp/hit/club/100/,63,30,8,20,5,29,91dc2904-9865-43d2-a075-b7b71498d3be,,,
497,2,2026-09 第2バッチ,軟式野球部,慶應義塾大学,運動系（スポーツ・アウトドア）,,X/Instagram/Web,x,keionanshiki20,https://x.com/keionanshiki20,https://instagram.com/keioroyals_2025,https://info-jukusei.com/chuyans/,80,30,25,20,5,89,662d9e26-6533-4fff-8e4d-5aa2b353ce9d,,,
498,2,2026-09 第2バッチ,中国語学習会,早稲田大学,国際交流・語学,85,X/Instagram,x,wasechaiken,https://x.com/wasechaiken,https://instagram.com/wasechaiken_2021,,80,20,25,20,15,91,6c6fc5f0-5dd1-483a-b840-b4c30147f337,,,
499,2,2026-09 第2バッチ,ソフィアオリンピック・パラリンピック学生プロジェクトGo Beyond（上智大学Go Beyond）,上智大学,文化系（音楽・演劇・アート）,,X/Instagram/Web,x,gobeyondsophia,https://x.com/Gobeyondsophia,https://instagram.com/gobeyond_sophia,https://www.gobeyond-sophia.com/,67,30,17,15,5,61,56d1579e-207c-45b6-ad3e-0d9be37291d1,,,
500,2,2026-09 第2バッチ,バスケットボール部,東京大学,運動系（スポーツ・アウトドア）,,X/Instagram/Web,x,utwbbc,https://x.com/utwbbc,https://instagram.com/ut_basketball,https://services.undou-kai.com/clubs/mbasketball/,65,30,10,20,5,36,7e395996-817e-48ed-817f-90cf3d3e23ff,,,
501,2,2026-09 第2バッチ,ゴブリンスキークラブ,慶應義塾大学,運動系（スポーツ・アウトドア）,,X/Instagram/Web,x,goblin_ski,https://x.com/GOBLIN_ski,https://instagram.com/goblin_ski_snowboard,https://orientation.keio-zenkyo.net/fall2022,80,30,25,20,5,90,6a724489-98cf-4051-88fe-831f015ede1d,,,
502,2,2026-09 第2バッチ,天文同好会,早稲田大学,学術・研究（ゼミ・研究会・勉強会）,80,X/Instagram/Web,x,waxa_souten,https://x.com/waxa_souten,https://instagram.com/waxa_tenmon,http://waxatenmon.wp.xdomain.jp/,80,30,25,10,15,92,4c241620-119a-42e2-bdce-02447cb8adef,,,
503,2,2026-09 第2バッチ,応援団,京都大学,運動系（スポーツ・アウトドア）,,X/Instagram/Web,x,kyotounivcp,https://x.com/KyotounivCp,https://instagram.com/kucp_cheer,https://campus-map.jp/kyoto/club/16/,65,30,10,20,5,38,7a3d6b22-6dc4-4aa0-b8c6-0ce56582cc08,,,
504,2,2026-09 第2バッチ,ワンダーフォーゲル部,大阪大学,運動系（スポーツ・アウトドア）,,X/Instagram/Web,instagram,ouwv_official,https://x.com/ouwv_official,https://instagram.com/ouwv_official,https://www.ouwv.net/,63,30,8,20,5,30,8a712d05-d666-4b37-8200-320ebfeabd46,,,
505,2,2026-09 第2バッチ,射撃部,慶應義塾大学,運動系（スポーツ・アウトドア）,,X/Instagram/Web,x,keiorifle_pr,https://x.com/keiorifle_pr,https://instagram.com/keio_rifle.shinkan,https://www.keio-rifle.com/,80,30,25,20,5,91,6a99731c-06b6-422c-a9fb-5f03568f0416,,,
506,2,2026-09 第2バッチ,Truthテニスクラブ,早稲田大学,運動系（スポーツ・アウトドア）,80,X/Instagram,x,truthtc,https://x.com/truthtc,https://instagram.com/waseda_truthtc,,80,20,25,20,15,93,bcd8f383-fe37-4ebd-af83-a9ed93477762,,,
507,2,2026-09 第2バッチ,上智大学ローバース,上智大学,文化系（音楽・演劇・アート）,,X/Instagram/Web,instagram,sophia_rovers,https://x.com/keiorover,https://instagram.com/sophia_rovers,https://sophia-catholicjesuit.jp/mission/student_association/rovers/,67,30,17,15,5,62,5cdc157e-6ec9-4152-adde-5948704defa5,,,
508,2,2026-09 第2バッチ,ソフトボール部,北海道大学,運動系（スポーツ・アウトドア）,,X/Instagram/Web,x,hokudaisoftball,https://x.com/hokudaisoftball,https://instagram.com/hokudaisoftball,https://www.hokudai-softball.net/%E6%96%B0%E5%88%8A%E6%83%85%E5%A0%B12026,63,30,8,20,5,28,70a9e26d-9828-44d3-9ba9-7d4d35d72097,,,
509,2,2026-09 第2バッチ,サイクリング部,東北大学,運動系（スポーツ・アウトドア）,,X/Instagram/Web,instagram,tucc_tohoku_cycling,https://x.com/suikyu_toh,https://instagram.com/tucc_tohoku_cycling,https://www.tohoku.ac.jp/japanese/studentinfo/studentlife/02/studentlife0201/dantaiichiran.pdf,62,30,7,20,5,25,5254734c-a681-4a99-8ff9-e80d88c1ec5b,,,
510,2,2026-09 第2バッチ,アメリカンフットボール部,東京科学大学,運動系（スポーツ・アウトドア）,,X/Instagram/Web,x,tokyotech_buffs,https://x.com/tokyotech_buffs,https://instagram.com/buffaloes_sciencetokyo,https://titech.info/circle/74,58,30,3,20,5,13,533c3e90-4c70-4f8f-a62c-6402082ef683,,,
511,2,2026-09 第2バッチ,サッカー同好会,一橋大学,運動系（スポーツ・アウトドア）,,X/Instagram/Web,instagram,sakado_official,https://x.com/handyman_saito,https://instagram.com/sakado_official,https://campus-map.jp/hit/club/130/,63,30,8,20,5,30,95842fb9-dcc3-431e-8635-70d4f031aaeb,,,
512,2,2026-09 第2バッチ,居合道部,名古屋大学,運動系（スポーツ・アウトドア）,,X/Instagram/Web,x,iaido_nagoya_u,https://x.com/iaido_nagoya_u,https://instagram.com/nufs_nuas_iaido,https://nagoya-u-iaido.netlify.app/,62,30,7,20,5,27,6087ee91-4bce-46b4-aad4-642058424953,,,
513,2,2026-09 第2バッチ,ハンドボール部,九州大学,運動系（スポーツ・アウトドア）,,X/Instagram/Web,x,kyudaiiyakuhand,https://x.com/kyudaiiyakuhand,https://instagram.com/q_hand_ball_shinkan2025,https://florianduclos.fr/?r=7039258841201,62,30,7,20,5,27,6de86f95-27c8-4b13-bb8b-f589f2ff69a1,,,
514,2,2026-09 第2バッチ,サッカー部（理工学部）,慶應義塾大学,運動系（スポーツ・アウトドア）,,X/Instagram/Web,x,rikotai_soccer,https://x.com/Rikotai_soccer,https://instagram.com/keiorikotai_soccer,https://be4do.com/column/8619/,80,30,25,20,5,92,6b1ee801-fa45-43ee-a08f-ab0bf320fc19,,,
515,2,2026-09 第2バッチ,リヴェルデーデ,早稲田大学,運動系（スポーツ・アウトドア）,80,X/Instagram,x,liberdade_2024,https://x.com/liberdade_2024,https://instagram.com/liberdade.waseda,,80,20,25,20,15,94,d4bc25e4-b497-48fc-8e48-42d17bbf9161,,,
516,2,2026-09 第2バッチ,ラグビー部,東京大学,運動系（スポーツ・アウトドア）,,X/Instagram/Web,instagram,tokyo_rugby1921,https://x.com/tohokumed_rfc,https://instagram.com/tokyo_rugby1921,https://linktr.ee/turfc.pr,65,30,10,20,5,37,81853451-bcf3-4d25-ae8b-ce7cfe8ff73c,,,
517,2,2026-09 第2バッチ,劇団ソフィアリトルスクエア,上智大学,文化系（音楽・演劇・アート）,,X/Instagram/Web,x,little_square,https://x.com/little_square,https://instagram.com/sophia_engeki2023,https://sophia-modern-dancers.jimdofree.com/,67,30,17,15,5,63,6417ac8d-0e6c-4c0d-80b7-32517b608c5a,,,
518,2,2026-09 第2バッチ,バレーボール部（医学部）,慶應義塾大学,運動系（スポーツ・アウトドア）,,X/Instagram/Web,instagram,keiomed_volleyball,https://x.com/keiovolley16,https://instagram.com/keiomed_volleyball,https://orientation.keio-zenkyo.net/circle2024-en/201m,80,30,25,20,5,93,6ba7dfaa-6e07-4f29-8b05-6b9359e91c51,,,
519,2,2026-09 第2バッチ,早稲田キャリア研究会,早稲田大学,学術・研究（ゼミ・研究会・勉強会）,80,X/Instagram/Web,x,waseda_c_s,https://x.com/waseda_c_s,https://instagram.com/waseda_c_s,https://www.waseda-career-society-wcs.com/,80,30,25,10,15,95,ee816faa-83c4-477d-b776-ae092a3a6e84,,,
520,2,2026-09 第2バッチ,射撃部,京都大学,運動系（スポーツ・アウトドア）,,X/Instagram/Web,x,kyodai_syageki,https://x.com/Kyodai_Syageki,https://instagram.com/ksu_shooting,https://ksu-shooting.vercel.app/,65,30,10,20,5,39,7a6b168e-5f50-438a-9aab-0f448f46c0d1,,,
521,2,2026-09 第2バッチ,硬式庭球部,国際基督教大学,運動系（スポーツ・アウトドア）,40,X/Instagram/Web,x,rikkyotennis,https://x.com/rikkyotennis,https://instagram.com/icuwomenstennis,https://www.icu.ac.jp/campuslife/club/,64,30,4,20,10,14,faa3c921-af08-4d3d-89cd-4ebe5c24578a,,,
522,2,2026-09 第2バッチ,サイクリング部,大阪大学,運動系（スポーツ・アウトドア）,,X/Instagram/Web,x,ouccracer,https://x.com/ouccracer,https://instagram.com/ouccracer,https://oucc.jp/main/,63,30,8,20,5,31,901d15ac-88f4-4de0-a879-4ea823c5abed,,,
523,2,2026-09 第2バッチ,軟式野球同好会ロイヤルズ,慶應義塾大学,運動系（スポーツ・アウトドア）,,X/Instagram/Web,x,keio_royals,https://x.com/keio_royals,https://instagram.com/keioroyals_2025,https://info-jukusei.com/keio_royals-2/,80,30,25,20,5,94,6bea3965-1619-405a-a6ee-fb4c31d32abe,,,
524,2,2026-09 第2バッチ,エレクトーンサークル　AUGMENT,早稲田大学,趣味・その他,75,X/Instagram/Web,x,augmentwaseda,https://x.com/augmentwaseda,https://instagram.com/augment_waseda,http://aug.skr.jp/,80,30,25,10,15,96,dd138aa6-1b39-4fda-8b10-21e238a7bea1,,,
525,2,2026-09 第2バッチ,上智大学フラサークルHau’oli,上智大学,文化系（音楽・演劇・アート）,,X/Instagram/Web,x,hauoli_sophia,https://x.com/Hauoli_Sophia,https://instagram.com/sophiahulagirlshauoli,https://ameblo.jp/sophia-hulagirls/entry-12609434499.html,67,30,17,15,5,64,66e65e13-4e78-47e3-b74c-dbe98043b844,,,
526,2,2026-09 第2バッチ,男子ラクロス部,北海道大学,運動系（スポーツ・アウトドア）,,X/Instagram/Web,x,hokudai_lax,https://x.com/Hokudai_lax,https://instagram.com/hokudai_lax,https://ameblo.jp/hokulax/entry-12900680482.html,63,30,8,20,5,29,7984505b-503c-44f7-986b-3e30fa179f52,,,
527,2,2026-09 第2バッチ,女子バレーボール部,一橋大学,運動系（スポーツ・アウトドア）,,X/Instagram/Web,x,hit_volleygirls,https://x.com/hit_volleygirls,https://instagram.com/hitotsubashi.girls.vbc_,https://campus-map.jp/hit/club/66/,63,30,8,20,5,31,96d93dea-78eb-43a3-b1d3-86293bb314ea,,,
528,2,2026-09 第2バッチ,端艇部,東京大学,運動系（スポーツ・アウトドア）,,X/Instagram/Web,x,kaiyorc,https://x.com/kaiyorc,https://instagram.com/todairowing,https://souteibu.jp/,65,30,10,20,5,38,8189ebde-fd53-4dbe-9fd3-6db0a9de6b43,,,
529,2,2026-09 第2バッチ,水球部,東北大学,運動系（スポーツ・アウトドア）,,X/Instagram/Web,x,tohoku_wp_2024,https://x.com/tohoku_wp_2024,https://instagram.com/suikyu_tohoku,https://ameblo.jp/suikyutohoku/,62,30,7,20,5,26,5eecf6ad-9b49-4bea-b0ed-0e28fef8dcc3,,,
530,2,2026-09 第2バッチ,国際政経研究会,慶應義塾大学,国際交流・語学,,X/Instagram/Web,x,kokusaiseikeio,https://x.com/kokusaiseikeio,https://instagram.com/kokusaiseikeio,https://kokusaiseikei.weebly.com/,80,30,25,20,5,95,6c95d1a3-d5e7-416a-863c-82f09674d44d,,,
531,2,2026-09 第2バッチ,ワイヴァーンズ　クリケットクラブ,早稲田大学,運動系（スポーツ・アウトドア）,71,X/Instagram,x,wyvernscc,https://x.com/wyvernsCC,https://instagram.com/wyvernscc,,80,20,25,20,15,97,4b0a0cc8-d136-4b34-92ce-501efd63f040,,,
532,2,2026-09 第2バッチ,ラグビー部,名古屋大学,運動系（スポーツ・アウトドア）,,X/Instagram/Web,x,nurfc_,https://x.com/nurfc_,https://instagram.com/nagoya.med_rfc,https://www.nurfc.jp/,62,30,7,20,5,28,6420c4a6-443d-4451-b050-1ec416eba291,,,
533,2,2026-09 第2バッチ,ゴルフ部,九州大学,運動系（スポーツ・アウトドア）,,X/Instagram/Web,x,kyudaigolf,https://x.com/kyudaigolf,https://instagram.com/kyudaigolf,https://qmedgolf.jimdofree.com/,62,30,7,20,5,28,7e0eaa28-bc8e-4d3c-bfc8-9e73e52dd726,,,
534,2,2026-09 第2バッチ,サッカー部,京都大学,運動系（スポーツ・アウトドア）,,X/Instagram/Web,x,kyoto_soccer,https://x.com/kyoto_soccer,https://instagram.com/kyodai_riko,https://www.kyoto-gakuseisaiten.com/shinkan_group/4182,65,30,10,20,5,40,7a7a6daa-c924-4e61-94d3-23013dd2ff56,,,
535,2,2026-09 第2バッチ,上智大学手話サークルてのひら,上智大学,ボランティア・NPO,,X/Instagram/Web,x,sophia_tenohira,https://x.com/sophia_tenohira,https://instagram.com/tenohira.sophia,https://diversity-sustainability.sophia.ac.jp/efforts/835/,67,30,17,15,5,65,7418ccc1-54a7-45db-aa0f-7ac8533e0fe0,,,
536,2,2026-09 第2バッチ,器械体操部,慶應義塾大学,運動系（スポーツ・アウトドア）,,X/Instagram/Web,x,keiogym_tra,https://x.com/keiogym_tra,https://instagram.com/keiogymnastics_trampoline,https://keio-gym.jp/relay/%E8%87%AA%E5%B7%B1%E7%B4%B9%E4%BB%8B-33/,80,30,25,20,5,96,718ef520-016b-4dfa-b4ee-ef283e247fac,,,
537,2,2026-09 第2バッチ,Espiga,早稲田大学,運動系（スポーツ・アウトドア）,70,X/Instagram,x,espiga2020,https://x.com/espiga2020,https://instagram.com/espiga_waseda,,80,20,25,20,15,98,9ecbfa23-c794-49ec-a1ce-6b423f7dec68,,,
538,2,2026-09 第2バッチ,ソフトテニス部,大阪大学,運動系（スポーツ・アウトドア）,,X/Instagram/Web,x,ou_stt_official,https://x.com/ou_stt_official,https://instagram.com/ou_softtennis_shinkan2026,https://linktr.ee/hus_shinkan2023,63,30,8,20,5,32,98b6b755-12b9-4e2c-a1db-f16c67debab7,,,
539,2,2026-09 第2バッチ,蹴球同好会イーグルス,慶應義塾大学,運動系（スポーツ・アウトドア）,,X/Instagram/Web,x,keioeagles,https://x.com/keioeagles,https://instagram.com/keioeagles,https://be4do.com/column/6206/,80,30,25,20,5,97,7266cb59-fd67-4579-9520-f5b7c23f2202,,,
540,2,2026-09 第2バッチ,早稲田AI研究会,早稲田大学,学術・研究（ゼミ・研究会・勉強会）,70,X/Instagram/Web,x,waseda_ai,https://x.com/waseda_ai,https://instagram.com/waseda_ai,https://www.wasedaaiclub.com/,80,30,25,10,15,99,add0dd45-c5bc-40c8-877b-749a7a3084dd,,,
541,2,2026-09 第2バッチ,ソフィアボランティアネットワーク（SVN）,上智大学,ボランティア・NPO,,X/Instagram/Web,x,svnfor311,https://x.com/svnfor311,https://instagram.com/svnfor311,https://svnformichikusa.amebaownd.com/,67,30,17,15,5,66,74a5b11d-a5da-496e-addc-7edf21181711,,,
542,2,2026-09 第2バッチ,射撃部,東京大学,運動系（スポーツ・アウトドア）,,X/Instagram/Web,x,ut_shooting,https://x.com/ut_shooting,https://instagram.com/tku_syageki,https://tkushinkan.com/clubs/view/page/3/id/128,65,30,10,20,5,39,87389143-45d9-4d72-b739-921760145615,,,
543,2,2026-09 第2バッチ,チアリーダー部,北海道大学,運動系（スポーツ・アウトドア）,,X/Instagram/Web,x,cadendia_hu,https://x.com/CADENDIA_HU,https://instagram.com/huc_cadendia,https://hubcnavi.net/cheer,63,30,8,20,5,30,7f87ece2-a589-4fda-966a-4403b84d3902,,,
544,2,2026-09 第2バッチ,体育会硬式庭球部（女子）,一橋大学,運動系（スポーツ・アウトドア）,,X/Instagram/Web,x,hit_tennis_girl,https://x.com/hit_tennis_girl,https://instagram.com/hit_tennis_girls_,https://campus-map.jp/hit/club/46/,63,30,8,20,5,32,a3c77c72-0241-4788-bf18-8bddf9d2ee7d,,,
545,2,2026-09 第2バッチ,馬術部,京都大学,運動系（スポーツ・アウトドア）,,X/Instagram/Web,x,kyodaibajutu,https://x.com/kyodaibajutu,https://instagram.com/kyodaibajutu,https://campus-map.jp/kyoto/club/121/,65,30,10,20,5,41,7bafd26f-0f1b-49f3-8fbf-2f74e855e455,,,
546,2,2026-09 第2バッチ,バレーボール交友会,慶應義塾大学,運動系（スポーツ・アウトドア）,,X/Instagram/Web,instagram,kvf_2021,https://x.com/kvc_volleyball,https://instagram.com/kvf_2021,https://info-jukusei.com/kvf/,80,30,25,20,5,98,72a6a199-197b-4615-88b5-eb8a5621beed,,,
547,2,2026-09 第2バッチ,ギャラクシーテニスクラブ,早稲田大学,運動系（スポーツ・アウトドア）,70,X/Instagram,x,waseda_galaxytc,https://x.com/waseda_galaxytc,https://instagram.com/waseda_galaxytc,,80,20,25,20,15,100,c6cc5b69-0b05-41dd-9d5b-2512c9021f55,,,
548,2,2026-09 第2バッチ,上智大学パフェサークル,上智大学,文化系（音楽・演劇・アート）,,X/Instagram/Web,instagram,sophia_parfait_club,https://x.com/SophiaSCM,https://instagram.com/sophia_parfait_club,https://dot.asahi.com/ad/180531/18.html,67,30,17,15,5,67,74c98baa-7546-45ef-8a7b-cd5521268ec1,,,
549,2,2026-09 第2バッチ,スキー部,東北大学,運動系（スポーツ・アウトドア）,,X/Instagram/Web,instagram,tohoku.univ.ski,https://x.com/suikyu_toh,https://instagram.com/tohoku.univ.ski,https://www.tohoku.ac.jp/japanese/studentinfo/studentlife/02/studentlife0201/dantaiichiran.pdf,62,30,7,20,5,27,5ef56582-1071-46f5-b4aa-cd3dac731ea2,,,
550,2,2026-09 第2バッチ,サイクリング部,名古屋大学,運動系（スポーツ・アウトドア）,,X/Instagram/Web,x,nuccdotjp,https://x.com/NUCCdotJP,https://instagram.com/nucc_official,https://nucc.jp/,62,30,7,20,5,29,64c16f80-25d9-49f8-a9b9-0a39f44b8759,,,
551,3,2026-10 第3バッチ,男子ラクロス部,九州大学,運動系（スポーツ・アウトドア）,,X/Instagram/Web,x,hase_potato,https://x.com/hase_potato,https://instagram.com/ballena_kyushuTwitter,https://pando.life/ballena_lax/articles,62,30,7,20,5,29,824f54c0-43d9-458f-b6d8-b4bb2307fc0e,,,
552,3,2026-10 第3バッチ,体育会ヨット部,東京科学大学,運動系（スポーツ・アウトドア）,,X/Instagram/Web,x,scitokyoyacht26,https://x.com/Scitokyoyacht26,https://instagram.com/scitokyo_sailing,https://titech.info/circle/97,58,30,3,20,5,14,7f18b7ab-ed5d-4845-ac6a-c7374ce7b2ee,,,
553,3,2026-10 第3バッチ,Dance Team Brilliant Pinks,早稲田大学,運動系（スポーツ・アウトドア）,68,X/Instagram,x,brilliantpinks,https://x.com/brilliantpinks,https://instagram.com/brilliantpinks,,80,20,25,20,15,101,e1579523-f523-41c6-bbb7-64d7c3a689cc,,,
554,3,2026-10 第3バッチ,棋道部,慶應義塾大学,運動系（スポーツ・アウトドア）,,X/Instagram/Web,x,1134golden,https://x.com/1134golden,https://instagram.com/keioshogi,https://www.hchs.ed.jp/campus/niigata/,80,30,25,20,5,99,73b3bf09-36e5-41d7-b472-4ee224bebaba,,,
555,3,2026-10 第3バッチ,東京大学現代国際法研究会,東京大学,国際交流・語学,,X/Instagram/Web,x,ut_houken,https://x.com/UT_houken,https://instagram.com/utmilc,https://campus-map.jp/ut/club/217/,65,30,10,20,5,40,8d8bfe5b-0326-4bbd-8a2e-bf3e83047bec,,,
556,3,2026-10 第3バッチ,トライアスロンチーム　ノースウエスト,早稲田大学,運動系（スポーツ・アウトドア）,68,X/Instagram,x,tri_northwest,https://x.com/tri_northwest,https://instagram.com/waseda_triathlon_northwest,,80,20,25,20,15,102,ef5d6964-ee98-4396-a145-d923a67dcdf3,,,
557,3,2026-10 第3バッチ,上智大学音楽協議会本部,上智大学,文化系（音楽・演劇・アート）,,X/Instagram/Web,website,https://findsophia.jp/wp-content/uploads/2021/08/sophiansguide_jp_0428.pdf,https://x.com/SophiaUniv_JP,https://instagram.com/sophiauniversity,https://findsophia.jp/wp-content/uploads/2021/08/SophiansGuide_JP_0428.pdf,67,30,17,15,5,68,79599320-55c0-47e8-a951-04b526c9e886,,,
558,3,2026-10 第3バッチ,ホワイトベアアイスホッケークラブ,慶應義塾大学,運動系（スポーツ・アウトドア）,,X/Instagram/Web,x,keiowhitebear,https://x.com/keiowhitebear,https://instagram.com/keiowhitebear,https://orientation.keio-zenkyo.net/circle2025/138,80,30,25,20,5,100,73f2053b-d36c-4a51-a11e-1bee0e743f5f,,,
559,3,2026-10 第3バッチ,バドミントン部,大阪大学,運動系（スポーツ・アウトドア）,,X/Instagram/Web,instagram,dazs_badminton_ou,https://x.com/handaisyoukai,https://instagram.com/dazs_badminton_ou,https://badmintonzoo.jimdofree.com/,63,30,8,20,5,33,9aed540a-0ce6-426f-9c4f-baf28455ca78,,,
560,3,2026-10 第3バッチ,映画研究会,国際基督教大学,文化系（音楽・演劇・アート）,40,X/Instagram/Web,x,icu_rince,https://x.com/icu_rince,https://instagram.com/icu_filmclub,https://www.icu.ac.jp/campuslife/club/,59,30,4,15,10,15,140b7527-5d21-4479-a115-215846867f4d,,,
561,3,2026-10 第3バッチ,山岳部,京都大学,運動系（スポーツ・アウトドア）,,X/Instagram/Web,x,kualpine,https://x.com/kualpine,https://instagram.com/kyoto_university_alpine_club,https://www.kyoto-wu.ac.jp/student/club/club/spo_alpine.html,65,30,10,20,5,42,83de486d-a308-4006-a1cc-f298be9dccd8,,,
562,3,2026-10 第3バッチ,男子バレーボール部,一橋大学,運動系（スポーツ・アウトドア）,,X/Instagram/Web,x,hvc_shinkan,https://x.com/hvc_shinkan,https://instagram.com/hit_u_vbc,https://hitvolley.hatenablog.com/entry/2024/03/18/122534,63,30,8,20,5,33,a3c7a331-9968-43ba-ab06-bf3871447457,,,
563,3,2026-10 第3バッチ,居合道部,北海道大学,運動系（スポーツ・アウトドア）,,X/Instagram/Web,x,hokudai_iai2023,https://x.com/hokudai_iai2023,https://instagram.com/hokudaiiaido,https://dormy-hokkaido.com/pickup/hokudaikounin-bukatsu/,63,30,8,20,5,31,85300ce7-280e-405e-a8e7-d8b77e1ee824,,,
564,3,2026-10 第3バッチ,早稲田大学踊ってみたサークル,早稲田大学,運動系（スポーツ・アウトドア）,64,X/Instagram,x,odottemita_w,https://x.com/odottemita_w,https://instagram.com/waseodogram,,80,20,25,20,15,103,d60b38a1-2d16-428e-8005-6f8758c73b58,,,
565,3,2026-10 第3バッチ,野球部,慶應義塾大学,運動系（スポーツ・アウトドア）,,X/Instagram/Web,x,okanouehills,https://x.com/okanouehills,https://instagram.com/keio_unicorns_,https://info-jukusei.com/keb_shinkan2022/,80,30,25,20,5,101,7727dfdc-1733-40d7-9ca7-aa5ee99e8a19,,,
566,3,2026-10 第3バッチ,管弦楽部（SPO）,上智大学,文化系（音楽・演劇・アート）,,X/Instagram/Web,x,sophia_phil,https://x.com/Sophia_Phil,https://instagram.com/sophia_philharmonic_orchestra,https://linktr.ee/sophia_philharmonic_orchestra,67,30,17,15,5,69,7c3202d4-3bfa-4e69-b205-eb5d33bc646f,,,
567,3,2026-10 第3バッチ,フライングディスク部,名古屋大学,運動系（スポーツ・アウトドア）,,X/Instagram/Web,x,blooms_ultimate,https://x.com/Blooms_Ultimate,https://instagram.com/nagoya.univ.blooms,https://nagoya-u.2024.giving-campaign.jp/groups?id=4b9b076a-d130-4e37-94ef-02307b3239ce,62,30,7,20,5,30,6eb86ef1-c046-4faa-bdcb-ba5b9b0c2b2a,,,
568,3,2026-10 第3バッチ,ヨット部,九州大学,運動系（スポーツ・アウトドア）,,X/Instagram/Web,x,yacht_s_2024,https://x.com/yacht_s_2024,https://instagram.com/kyushu_university_yacht_club,https://qyacht.jimdoweb.com/%E9%83%A8%E5%93%A1%E7%B4%B9%E4%BB%8B/,62,30,7,20,5,30,846f0fbf-e733-4b08-ac25-d904252c23af,,,
569,3,2026-10 第3バッチ,理工硬式庭球部,早稲田大学,運動系（スポーツ・アウトドア）,60,X/Instagram,x,wasedarikotc,https://x.com/wasedarikotc,https://instagram.com/rikoshinkan,,80,20,25,20,15,104,0f2d638c-3830-4245-8632-d3c1b077130c,,,
570,3,2026-10 第3バッチ,国際医学研究会,慶應義塾大学,国際交流・語学,,X/Instagram/Web,x,imakeio1978,https://x.com/imakeio1978,https://instagram.com/imakeio.since1978,https://www.kyorin-u.ac.jp/univ/faculty/medicine/education/staff/detail/?id=med34014,80,30,25,20,5,102,776d5773-8b8d-4f22-afd3-1b9f71513a6e,,,
571,3,2026-10 第3バッチ,ハンドボール部,東北大学,運動系（スポーツ・アウトドア）,,X/Instagram/Web,instagram,tguhandball,https://x.com/suikyu_toh,https://instagram.com/tguhandball,https://tohoku.2024.giving-campaign.jp/groups?id=3cba0442-5fd1-4e48-a48a-64c8c266535a,62,30,7,20,5,28,60b6ecc6-a9c8-4702-b4a4-402d219fb080,,,
572,3,2026-10 第3バッチ,洋弓部,東京大学,運動系（スポーツ・アウトドア）,,X/Instagram/Web,x,utarchery,https://x.com/utarchery,https://instagram.com/ut_archery_toudai,https://tukc-utokyo.amebaownd.com/posts/8068546/,65,30,10,20,5,41,96ed3c1e-ae88-4a4a-8f67-ca9fb5da53ec,,,
573,3,2026-10 第3バッチ,バドミントンサークルレモンスカッシュ,京都大学,運動系（スポーツ・アウトドア）,,X/Instagram/Web,x,l_squash2024,https://x.com/L_Squash2024,https://instagram.com/lemon_squash2021,https://ngntipkolamrenang.twstalker.com/L_Squash2024,65,30,10,20,5,43,855beba0-72e5-413f-97f7-84f5cec8f326,,,
574,3,2026-10 第3バッチ,早稲田大学フィンスイミングチーム SIX BEAT,早稲田大学,運動系（スポーツ・アウトドア）,60,X/Instagram,x,finsixbeat,https://x.com/finsixbeat,https://instagram.com/sixbeat___finswimming,,80,20,25,20,15,105,ae5b8299-5391-493d-9d55-9c2bc4c06c45,,,
575,3,2026-10 第3バッチ,キューズ,上智大学,文化系（音楽・演劇・アート）,,X/Instagram/Web,x,sophia_qs,https://x.com/sophia_Qs,https://instagram.com/qs_sophia,https://shibuya-qws.com/project/unbiasedlearning,67,30,17,15,5,70,7d6a50cf-0942-4974-ac04-9b71662a3433,,,
576,3,2026-10 第3バッチ,蹴球部,慶應義塾大学,運動系（スポーツ・アウトドア）,,X/Instagram/Web,x,keiorfc_shinkan,https://x.com/keiorfc_shinkan,https://instagram.com/keio_rugby_shinkan,https://keiorugby.com/team/,80,30,25,20,5,103,78c2aa5a-5d6d-49e8-8bfe-ec75fe433e27,,,
577,3,2026-10 第3バッチ,ゴルフ部,大阪大学,運動系（スポーツ・アウトドア）,,X/Instagram/Web,x,handaigolf,https://x.com/handaigolf,https://instagram.com/handai_golfteam_2022,https://www.osaka-sandai.ac.jp/club_circle/club/74,63,30,8,20,5,34,9e8bd09f-e9e8-4d84-9994-e001cfdbf216,,,
578,3,2026-10 第3バッチ,バレーボール同好会,一橋大学,運動系（スポーツ・アウトドア）,,X/Instagram/Web,x,volleydou_2021,https://x.com/volleydou_2021,https://instagram.com/volleyball_hit.tsuda,https://campus-map.jp/hit/club/66/,63,30,8,20,5,34,a913bf19-1147-42da-b686-ce09e4c2d1a4,,,
579,3,2026-10 第3バッチ,江戸の会（軟式野球同好会）,早稲田大学,運動系（スポーツ・アウトドア）,60,X/Instagram,x,edonokai,https://x.com/edonokai,https://instagram.com/edonokai,,80,20,25,20,15,106,b3466b3d-4be8-45df-b665-b78d71ba28f7,,,
580,3,2026-10 第3バッチ,サニーテニスクラブ,慶應義塾大学,運動系（スポーツ・アウトドア）,,X/Instagram/Web,x,keiosunny2021,https://x.com/keiosunny2021,https://instagram.com/keiosunny2021,https://circle.info-jukusei.com/%E3%82%B9%E3%83%9D%E3%83%BC%E3%83%84%E7%B3%BB/%E6%85%B6%E6%87%89%E3%82%B5%E3%83%8B%E3%83%BC%E3%83%86%E3%83%8B%E3%82%B9%E3%82%AF%E3%83%A9%E3%83%96%E3%82%B5%E3%83%8B%E3%83%BC/,80,30,25,20,5,104,78df1876-c49c-49ad-b8da-7483df1d60ab,,,
581,3,2026-10 第3バッチ,体操部,北海道大学,運動系（スポーツ・アウトドア）,,X/Instagram/Web,x,mi8kyogym,https://x.com/mi8kyogym,https://instagram.com/hokudai_gymnastics,http://www.fuzsc.com/campuslife/circle-data/taiiku/gymnastics/index.html,63,30,8,20,5,32,85e1007b-da9c-4ab7-bffe-364225244e3b,,,
582,3,2026-10 第3バッチ,劇団橄欖舎,上智大学,文化系（音楽・演劇・アート）,,X/Instagram/Web,website,https://ww.twstalker.com/pompompuuur,https://x.com/gekidankanran,https://instagram.com/sophia_engeki2023,https://ww.twstalker.com/pompompuuur,67,30,17,15,5,71,7e80ad83-c219-46f0-bf60-4af11f576109,,,
583,3,2026-10 第3バッチ,AFPLA東大支部,東京大学,運動系（スポーツ・アウトドア）,,X/Instagram/Web,x,afpla_ut_2022,https://x.com/AFPLA_UT_2022,https://instagram.com/afpla_ut,https://campus-map.jp/ut/club/180/,65,30,10,20,5,42,97f9916a-ca78-49fc-99ee-ff8b6e3a2c41,,,
584,3,2026-10 第3バッチ,早稲田大学ファンタスティックテニスクラブ,早稲田大学,運動系（スポーツ・アウトドア）,60,X/Instagram,x,fantastic46th,https://x.com/fantastic46th,https://instagram.com/fantastic46th,,80,20,25,20,15,107,c09d2a38-bf8b-4a47-939d-70482ae4d962,,,
585,3,2026-10 第3バッチ,馬術愛好会,慶應義塾大学,運動系（スポーツ・アウトドア）,,X/Instagram/Web,x,krs2020sk,https://x.com/krs2020sk,https://instagram.com/keiokrs,https://info-jukusei.com/krs2020sk/,80,30,25,20,5,105,7bb4b438-6d58-4930-91b5-6063d2888064,,,
586,3,2026-10 第3バッチ,ヨット部,京都大学,運動系（スポーツ・アウトドア）,,X/Instagram/Web,x,kuyc_,https://x.com/kuyc_,https://instagram.com/kuyc_home,https://kuyc.cloud-line.com/,65,30,10,20,5,44,883c850b-c6f5-4bb5-9752-531e66f8c94a,,,
587,3,2026-10 第3バッチ,水彩部,名古屋大学,運動系（スポーツ・アウトドア）,,X/Instagram/Web,x,newwatercolor,https://x.com/newwatercolor,https://instagram.com/nu_watercolor,https://gakusei-town.city.nagoya.jp/university_list/university/entry-452.html,62,30,7,20,5,31,83694cd8-4e36-4804-a46d-7ae6f23d4d84,,,
588,3,2026-10 第3バッチ,弓道部,九州大学,運動系（スポーツ・アウトドア）,,X/Instagram/Web,x,qdaiqdo,https://x.com/QdaiQdo,https://instagram.com/kyudai.i_kyudo2025,https://qdaikyudobu.sunnyday.jp/wp/,62,30,7,20,5,31,8e463a41-cf98-4ed5-a96b-e6226613fd03,,,
589,3,2026-10 第3バッチ,ハンググライダー部,東京科学大学,運動系（スポーツ・アウトドア）,,X/Instagram/Web,x,nokofc_hang,https://x.com/nokofc_hang,https://instagram.com/otc,https://www.tuat.ac.jp/outline/disclosure/circle/20220411_01.html,58,30,3,20,5,15,8505c57c-a3b4-41af-8d6d-381366d67d43,,,
590,3,2026-10 第3バッチ,弓道部,東北大学,運動系（スポーツ・アウトドア）,,X/Instagram/Web,x,sokyu1964,https://x.com/sokyu1964,https://instagram.com/tohoku.kyudo,https://tohokugakuyukaikyu.wixsite.com/tonpee,62,30,7,20,5,29,6224d2ab-898a-4bc5-8c38-ecc2a13eb8bb,,,
591,3,2026-10 第3バッチ,SHOCKERS,早稲田大学,運動系（スポーツ・アウトドア）,56,X/Instagram,x,shockers_waseda,https://x.com/shockers_waseda,https://instagram.com/waseda_shockers,,80,20,25,20,15,108,548ce5e7-e065-421b-b598-87311cb5f4a8,,,
592,3,2026-10 第3バッチ,上智大学吹奏楽研究会(SCB),上智大学,文化系（音楽・演劇・アート）,,X/Instagram/Web,x,scb_sophia,https://x.com/scb_sophia,https://instagram.com/scb_sophia,https://sophia-concert-band.jimdosite.com/,67,30,17,15,5,72,8b8db156-918f-477c-89b5-f68a5c6e92f7,,,
593,3,2026-10 第3バッチ,ゴルフ部（医学部）,慶應義塾大学,運動系（スポーツ・アウトドア）,,X/Instagram/Web,x,keiomedgolf1,https://x.com/keiomedgolf1,https://instagram.com/keiomedgolf,https://keiomedathletes.wixsite.com/mysite/%E3%82%B4%E3%83%AB%E3%83%95%E9%83%A8,80,30,25,20,5,106,7c4a2dd7-37fa-4e04-98dc-495459b9c8f0,,,
594,3,2026-10 第3バッチ,水泳部,大阪大学,運動系（スポーツ・アウトドア）,,X/Instagram/Web,x,handai_swim,https://x.com/handai_swim,https://instagram.com/osakauniv.swimteam,https://linktr.ee/handaisuikyu,63,30,8,20,5,35,9e926dc2-b54c-4534-9ecd-151d2270801c,,,
595,3,2026-10 第3バッチ,TAP-LOVERS　（タップラバーズ）,早稲田大学,運動系（スポーツ・アウトドア）,56,X/Instagram,x,tap_lovers,https://x.com/TAP_lovers,https://instagram.com/tapdance.lovers,,80,20,25,20,15,109,d7e333c8-4f45-4a2b-b6b2-65b562ae8349,,,
596,3,2026-10 第3バッチ,美術部,国際基督教大学,文化系（音楽・演劇・アート）,40,X/Instagram/Web,x,icu_atelier,https://x.com/icu_atelier,https://instagram.com/icu_atelier,https://www.icu.ac.jp/campuslife/club/,59,30,4,15,10,16,17a78665-3481-4c98-9875-0f83db548218,,,
597,3,2026-10 第3バッチ,フェンシング部,一橋大学,運動系（スポーツ・アウトドア）,,X/Instagram/Web,x,hitotsufen_2nd,https://x.com/HitotsuFen_2nd,https://instagram.com/hitotsu_fen,https://campus-map.jp/hit/club/108/,63,30,8,20,5,35,ae4204ce-a958-41f7-bce1-a4f03dedb4fa,,,
598,3,2026-10 第3バッチ,リーゼンスキークラブ,慶應義塾大学,運動系（スポーツ・アウトドア）,,X/Instagram/Web,instagram,riesen_ski_keio,https://x.com/riesen_2025,https://instagram.com/riesen_ski_keio,https://circle.info-jukusei.com/%E3%82%B9%E3%83%9D%E3%83%BC%E3%83%84%E7%B3%BB/%E6%85%B6%E6%87%89%E3%83%AA%E3%83%BC%E3%82%BC%E3%83%B3%E3%82%B9%E3%82%AD%E3%83%BC%E3%82%AF%E3%83%A9%E3%83%96riesen/,80,30,25,20,5,107,7c8ab56a-dcab-450c-87a0-53b96435ceab,,,
599,3,2026-10 第3バッチ,空手部,東京大学,運動系（スポーツ・アウトドア）,,X/Instagram/Web,x,toudaikaratebu,https://x.com/toudaikaratebu,https://instagram.com/todai_karate_2025,https://linktr.ee/toudai_karate,65,30,10,20,5,43,98f9447b-b36c-4221-b702-c0060e4beef5,,,
600,3,2026-10 第3バッチ,ソフィアラケットボールクラブ（SRC）,上智大学,文化系（音楽・演劇・アート）,,X/Instagram/Web,x,2019_src,https://x.com/2019_src,https://instagram.com/sophia_racquetballclub,https://sophia-racquetball-club.jimdofree.com/,67,30,17,15,5,73,90156750-b008-45c9-9f2f-1585449d6d57,,,
601,3,2026-10 第3バッチ,バスケットボールサークルL.E.D.,京都大学,運動系（スポーツ・アウトドア）,,X/Instagram/Web,x,ledshinkan2024,https://x.com/ledshinkan2024,https://instagram.com/led_shinkan2020,https://www.kyoto-gakuseisaiten.com/shinkan_group/4469,65,30,10,20,5,45,8dae99f6-49be-4636-9f3b-d8e08065f6f7,,,
602,3,2026-10 第3バッチ,フェンシング部,北海道大学,運動系（スポーツ・アウトドア）,,X/Instagram/Web,x,hokudai_fencing,https://x.com/hokudai_fencing,https://instagram.com/hokudai_fencing,https://hokudaifencing.wixsite.com/homepage,63,30,8,20,5,33,8daf4136-7157-414c-a22e-75c4f47deeba,,,
603,3,2026-10 第3バッチ,早稲田大学理工バレーボール部,早稲田大学,運動系（スポーツ・アウトドア）,55,X/Instagram,x,rikovolley,https://x.com/rikovolley,https://instagram.com/riko__volley,,80,20,25,20,15,110,a279f6a4-63f8-4a88-93af-ce568b5cb6a8,,,
604,3,2026-10 第3バッチ,バレーボール部（薬学部）,慶應義塾大学,運動系（スポーツ・アウトドア）,,X/Instagram/Web,instagram,keio.pha_volleyball,https://x.com/keiovolley16,https://instagram.com/keio.pha_volleyball,https://ibaraki-shigaku.jp/wb/wp-content/uploads/2025/07/2026%E7%A7%81%E7%AB%8B%E9%AB%98%E6%A0%A1%E3%82%AC%E3%82%A4%E3%83%89%E3%83%96%E3%83%83%E3%82%AF%E6%9C%80%E7%B5%82HP%E7%94%A8.pdf,80,30,25,20,5,108,7c99b06b-0fcd-4d14-8819-ce08bc1ab786,,,
605,3,2026-10 第3バッチ,男子ソフトボール部,名古屋大学,運動系（スポーツ・アウトドア）,,X/Instagram/Web,x,nusoft_official,https://x.com/nusoft_official,https://instagram.com/nu_softball123,https://www.kobe-shinwa.ac.jp/campuslife/lecture/youran.pdf,62,30,7,20,5,32,92368af4-e81f-453e-9906-239db9d0ec8d,,,
606,3,2026-10 第3バッチ,応援団,九州大学,運動系（スポーツ・アウトドア）,,X/Instagram/Web,x,qdai_endan,https://x.com/qdai_endan,https://instagram.com/qdai_endan,https://kyudaicirclehp.wixsite.com/info/ito-sports/%E4%B9%9D%E5%B7%9E%E5%A4%A7%E5%AD%A6%E5%BF%9C%E6%8F%B4%E5%9B%A3,62,30,7,20,5,32,95751b5b-4214-44b9-a37a-affcbda73fda,,,
607,3,2026-10 第3バッチ,早稲田大学K-POPカバーダンスサークルParfum,早稲田大学,趣味・その他,53,X/Instagram/Web,x,waseda_parfum,https://x.com/waseda_parfum,https://instagram.com/waseda_parfum,https://lit.link/wasedaparfum,80,30,25,10,15,111,718f7c5e-f3cd-4636-95cc-98cd6354d106,,,
608,3,2026-10 第3バッチ,アイセック上智大学委員会,上智大学,文化系（音楽・演劇・アート）,,X/Instagram/Web,x,aiesec_sophia,https://x.com/AIESEC_SOPHIA,https://instagram.com/aiesec_sophia,https://diversity-sustainability.sophia.ac.jp/efforts/page/28/,67,30,17,15,5,74,9880037d-b797-4329-ae46-7d02f3abb686,,,
609,3,2026-10 第3バッチ,合氣道部,慶應義塾大学,運動系（スポーツ・アウトドア）,,X/Instagram/Web,x,yagami_aikido,https://x.com/yagami_aikido,https://instagram.com/keioaikidokai,https://info-jukusei.com/keioaikidokai-2/,80,30,25,20,5,109,7fa455e0-f582-4695-afd2-11a2f17b6a51,,,
610,3,2026-10 第3バッチ,釣部,大阪大学,運動系（スポーツ・アウトドア）,,X/Instagram/Web,x,oufc_twit,https://x.com/OUFC_twit,https://instagram.com/handaitsuribu,https://twstalker.com/OUFC_twit,63,30,8,20,5,36,a024da5a-f6eb-4099-a68c-5c501ad92956,,,
611,3,2026-10 第3バッチ,フライングディスクサークル,東北大学,運動系（スポーツ・アウトドア）,,X/Instagram/Web,x,tohoku_ultimate,https://x.com/Tohoku_ultimate,https://instagram.com/ultimate_tohoku.u,https://www.gakuyukai.ihe.tohoku.ac.jp/club/%E3%83%95%E3%83%A9%E3%82%A4%E3%83%B3%E3%82%B0%E3%83%87%E3%82%A3%E3%82%B9%E3%82%AF%E3%82%B5%E3%83%BC%E3%82%AF%E3%83%AB%E3%82%A2%E3%83%AB%E3%83%90%E3%83%88%E3%83%AD%E3%82%B9/,62,30,7,20,5,30,6efcedfa-a78c-4635-a486-57337e218228,,,
612,3,2026-10 第3バッチ,水泳部水球陣,東京大学,運動系（スポーツ・アウトドア）,,X/Instagram/Web,x,tokyounivwp,https://x.com/tokyounivwp,https://instagram.com/tokyounivwp,https://services.undou-kai.com/clubs/water-polo/,65,30,10,20,5,44,9db40583-bb28-4a0c-a2e3-8bd291061f5b,,,
613,3,2026-10 第3バッチ,ヤングテニス同好会（軟式部）,早稲田大学,運動系（スポーツ・アウトドア）,50,X/Instagram,x,young_softennis,https://x.com/young_softennis,https://instagram.com/young_softtennis,,80,20,25,20,15,112,1bc35f96-59cf-4da1-b4a8-ae8a9f43d5d1,,,
614,3,2026-10 第3バッチ,バレーボールサークルJUSTICE,京都大学,運動系（スポーツ・アウトドア）,,X/Instagram/Web,x,justice_31st,https://x.com/justice_31st,https://instagram.com/justice_31st,https://www.kyoto-gakuseisaiten.com/shinkan_group/4132,65,30,10,20,5,46,91f93c7d-93c0-4f5d-b767-a439181ba74a,,,
615,3,2026-10 第3バッチ,一橋山岳部,一橋大学,運動系（スポーツ・アウトドア）,,X/Instagram/Web,x,alpine_hit,https://x.com/alpine_hit,https://instagram.com/hitotsubashi_alpine,https://campus-map.jp/hit/club/81/,63,30,8,20,5,36,b68f6e40-c2fd-4c18-b06a-3242bc16a33f,,,
616,3,2026-10 第3バッチ,国際関係会,慶應義塾大学,国際交流・語学,,X/Instagram/Web,website,https://info-jukusei.com/keio_iir2022/,https://x.com/keio_iir,https://instagram.com/keio_iir_2026,https://info-jukusei.com/keio_iir2022/,80,30,25,20,5,110,800a8d6b-f5e9-4ad9-862c-2223d4146a64,,,
617,3,2026-10 第3バッチ,上智大学ソフィアギターアンサンブル,上智大学,文化系（音楽・演劇・アート）,,X/Instagram/Web,x,sophia_gitasan,https://x.com/Sophia_gitasan,https://instagram.com/sophia_gitasan,https://sophiaguitarensemble.tumblr.com/About-us,67,30,17,15,5,75,99133e71-e123-4168-b3ac-c737feb89d0f,,,
618,3,2026-10 第3バッチ,ハンドボール部,北海道大学,運動系（スポーツ・アウトドア）,,X/Instagram/Web,x,hokudaihand,https://x.com/hokudaihand,https://instagram.com/hokudaihand,https://hokudaihand.wordpress.com/2024/05/22/%E6%96%B0%E3%81%97%E3%81%84%E3%83%A1%E3%83%B3%E3%83%90%E3%83%BC%E3%81%8C%E5%8A%A0%E3%82%8F%E3%82%8A%E3%81%BE%E3%81%97%E3%81%9F%EF%BC%81/,63,30,8,20,5,34,8ec46952-69f0-4281-b840-099535d7073f,,,
619,3,2026-10 第3バッチ,プロ野球ファンサークル　セレクト,早稲田大学,運動系（スポーツ・アウトドア）,50,X/Instagram,x,select_waseda_2,https://x.com/select_waseda_2,https://instagram.com/select_waseda_2,,80,20,25,20,15,113,9db29ad6-9acd-4bec-b38b-4b5d5492f8ee,,,
620,3,2026-10 第3バッチ,アメリカンフットボール部,慶應義塾大学,運動系（スポーツ・アウトドア）,,X/Instagram/Web,website,https://www.news-postseven.com/archives/20250212_2023482.html?detail,https://x.com/thekeioduck,https://instagram.com/keioducks,https://www.news-postseven.com/archives/20250212_2023482.html?DETAIL,80,30,25,20,5,111,808bcca8-9e11-4324-b9ea-ec4cd94bd82e,,,
621,3,2026-10 第3バッチ,中南米研究会,早稲田大学,学術・研究（ゼミ・研究会・勉強会）,50,X/Instagram/Web,x,chunan_waseda,https://x.com/chunan_waseda,https://instagram.com/chu_nan_bay,https://chunan2016.wixsite.com/chunan,80,30,25,10,15,114,f187bab3-7e32-49bf-9cf9-b4a8729e1f5f,,,
622,3,2026-10 第3バッチ,上智大学ダーツサークル　ラッキー,上智大学,文化系（音楽・演劇・アート）,,X/Instagram/Web,instagram,sophia_darts_lucky,https://x.com/sophia_arioso,https://instagram.com/sophia_darts_lucky,http://home.e-catv.ne.jp/miyoshik/turezure/turezure100/turezure194.html,67,30,17,15,5,76,99feedab-d378-4354-94e5-abf58f5ac672,,,
623,3,2026-10 第3バッチ,ダックスアメリカンフットボールクラブ,慶應義塾大学,運動系（スポーツ・アウトドア）,,X/Instagram/Web,website,https://orientation.keio-zenkyo.net/circle2025/140,https://x.com/thekeioduck,https://instagram.com/keioducks,https://orientation.keio-zenkyo.net/circle2025/140,80,30,25,20,5,112,84dbbf27-0cd3-4aec-bdb0-9c3fe9991a14,,,
624,3,2026-10 第3バッチ,女子ラクロス部,九州大学,運動系（スポーツ・アウトドア）,,X/Instagram/Web,x,kitakyu_lax,https://x.com/kitakyu_lax,https://instagram.com/kyushuwlax,http://kyudaicircle.club/s004_joshilacrosse/,62,30,7,20,5,33,9986cb62-545d-486b-b98a-3649d3c00720,,,
625,3,2026-10 第3バッチ,水泳部,名古屋大学,運動系（スポーツ・アウトドア）,,X/Instagram/Web,x,ncuswimmingclub,https://x.com/ncuswimmingclub,https://instagram.com/nagoyaunivswim_2026shinkan,https://ameblo.jp/nusc-nuwpt/entry-12796938100.html,62,30,7,20,5,33,a65ca012-ebce-49c6-af03-1de8c40d2664,,,
626,3,2026-10 第3バッチ,ヨット部,大阪大学,運動系（スポーツ・アウトドア）,,X/Instagram/Web,x,osakayacht1934,https://x.com/osakayacht1934,https://instagram.com/osaka_yacht_ms,https://handaiyacht.jimdofree.com/,63,30,8,20,5,37,a132fa9d-6dd2-4404-8d77-2cf7470400b0,,,
627,3,2026-10 第3バッチ,バレーボール部,東京大学,運動系（スポーツ・アウトドア）,,X/Instagram/Web,x,_euphoriavolley,https://x.com/_EUPHORIAvolley,https://instagram.com/todai_slavp05,https://campus-map.jp/ut/club/74/,65,30,10,20,5,45,a2bb70ca-034a-4cb9-ae89-782622bee762,,,
628,3,2026-10 第3バッチ,フリークライミングクラブ,京都大学,運動系（スポーツ・アウトドア）,,X/Instagram/Web,x,ku_wall,https://x.com/ku_wall,https://instagram.com/fleegarden,https://www.kyoto-gakuseisaiten.com/shinkan_group/4234,65,30,10,20,5,47,96b5a4ac-8d98-49d9-a43b-e8f7d396200d,,,
629,3,2026-10 第3バッチ,サイクリング部,東京科学大学,運動系（スポーツ・アウトドア）,,X/Instagram/Web,x,titech_touring,https://x.com/titech_touring,https://instagram.com/tmdu_cycling,https://titech.info/circle/87,58,30,3,20,5,16,8a8bc795-cbfd-4d30-9add-b057603414eb,,,
630,3,2026-10 第3バッチ,合唱団,早稲田大学,文化系（音楽・演劇・アート）,49,X/Instagram/Web,x,wasedachorus,https://x.com/wasedachorus,https://instagram.com/waseda.chorus,https://wasedachorus.com/,80,30,25,15,10,115,b0b392a6-1455-4d95-a6bd-7cc192466295,,,
631,3,2026-10 第3バッチ,ウインザーテニスクラブ,慶應義塾大学,運動系（スポーツ・アウトドア）,,X/Instagram/Web,x,windsor_keio26,https://x.com/windsor_keio26,https://instagram.com/windsor_keio.2026,https://circle.info-jukusei.com/%E3%82%B9%E3%83%9D%E3%83%BC%E3%83%84%E7%B3%BB/%E3%82%A6%E3%82%A4%E3%83%B3%E3%82%B6%E3%83%BC%E3%83%86%E3%83%8B%E3%82%B9%E3%82%AF%E3%83%A9%E3%83%96%EF%BC%88%E3%82%A6%E3%82%A4%E3%83%B3%E3%82%B6%E3%83%BC%EF%BC%89/,80,30,25,20,5,113,8681841b-8165-4422-8e5c-d1097c1d8153,,,
632,3,2026-10 第3バッチ,体育会卓球部,一橋大学,運動系（スポーツ・アウトドア）,,X/Instagram/Web,x,httc_shinkan22,https://x.com/httc_shinkan22,https://instagram.com/hit_u_tabletennis,https://campus-map.jp/hit/club/27/,63,30,8,20,5,37,bc820ff2-f5d8-4e6e-ab24-14fb26caa51a,,,
633,3,2026-10 第3バッチ,水泳同好会,東北大学,運動系（スポーツ・アウトドア）,,X/Instagram/Web,x,swimswimtohoku,https://x.com/swimswimtohoku,https://instagram.com/tohoku_swim_,https://tohokuswim.jimdofree.com/,62,30,7,20,5,31,754da439-4c9c-47cf-9612-06bfce375301,,,
634,3,2026-10 第3バッチ,日本ロシア学生交流会,上智大学,文化系（音楽・演劇・アート）,,X/Instagram/Web,x,nichiro_kanto,https://x.com/nichiro_kanto,https://instagram.com/nichiro2023_new,https://sophia-law4.hatenablog.com/entry/sophia_inter_performance,67,30,17,15,5,77,9e4921db-9eb6-4d6e-904f-4a3c4f95dd05,,,
635,3,2026-10 第3バッチ,アカペラサークル,国際基督教大学,文化系（音楽・演劇・アート）,40,X/Instagram/Web,x,icuunbrand,https://x.com/icuunbrand,https://instagram.com/icuunbrand,https://www.icu.ac.jp/campuslife/club/,59,30,4,15,10,17,1efa3274-12f5-425b-93f9-3e99b853deeb,,,
636,3,2026-10 第3バッチ,写団シャレード,早稲田大学,文化系（音楽・演劇・アート）,48,X/Instagram/Web,x,scharade_jp,https://x.com/scharade_jp,https://instagram.com/scharade_jp,https://scharade.jp/,80,30,25,15,10,116,b276a075-a6ae-4421-90eb-5f245f2cc8c1,,,
637,3,2026-10 第3バッチ,基礎スキー部,北海道大学,運動系（スポーツ・アウトドア）,,X/Instagram/Web,x,hokudaidemo,https://x.com/hokudaidemo,https://instagram.com/hokudaikisoski,https://hubcnavi.net/hokudaidemo,63,30,8,20,5,35,90335f0d-3b45-47f0-aea1-5bf97cf24d34,,,
638,3,2026-10 第3バッチ,卓球部,慶應義塾大学,運動系（スポーツ・アウトドア）,,X/Instagram/Web,website,https://orientation.keio-zenkyo.net/circle2025/110,https://x.com/slc_ttclub,https://instagram.com/keio_tabletennis_official,https://orientation.keio-zenkyo.net/circle2025/110,80,30,25,20,5,114,8c74cd22-1567-4b1f-8e9a-37e483c9e22b,,,
639,3,2026-10 第3バッチ,居合道部,京都大学,運動系（スポーツ・アウトドア）,,X/Instagram/Web,x,ku_iaido,https://x.com/ku_iaido,https://instagram.com/kuiai_kouhou,https://campus-map.jp/kyoto/club/23/,65,30,10,20,5,48,9c8ab5c1-f430-43d1-a6b4-09153ce4f1e7,,,
640,3,2026-10 第3バッチ,CINEMAX SIDEVARG,早稲田大学,文化系（音楽・演劇・アート）,45,X/Instagram/Web,x,cinemaxsidevarg,https://x.com/cinemaxsidevarg,https://instagram.com/cinemaxsidevarg,http://cinemaxsidevarg.blog16.fc2.com/,80,30,25,15,10,117,9e6d9043-ab1f-4924-9d10-25236e28492c,,,
641,3,2026-10 第3バッチ,上智大学わかたけサークル,上智大学,文化系（音楽・演劇・アート）,,X/Instagram/Web,x,wakatake_sophia,https://x.com/wakatake_sophia,https://instagram.com/wakatake_sophia,https://wel-bee.com/volunteer-2022/,67,30,17,15,5,78,a0be9a9c-a45a-4c24-a022-3b0fc64f8aed,,,
642,3,2026-10 第3バッチ,バドミントン部,東京大学,運動系（スポーツ・アウトドア）,,X/Instagram/Web,x,ut_tba,https://x.com/ut_tba,https://instagram.com/bad.utokyo,https://campus-map.jp/ut/club/297/,65,30,10,20,5,46,a31c0be9-6633-46aa-8713-ce3bcf984c42,,,
643,3,2026-10 第3バッチ,端艇部,慶應義塾大学,運動系（スポーツ・アウトドア）,,X/Instagram/Web,x,keiorow_girls,https://x.com/keiorow_girls,https://instagram.com/keiocanoeteam,https://linktr.ee/Keio_Rowing,80,30,25,20,5,115,8ca3a3cc-b68d-4cff-878d-440325015c7f,,,
644,3,2026-10 第3バッチ,スポーツチャンバラ部,大阪大学,運動系（スポーツ・アウトドア）,,X/Instagram/Web,x,osakasandai,https://x.com/osakasandai,https://instagram.com/spochan_handai,https://www.osaka-sandai.ac.jp/club_circle/club/253,63,30,8,20,5,38,a8b08f23-c5de-4f4a-bd6a-33ccece84458,,,
645,3,2026-10 第3バッチ,アーチェリー部,九州大学,運動系（スポーツ・アウトドア）,,X/Instagram/Web,x,kuac_now,https://x.com/kuac_now,https://instagram.com/qu_arc_welcome25,https://quarchery.sakura.ne.jp/forfreshman/,62,30,7,20,5,34,a7645da6-4f5e-4929-afa2-0ca43ae5d195,,,
646,3,2026-10 第3バッチ,女子バレーボール部,名古屋大学,運動系（スポーツ・アウトドア）,,X/Instagram/Web,x,num_vb,https://x.com/num_vb,https://instagram.com/nagoya_univ.volley,http://nuvc.web.fc2.com/,62,30,7,20,5,34,a8b7c6c1-2882-4ed3-930d-35173d9d1fe7,,,
647,3,2026-10 第3バッチ,陶芸部　稲穂窯,早稲田大学,文化系（音楽・演劇・アート）,40,X/Instagram/Web,x,inahogama,https://x.com/inahogama,https://instagram.com/inahogama,http://inahogama.web.fc2.com/,80,30,25,15,10,118,5c7d55e8-7967-4ea3-9b6a-2482518594ac,,,
648,3,2026-10 第3バッチ,JSKSラグビーフットボールクラブ,慶應義塾大学,運動系（スポーツ・アウトドア）,,X/Instagram/Web,x,jsks_keio,https://x.com/jsks_keio,https://instagram.com/keio.jsks_rugby,https://www.ameba.jp/profile/general/keio-jsks/,80,30,25,20,5,116,8f34d594-81cb-449b-8f7f-620fdf4da25b,,,
649,3,2026-10 第3バッチ,ソフトテニス部（男子）,一橋大学,運動系（スポーツ・アウトドア）,,X/Instagram/Web,x,softtennis_hit,https://x.com/softtennis_hit,https://instagram.com/softtennis.hit,https://ww.twstalker.com/softtennis_hit,63,30,8,20,5,38,c84e01be-5523-4a4c-af9b-597cef56442f,,,
650,3,2026-10 第3バッチ,箏曲部,上智大学,文化系（音楽・演劇・アート）,,X/Instagram/Web,x,sophia_soukyoku,https://x.com/sophia_soukyoku,https://instagram.com/sophia_soukyoku,https://jsoukyoku.jimdofree.com/,67,30,17,15,5,79,a42628d0-3fcd-409e-ba00-34e18d4030ee,,,
651,3,2026-10 第3バッチ,早稲田大学女声合唱団,早稲田大学,文化系（音楽・演劇・アート）,35,X/Instagram/Web,x,wchorus_f,https://x.com/WChorus_F,https://instagram.com/wchorus_f,https://wasedafemalechorus.wixsite.com/wasejo,80,30,25,15,10,119,a1dd5f2b-d96e-4d4d-9d59-9aed6e9bffb5,,,
652,3,2026-10 第3バッチ,ヨット部,東北大学,運動系（スポーツ・アウトドア）,,X/Instagram/Web,x,tuyc_geneki,https://x.com/tuyc_geneki,https://instagram.com/tohoku.yacht,https://tohoku.2025.giving-campaign.jp/groups?id=8c74ce37-42c8-4fdc-8512-a1ca187d0138,62,30,7,20,5,32,77cf93e6-2a15-4e41-a6db-c1c862319b53,,,
653,3,2026-10 第3バッチ,理工学部体育会連盟,慶應義塾大学,運動系（スポーツ・アウトドア）,,X/Instagram/Web,website,https://info-jukusei.com/keiobison-2/,https://x.com/rikotai_bsk,https://instagram.com/rikotaibasket,https://info-jukusei.com/keiobison-2/,80,30,25,20,5,117,8f41e5d0-83a3-4648-a667-ea7e9d362a43,,,
654,3,2026-10 第3バッチ,ソフトテニス部,京都大学,運動系（スポーツ・アウトドア）,,X/Instagram/Web,x,ku_softtennis,https://x.com/KU_softtennis,https://instagram.com/ku_softtennisclub,http://ku-st.main.jp/shinnyuusei/index.html,65,30,10,20,5,49,b11348d8-3160-42e5-b973-738108bded84,,,
655,3,2026-10 第3バッチ,山岳部,東京大学,運動系（スポーツ・アウトドア）,,X/Instagram/Web,x,twvjp,https://x.com/TWVjp,https://instagram.com/nodai_alpinverein1924,https://raichohp.stars.ne.jp/,65,30,10,20,5,47,ac2bffc3-5aee-4b3b-aaf7-78d274303d4c,,,
656,3,2026-10 第3バッチ,ラグビー・フットボール部,北海道大学,運動系（スポーツ・アウトドア）,,X/Instagram/Web,x,hurfc_official,https://x.com/HURFC_official,https://instagram.com/hokudai_rugby,https://www.hgu.jp/campuslife/circle/rugby.html,63,30,8,20,5,36,94e10311-cc3a-421a-b7e3-c8b23aa11db8,,,
657,3,2026-10 第3バッチ,モダンジャズ研究会,早稲田大学,文化系（音楽・演劇・アート）,32,X/Instagram/Web,x,waseda_danmo,https://x.com/waseda_danmo,https://instagram.com/danmo.w,https://wasedanmo.wixstudio.io/wasedanmo,80,30,25,15,10,120,814a1a27-ee9f-41fc-a87b-6a27999faf79,,,
658,3,2026-10 第3バッチ,上智漫画研究会,上智大学,文化系（音楽・演劇・アート）,,X/Instagram/Web,x,sophiascs,https://x.com/sophiaSCS,https://instagram.com/sophiadebateclub,https://bunsugi.jp/school-life/club-senior/,67,30,17,15,5,80,ac7853dc-19d0-435b-99d6-a6b1a90ca453,,,
659,3,2026-10 第3バッチ,水泳部（理工学部）,慶應義塾大学,運動系（スポーツ・アウトドア）,,X/Instagram/Web,instagram,keiogineikai,https://x.com/keio_gin,https://instagram.com/keiogineikai,http://swimkeio.web.fc2.com/,80,30,25,20,5,118,931caf29-bea2-4dd7-ba60-912e11568a57,,,
660,3,2026-10 第3バッチ,アメリカンフットボール部,大阪大学,運動系（スポーツ・アウトドア）,,X/Instagram/Web,x,go_go_tridents,https://x.com/Go_Go_TRIDENTS,https://instagram.com/ou_tridents,https://www.tridents.jp/,63,30,8,20,5,39,aea6cfc8-f772-4431-8485-78557a88beae,,,
661,3,2026-10 第3バッチ,（劇団）コンツェルト,早稲田大学,文化系（音楽・演劇・アート）,31,X/Instagram/Web,x,theatrekontsert,https://x.com/theatrekontsert,https://instagram.com/theatrekontsert,https://www.kontsert.jp,80,30,25,15,10,121,39fbd061-248a-4d58-a4dc-2997d88d4ea2,,,
662,3,2026-10 第3バッチ,模型部,九州大学,運動系（スポーツ・アウトドア）,,X/Instagram/Web,x,kyudai_mokeibu,https://x.com/kyudai_mokeibu,https://instagram.com/93mokei,https://www.kyusan-u.ac.jp/campus/life/circle/model_lovers/,62,30,7,20,5,35,aaade168-61d1-450e-a1fd-d9cde16db522,,,
663,3,2026-10 第3バッチ,ワンダーフォーゲル部,名古屋大学,運動系（スポーツ・アウトドア）,,X/Instagram/Web,x,nagoyamedwangel,https://x.com/nagoyamedwangel,https://instagram.com/nuwv_1959,https://www.med.nagoya-u.ac.jp/medical_J/school/campus-life/clubs/,62,30,7,20,5,35,c11e0b04-9a1f-40d6-b425-e3d266dab1f6,,,
664,3,2026-10 第3バッチ,軟式庭球部（医学部）,慶應義塾大学,運動系（スポーツ・アウトドア）,,X/Instagram/Web,x,keii_softtennis,https://x.com/keii_softtennis,https://instagram.com/keiomed_softtennis,https://keiomedathletes.wixsite.com/mysite/%E5%BD%B9%E5%93%A1%E7%B4%B9%E4%BB%8B,80,30,25,20,5,119,97cc1750-c39c-4d1e-b84f-fe039b737500,,,
665,3,2026-10 第3バッチ,上智大学ミュージカルカンパニーMasquerade,上智大学,文化系（音楽・演劇・アート）,,X/Instagram/Web,x,sophia_masq,https://x.com/Sophia_Masq,https://instagram.com/masquerade.cyber,https://gakuseizukan.jp/circle/masquerade,67,30,17,15,5,81,af4a2a33-8502-4861-a40b-34893038c4b4,,,
666,3,2026-10 第3バッチ,ソフトテニス部（女子）,一橋大学,運動系（スポーツ・アウトドア）,,X/Instagram/Web,x,bashijo_soft,https://x.com/bashijo_soft,https://instagram.com/softtennis.hit,https://campus-map.jp/hit/club/9/,63,30,8,20,5,39,cb4ce5e6-e4bf-441e-8dd3-2267e031b710,,,
667,3,2026-10 第3バッチ,弓道部,京都大学,運動系（スポーツ・アウトドア）,,X/Instagram/Web,x,ku_kyudo_2026,https://x.com/ku_kyudo_2026,https://instagram.com/kyodaikyudo,https://campus-map.jp/kyoto/club/61/,65,30,10,20,5,50,b14e20ef-7e9a-4974-9923-ae9b57ad63e5,,,
668,3,2026-10 第3バッチ,企画集団　便利舎,早稲田大学,イベント・企画（インカレ・学園祭等）,31,X/Instagram,x,benrisha,https://x.com/benrisha,https://instagram.com/benrisha_official,,80,20,25,25,10,122,e61e02ce-f8f5-4059-af66-c743fd858e0e,,,
669,3,2026-10 第3バッチ,硬式野球部,東京科学大学,運動系（スポーツ・アウトドア）,,X/Instagram/Web,x,titech_baseball,https://x.com/titech_baseball,https://instagram.com/tmdu_baseball,https://www.titech.ac.jp/public-relations/students/extracurricular/organizations/baseball,58,30,3,20,5,17,93b23cc9-ec42-4eec-9267-dc667c20d250,,,
670,3,2026-10 第3バッチ,硬式庭球部,東京大学,運動系（スポーツ・アウトドア）,,X/Instagram/Web,instagram,todai.tennis,https://x.com/todai_tennis,https://instagram.com/todai.tennis,http://ut-tennis.com/contact,65,30,10,20,5,48,ac6c13f2-7e46-406b-88e4-17b26aa18e71,,,
671,3,2026-10 第3バッチ,ラグビー部(理工学部),慶應義塾大学,運動系（スポーツ・アウトドア）,,X/Instagram/Web,x,kerrugby,https://x.com/KERRUGBY,https://instagram.com/keio.rikotai.rugby,http://www.ker-rugby.org/,80,30,25,20,5,120,9c135b1a-d6a3-4826-81b1-24be75c82c5a,,,
672,3,2026-10 第3バッチ,箏曲部,国際基督教大学,文化系（音楽・演劇・アート）,40,X/Instagram/Web,x,icu_kisaragi,https://x.com/icu_kisaragi,https://instagram.com/icu_kisaragi,https://www.icu.ac.jp/campuslife/club/,59,30,4,15,10,18,29eb04ff-88ff-4aa7-b557-cba8cac2130a,,,
673,3,2026-10 第3バッチ,柔道部,東北大学,運動系（スポーツ・アウトドア）,,X/Instagram/Web,instagram,tohoku.judo_official,https://x.com/suikyu_toh,https://instagram.com/tohoku.judo_official,https://tohoku.2025.giving-campaign.jp/groups?id=d6489330-4658-4bce-a123-1487385bac45,62,30,7,20,5,33,7b5fa6f3-2b51-4035-8609-9676609173ed,,,
674,3,2026-10 第3バッチ,準硬式野球部,北海道大学,運動系（スポーツ・アウトドア）,,X/Instagram/Web,x,hokudaijunkou,https://x.com/hokudaijunkou,https://instagram.com/hokudai_junko,https://hubcnavi.net/athletic/baseball,63,30,8,20,5,37,9692315a-ef44-4679-85f3-c839820c30da,,,
675,3,2026-10 第3バッチ,チャータースクールへの教育支援〜ハワイ編〜,早稲田大学,ボランティア・NPO,30,X/Instagram/Web,x,hawaii_pj,https://x.com/hawaii_pj,https://instagram.com/hawaii_pj,https://hawaiipjaloha.wixsite.com/hawaii-pj,80,30,25,15,10,123,6f9963ba-0ece-46cc-b5c8-33c5a714f1ce,,,
676,3,2026-10 第3バッチ,上智新聞編集局,上智大学,メディア・出版,,X/Instagram/Web,x,sophiatimes,https://x.com/sophiatimes,https://instagram.com/sophiatimes_1965,http://www.thesophiatimes.com/,67,30,17,15,5,82,b4b595a9-2097-4431-967c-eac83313ef7e,,,
677,3,2026-10 第3バッチ,ゴルフ部,慶應義塾大学,運動系（スポーツ・アウトドア）,,X/Instagram/Web,website,https://keiogolf.com/,https://x.com/steelersdesu,https://instagram.com/keio_duffers,https://keiogolf.com/,80,30,25,20,5,121,9ef50042-1d51-497e-9c6e-6cdda33bd196,,,
678,3,2026-10 第3バッチ,合気道部,大阪大学,運動系（スポーツ・アウトドア）,,X/Instagram/Web,x,handaiaikidobu,https://x.com/handaiaikidobu,https://instagram.com/handaiaikidobu,https://meiji.2025.giving-campaign.jp/groups?id=8d9a36e4-ab4e-4c42-8269-d90ca2dce9f9,63,30,8,20,5,40,be4f5dab-0a8e-4b3d-b809-304904cbf0bb,,,
679,3,2026-10 第3バッチ,早稲田リンクス,早稲田大学,メディア・出版,30,X/Instagram/Web,x,wasedalinks,https://x.com/wasedalinks,https://instagram.com/wasedalinks,https://wasedalinks.com/,80,30,25,15,10,124,b60e593a-c055-40be-9c5d-93f92df66014,,,
680,3,2026-10 第3バッチ,卓球部,京都大学,運動系（スポーツ・アウトドア）,,X/Instagram/Web,x,spinners_ku,https://x.com/spinners_KU,https://instagram.com/spinners_2025,https://www.kyoto-wu.ac.jp/student/club/club/spo_table_tennis.html,65,30,10,20,5,51,b3cd1fbe-7cb3-4256-a227-b14739264af7,,,
681,3,2026-10 第3バッチ,籠球倶楽部,慶應義塾大学,運動系（スポーツ・アウトドア）,,X/Instagram/Web,website,https://orientation.keio-zenkyo.net/circle2025/318,https://x.com/keio_shamgod,https://instagram.com/rakuro__keio__2025,https://orientation.keio-zenkyo.net/circle2025/318,80,30,25,20,5,122,9f9265e2-264e-44ad-a377-2cb3da7baf76,,,
682,3,2026-10 第3バッチ,上智大学放送研究会（SBC）,上智大学,メディア・出版,,X/Instagram/Web,x,sbc_sophia,https://x.com/sbc_sophia,https://instagram.com/sbc_sophia,https://www.sbc1961.com/home,67,30,17,15,5,83,b5123016-d2e6-4cc2-9150-da973d8f4a99,,,
683,3,2026-10 第3バッチ,体育会應援部,一橋大学,運動系（スポーツ・アウトドア）,,X/Instagram/Web,x,hitouenbu,https://x.com/hitouenbu,https://instagram.com/hit.ouenbu,https://ikkyosai.com/magazine/wordpress/archives/166,63,30,8,20,5,40,cc9fe0cb-0670-4db6-a08a-3189c004060e,,,
684,3,2026-10 第3バッチ,東京大学尺八部,東京大学,運動系（スポーツ・アウトドア）,,X/Instagram/Web,x,toshaku,https://x.com/toshaku,https://instagram.com/chikuyukai_waseda,https://twstalker.com/toshaku,65,30,10,20,5,49,ae0cd857-a705-4705-bbf4-712d75d5e05e,,,
685,3,2026-10 第3バッチ,ソフトボール部,九州大学,運動系（スポーツ・アウトドア）,,X/Instagram/Web,x,kyudaisoft,https://x.com/kyudaisoft,https://instagram.com/kyudai.softball,https://www.kyusan-u.ac.jp/campus/life/circle/Softball_section/,62,30,7,20,5,36,abc1ee96-49ae-4ee1-b2f9-f6990a196267,,,
686,3,2026-10 第3バッチ,馬術部,名古屋大学,運動系（スポーツ・アウトドア）,,X/Instagram/Web,x,meishidai_uma,https://x.com/meishidai_uma,https://instagram.com/washikibazyutu,https://nagoya-u.2024.giving-campaign.jp/groups?group=a2d21cbc-ac07-41ec-81b8-2f315c69d5e1&image-type=group-ad&group-id=a2d21cbc-ac07-41ec-81b8-2f315c69d5e1,62,30,7,20,5,36,c3204a56-1397-435d-aab3-77fcb9d4fcbc,,,
687,3,2026-10 第3バッチ,口笛サークル　ことリップ,早稲田大学,文化系（音楽・演劇・アート）,30,X/Instagram/Web,x,wkuchibue,https://x.com/wkuchibue,https://instagram.com/cotolip_whistle,https://wkuchibue.wixsite.com/cotolip,80,30,25,15,10,125,e35cf168-5096-4578-ad3b-2b8368cd233b,,,
688,3,2026-10 第3バッチ,Lバスケットボールクラブ,慶應義塾大学,運動系（スポーツ・アウトドア）,,X/Instagram/Web,instagram,keio_lbasketball_2024,https://x.com/Keio_Circle,https://instagram.com/keio_lbasketball_2024,https://orientation.keio-zenkyo.net/circle2025/211,80,30,25,20,5,123,a024a458-1d08-4f04-9a77-3cc9212b3bd8,,,
689,3,2026-10 第3バッチ,早稲田大学POST,早稲田大学,ボランティア・NPO,26,X/Instagram/Web,x,plannerpost,https://x.com/plannerpost,https://instagram.com/waseda_post,https://vir.jp/PostWaseda,80,30,25,15,10,126,556d6b59-41bf-421e-b230-92c9ec950c92,,,
690,3,2026-10 第3バッチ,上智大学ハンドベルクワイア,上智大学,文化系（音楽・演劇・アート）,,X/Instagram/Web,x,handbellchoir,https://x.com/handbellchoir,https://instagram.com/sophia_handbellchoir,https://www.tnews.jp/entries/33639,67,30,17,15,5,84,c4582363-4bb1-4dd5-93a8-18704b44a823,,,
691,3,2026-10 第3バッチ,ゴルフ部,北海道大学,運動系（スポーツ・アウトドア）,,X/Instagram/Web,x,hokudaigolf,https://x.com/HokudaiGolf,https://instagram.com/tamashiba.hu,https://7univ-nanadaisen.jp/,63,30,8,20,5,38,96d4c7e7-1a20-47d8-bd7f-f294d76ee11b,,,
692,3,2026-10 第3バッチ,馬術部,慶應義塾大学,運動系（スポーツ・アウトドア）,,X/Instagram/Web,x,keio_equestrian,https://x.com/keio_equestrian,https://instagram.com/keio_med_equestrian,https://www.jukushin.com/archives/50630,80,30,25,20,5,124,a34bbde9-27e6-4d1c-be39-f1e71b53f7a0,,,
693,3,2026-10 第3バッチ,ラグビー部,東北大学,運動系（スポーツ・アウトドア）,,X/Instagram/Web,instagram,tohoku.med.rugby,https://x.com/tohokumed_rfc,https://instagram.com/tohoku.med.rugby,https://trfcsince1926.wixsite.com/trfcblog,62,30,7,20,5,34,7d95052f-6256-4661-9036-3ee4b5a3c465,,,
694,3,2026-10 第3バッチ,柔道部,京都大学,運動系（スポーツ・アウトドア）,,X/Instagram/Web,instagram,kyodai_judo_since1897,https://x.com/kyoto_fish_life,https://instagram.com/kyodai_judo_since1897,https://t.co/DXCaCcw4z9,65,30,10,20,5,52,be665eeb-83de-409a-afa1-b6b16335c6c4,,,
695,3,2026-10 第3バッチ,ラグビー部,大阪大学,運動系（スポーツ・アウトドア）,,X/Instagram/Web,x,ocurfc2021,https://x.com/ocurfc2021,https://instagram.com/osakau_rugby,https://autumn2023.osaka-u.giving-campaign.jp/participants?group=97362495-0365-4538-a4e6-8dfde34561b4,63,30,8,20,5,41,bf82d848-2ec9-41aa-adc1-fbdd580b68ed,,,
696,3,2026-10 第3バッチ,コール・フリューゲル,早稲田大学,文化系（音楽・演劇・アート）,26,X/Instagram/Web/LINE,x,chorfluegel,https://x.com/chorfluegel,https://instagram.com/chorfluegel,https://chorfluegel.org/,80,30,25,15,10,127,57e02fe7-34c1-4ecb-abaf-a35bacd17a6d,,,
697,3,2026-10 第3バッチ,水泳部競泳陣,東京大学,運動系（スポーツ・アウトドア）,,X/Instagram/Web,x,utswim,https://x.com/utswim,https://instagram.com/utswimcompeti,https://ameblo.jp/tousui1920/entry-12592349025.html,65,30,10,20,5,50,b6650d5c-f006-4172-b457-8d862f2bdec6,,,
698,3,2026-10 第3バッチ,「めぐこ」～アジアの子どもたちの自立を支える会～,上智大学,文化系（音楽・演劇・アート）,,X/Instagram/Web,x,meguko_sophia,https://x.com/meguko_sophia,https://instagram.com/meguko.sophia,http://meguko.net/tag/%E3%83%9B%E3%83%BC%E3%83%A0%E3%83%9A%E3%83%BC%E3%82%B8%E6%9B%B4%E6%96%B0/,67,30,17,15,5,85,d65b6154-4987-4e71-a0f0-97b08ebadf36,,,
699,3,2026-10 第3バッチ,ボクシング部,慶應義塾大学,運動系（スポーツ・アウトドア）,,X/Instagram/Web,website,https://info-jukusei.com/keio_boxing/,https://x.com/raise_ko,https://instagram.com/keio_boxing,https://info-jukusei.com/keio_boxing/,80,30,25,20,5,125,a35f5131-fd19-4812-b0c5-e016cb34b91b,,,
700,3,2026-10 第3バッチ,アメリカンフットボール部CRIMSON,一橋大学,運動系（スポーツ・アウトドア）,,X/Instagram/Web,x,hucrimson,https://x.com/HUcrimson,https://instagram.com/hucrimson,https://campus-map.jp/hit/club/16/,63,30,8,20,5,41,d0ba9161-1659-4a40-8118-8cda07f98fac,,,
701,3,2026-10 第3バッチ,アトム通貨実行委員会　早稲田・高田馬場支部,早稲田大学,イベント・企画（インカレ・学園祭等）,25,X/Web,x,atom_c_wt,https://x.com/atom_c_wt,,http://www.atom-community.jp/waseda-takadanobaba/,80,20,25,25,10,128,1d7b6b82-b9ed-448c-b2e9-4e623d4b2a27,,,
702,3,2026-10 第3バッチ,馬術部,九州大学,運動系（スポーツ・アウトドア）,,X/Instagram/Web,x,qunivumabu,https://x.com/QunivUmabu,https://instagram.com/qu_uma,https://kyudaicirclehp.wixsite.com/info/ito-sports/%E9%A6%AC%E8%A1%93%E9%83%A8,62,30,7,20,5,37,ad0264b9-8c8b-4745-b6b4-1a3faebc675e,,,
703,3,2026-10 第3バッチ,ハンドボール部,名古屋大学,運動系（スポーツ・アウトドア）,,X/Instagram/Web,x,meidaihandball,https://x.com/meidaihandball,https://instagram.com/num_handball,https://www.med.nagoya-u.ac.jp/medical_J/school/campus-life/clubs/,62,30,7,20,5,37,c66c6395-ea74-48e4-8b02-0515547069aa,,,
704,3,2026-10 第3バッチ,ホッケー部,慶應義塾大学,運動系（スポーツ・アウトドア）,,X/Instagram/Web,x,keiowomenhockey,https://x.com/keiowomenhockey,https://instagram.com/keiomedicehockey,http://keio-icehockey.com/,80,30,25,20,5,126,a3ab4947-5269-4450-8c62-88c669188434,,,
705,3,2026-10 第3バッチ,早稲田大学気仙沼チーム,早稲田大学,ボランティア・NPO,22,X/Instagram/Web,x,wavoc_kt,https://x.com/wavoc_kt,https://instagram.com/waseda_kesennuma,http://kesennumainfo.weebly.com/,80,30,25,15,10,129,fc247d92-f9b8-4266-af1e-00ad6fe68b0e,,,
706,3,2026-10 第3バッチ,書道部,上智大学,文化系（音楽・演劇・アート）,,X/Instagram/Web,instagram,sophia_shodo,https://x.com/sophiaillust,https://instagram.com/sophia_shodo,http://mbzhl.com/support/club/club13/,67,30,17,15,5,86,d6eba5fb-e631-4e3f-a708-3a88ffa12fe5,,,
707,3,2026-10 第3バッチ,バドミントン部,京都大学,運動系（スポーツ・アウトドア）,,X/Instagram/Web,x,hanenchuchu,https://x.com/hanenchuchu,https://instagram.com/kit_badminton,https://campus-map.jp/kyoto/club/52/,65,30,10,20,5,53,c0857055-5a4d-415e-ba21-75e9b6f58d46,,,
708,3,2026-10 第3バッチ,水泳部,東京科学大学,運動系（スポーツ・アウトドア）,,X/Instagram/Web,x,titech_swim,https://x.com/titech_swim,https://instagram.com/titechswimteam,https://titech.info/circle/96,58,30,3,20,5,18,a35cfe4f-24b1-4774-b89e-48fd602e5b67,,,
709,3,2026-10 第3バッチ,文芸部,国際基督教大学,文化系（音楽・演劇・アート）,40,X/Instagram/Web,x,icunesco,https://x.com/icunesco,https://instagram.com/icu_pensaki,https://www.icu.ac.jp/campuslife/club/,59,30,4,15,10,19,2ef6c872-59d6-4e3d-9061-3b672672d00d,,,
710,3,2026-10 第3バッチ,弓道部,北海道大学,運動系（スポーツ・アウトドア）,,X/Instagram/Web,x,genten_shinkan,https://x.com/genten_shinkan,https://instagram.com/hus_kyudo,https://hokudai-kyudo.jimdofree.com/,63,30,8,20,5,39,a7d8fce4-7159-4b5f-b71b-0ee44f42f353,,,
711,3,2026-10 第3バッチ,スキンダイビングクラブ,慶應義塾大学,運動系（スポーツ・アウトドア）,,X/Instagram/Web,website,https://orientation.keio-zenkyo.net/circle2025/248,https://x.com/ksdc2022_,https://instagram.com/divingplus2305,https://orientation.keio-zenkyo.net/circle2025/248,80,30,25,20,5,127,aeb96a16-b496-457c-abdd-db373d3a23e6,,,
712,3,2026-10 第3バッチ,卓球部,東京大学,運動系（スポーツ・アウトドア）,,X/Instagram/Web,x,utttc_recruit,https://x.com/UTTTC_recruit,https://instagram.com/tmu_tabletennis,https://tmuttc-located-2013.jimdofree.com/%E9%83%A8%E5%93%A1%E7%B4%B9%E4%BB%8B/,65,30,10,20,5,51,c48c7377-6b49-4198-9c41-d0ce95532e86,,,
713,3,2026-10 第3バッチ,フィールドホッケー部,大阪大学,運動系（スポーツ・アウトドア）,,X/Instagram/Web,x,oufh2020,https://x.com/oufh2020,https://instagram.com/handai_hockey,https://www.jyukubaito.com/jyukubaito_blog/ocu_fieldhockey/,63,30,8,20,5,42,bfc95152-38bc-416d-b907-4b8d3c7e1117,,,
714,3,2026-10 第3バッチ,パントマイム 舞☆夢☆踏 (ﾏｲﾑﾄｳ),早稲田大学,文化系（音楽・演劇・アート）,21,X/Instagram/Web,x,maimutou,https://x.com/maimutou,https://instagram.com/my_mu_tou,https://maimutou.info,80,30,25,15,10,130,4830a6f8-75a3-4ad9-9ef5-8190c1956f55,,,
715,3,2026-10 第3バッチ,競技舞踏部,東北大学,運動系（スポーツ・アウトドア）,,X/Instagram/Web,x,tonpei_buken,https://x.com/tonpei_buken,https://instagram.com/tonpei_buken,https://tohoku.2025.giving-campaign.jp/groups?id=b3697b50-d53d-4d0d-81cc-ec5e2d34a845,62,30,7,20,5,35,7f1e678b-99b5-4340-8332-b35dbdab8475,,,
716,3,2026-10 第3バッチ,上智大学写真部(SPC),上智大学,文化系（音楽・演劇・アート）,,X/Instagram/Web,x,sophiaspc,https://x.com/SophiaSPC,https://instagram.com/sophia_spc,https://www.tif.ne.jp/kyoiku/info/data/576202003300.pdf,67,30,17,15,5,87,ea3d0ffe-8360-4f9b-a2fb-dcb440af2b48,,,
717,3,2026-10 第3バッチ,フェンシング部,慶應義塾大学,運動系（スポーツ・アウトドア）,,X/Instagram/Web,x,keio_fencing,https://x.com/keio_fencing,https://instagram.com/keiofencingram,https://www.keio-fencing.com/sns,80,30,25,20,5,128,b113fae4-1397-4379-90a4-64e1a4323225,,,
718,3,2026-10 第3バッチ,体育会サイクリング部,一橋大学,運動系（スポーツ・アウトドア）,,X/Instagram/Web,x,hitucycle1,https://x.com/hitucycle1,https://instagram.com/hit_chari,https://campus-map.jp/hit/club/16443/,63,30,8,20,5,42,d2d3c032-6c9c-47d6-862a-f9ac490b3f84,,,
719,3,2026-10 第3バッチ,早稲田精神昂揚会,早稲田大学,文化系（音楽・演劇・アート）,21,X/Instagram/Web,x,kouyoukai66,https://x.com/kouyoukai66,https://instagram.com/honjowaseda100kmwalk,http://kouyoukai.kill.jp/shigenobu/,80,30,25,15,10,131,637b54ee-15bb-4818-9c9f-ad76cfc8c535,,,
720,3,2026-10 第3バッチ,バレーボール部,京都大学,運動系（スポーツ・アウトドア）,,X/Instagram/Web,x,justice__2021,https://x.com/JUSTICE__2021,https://instagram.com/molten.volleyball,https://kumvolley.com/,65,30,10,20,5,54,c2c78054-97bf-4123-b76d-d91487e0aeda,,,
721,3,2026-10 第3バッチ,水上スキー部,慶應義塾大学,運動系（スポーツ・アウトドア）,,X/Instagram/Web,x,waterski_keio,https://x.com/waterski_keio,https://instagram.com/keiowaterskiteam_shinkan,https://keio-waterski.com/link,80,30,25,20,5,129,b4cd5b4c-f62b-4f54-ba68-0fa8ac5a773b,,,
722,3,2026-10 第3バッチ,剣道部,九州大学,運動系（スポーツ・アウトドア）,,X/Instagram/Web,x,kyushu_u_kendo,https://x.com/kyushu_u_kendo,https://instagram.com/kyudai_kendo,https://kyushuunivkendo.wixsite.com/renshin,62,30,7,20,5,38,c10113fd-3512-4d08-9502-32f2d56459ae,,,
723,3,2026-10 第3バッチ,相撲部,名古屋大学,運動系（スポーツ・アウトドア）,,X/Instagram/Web,x,nu_sumo,https://x.com/nu_sumo,https://instagram.com/nu_sumosumo,https://www.nua.ac.jp/info/detail/post_518.html,62,30,7,20,5,38,d45e9b61-bb46-4fe1-a5e2-3d4149429bc8,,,
724,3,2026-10 第3バッチ,米式蹴球同好会レブルス,早稲田大学,運動系（スポーツ・アウトドア）,19,X/Instagram/Web,x,wasedarevels,https://x.com/wasedarevels,https://instagram.com/waseda_revels,http://wasedarevels.com/,80,30,25,20,5,132,8f43bf60-cbb7-4d9e-9cfc-bf8d2a90d53b,,,
725,3,2026-10 第3バッチ,ジャ汎アフリカサークル,上智大学,文化系（音楽・演劇・アート）,,X/Instagram/Web,x,ngodear,https://x.com/ngoDEAR,https://instagram.com/japan_africa_circle,https://www.nodai.ac.jp/rieb/,67,30,17,15,5,88,f09b5553-2501-406c-a9d7-2c4b33a1b9cc,,,
726,3,2026-10 第3バッチ,鉄門バスケットボール部,東京大学,運動系（スポーツ・アウトドア）,,X/Instagram/Web,x,tetsumon_bb2025,https://x.com/tetsumon_bb2025,https://instagram.com/ut_basketball,https://campus-map.jp/ut/club/156/,65,30,10,20,5,52,cee8c064-0444-4c58-91fd-a4e23a68e89c,,,
727,3,2026-10 第3バッチ,ヨット部（医学部）,慶應義塾大学,運動系（スポーツ・アウトドア）,,X/Instagram/Web,x,keiomedyacht,https://x.com/keiomedyacht,https://instagram.com/keiomedyacht,https://keiomedathletes.wixsite.com/mysite/%E3%83%A8%E3%83%83%E3%83%88%E9%83%A8,80,30,25,20,5,130,b6ea0e3e-1231-44ef-9169-3b8c172ced6b,,,
728,3,2026-10 第3バッチ,北大フットサルEsperanza,北海道大学,運動系（スポーツ・アウトドア）,,X/Instagram/Web,x,esp_welcome,https://x.com/esp_welcome,https://instagram.com/esperanza_hokudai,https://hubcnavi.net/edit,63,30,8,20,5,40,ac88be9b-c815-4b5d-ba4f-d81363aaf870,,,
729,3,2026-10 第3バッチ,剣道部,大阪大学,運動系（スポーツ・アウトドア）,,X/Instagram/Web,x,handai_kendo,https://x.com/handai_kendo,https://instagram.com/ou_kendo,https://www.osaka-sandai.ac.jp/club_circle/club/63,63,30,8,20,5,43,d2a13105-bb84-429e-a919-d65714ef41f2,,,
730,3,2026-10 第3バッチ,早稲田大学女子軟式野球部ＷＡＳＥＢＩ,早稲田大学,運動系（スポーツ・アウトドア）,16,X/Instagram/Web,x,wasebi2014,https://x.com/wasebi2014,https://instagram.com/wasebi,http://wasebi.web.fc2.com/,80,30,25,20,5,133,89e56ea9-af55-4c6a-9ab8-1c1abd8b9d91,,,
731,3,2026-10 第3バッチ,しま探求サークル,上智大学,文化系（音楽・演劇・アート）,,X/Instagram/Web,instagram,sophiauniversity.,https://x.com/SophiaUniv_JP,https://instagram.com/sophiauniversity.,https://piloti.sophia.ac.jp/assets/uploads/2025/03/96f4fb5ad7c7edd97c727bcc0e832938.pdf,67,30,17,15,5,89,f906295b-e14c-41e8-a777-1524e2441b5c,,,
732,3,2026-10 第3バッチ,ダッファーズゴルフクラブ,慶應義塾大学,運動系（スポーツ・アウトドア）,,X/Instagram/Web,x,keiogolfduffers,https://x.com/KeioGolfDuffers,https://instagram.com/keio_duffers,https://orientation.keio-zenkyo.net/circle2025/239,80,30,25,20,5,131,b8ab7bee-1d21-408d-8d10-7ab7bae722d7,,,
733,3,2026-10 第3バッチ,早稲田スタンドアップパドル,早稲田大学,運動系（スポーツ・アウトドア）,13,X/Instagram/Web,x,wasedasup,https://x.com/wasedasup,https://instagram.com/waseda.sup,https://wasedasup.wixsite.com/wasedasup,80,30,25,20,5,134,81f04bb9-5db2-4b06-b966-350b71a591e5,,,
734,3,2026-10 第3バッチ,テニスサークルJUST OUT,京都大学,運動系（スポーツ・アウトドア）,,X/Instagram/Web,x,maicom_koushiki,https://x.com/maicom_koushiki,https://instagram.com/justout_2020,https://campus-map.jp/kyoto/club/8/,65,30,10,20,5,55,c4edcdc5-0ce5-4ca9-9b01-13fe8b55032c,,,
735,3,2026-10 第3バッチ,体育会ヨット部,一橋大学,運動系（スポーツ・アウトドア）,,X/Instagram/Web,x,huyc_shinkan,https://x.com/huyc_shinkan,https://instagram.com/hitotsubasail,https://campus-map.jp/hit/club/103/,63,30,8,20,5,43,d7f6eed7-033e-4dc2-85b7-b94f2141528b,,,
736,3,2026-10 第3バッチ,サッカー部,東北大学,運動系（スポーツ・アウトドア）,,X/Instagram/Web,instagram,tohokuuniv.football_official,https://x.com/hototogishu0,https://instagram.com/tohokuuniv.football_official,http://hyojosoccer.com/,62,30,7,20,5,36,7ff94547-f727-47e7-8ce5-5887f163f526,,,
737,3,2026-10 第3バッチ,準硬式野球部,慶應義塾大学,運動系（スポーツ・アウトドア）,,X/Instagram/Web,x,keio_jbb,https://x.com/Keio_JBB,https://instagram.com/keiojunkobaseball,https://ameblo.jp/keiojbb/entry-12602325925.html,80,30,25,20,5,132,b9df16a5-a650-4d39-8cad-8794b4792db4,,,
738,3,2026-10 第3バッチ,相撲部,東京大学,運動系（スポーツ・アウトドア）,,X/Instagram/Web,x,utsumowrestler,https://x.com/UTsumoWrestler,https://instagram.com/todai_sumo,https://campus-map.jp/ut/club/397/,65,30,10,20,5,53,d32cfa27-67f7-4461-b87a-a40082d99219,,,
739,3,2026-10 第3バッチ,踊り侍,早稲田大学,運動系（スポーツ・アウトドア）,280,X,x,odorisamurai,https://x.com/OdoriSamurai,,,75,10,25,20,20,135,43a224fa-c893-4fee-91b1-8304b9a739ea,,,
740,3,2026-10 第3バッチ,上智台湾留学生会（STSA）,上智大学,国際交流・語学,11,Instagram/Web,website,https://substandard.sub.jp/foreign_news2018.htm,,https://instagram.com/lingwavesophiau,https://substandard.sub.jp/foreign_news2018.htm,62,20,17,20,5,90,ac5cfe3d-f0a8-4c38-b84c-bde47c388116,,,
741,3,2026-10 第3バッチ,バドミントン部,九州大学,運動系（スポーツ・アウトドア）,,X/Instagram/Web,x,nexus61066632,https://x.com/nexus61066632,https://instagram.com/qdai_medi_bad_official,https://www.kyusan-u.ac.jp/campus/life/circle/Badminton_Department/,62,30,7,20,5,39,d5b5f88a-1227-4855-ba22-502d8518a198,,,
742,3,2026-10 第3バッチ,弓道部,名古屋大学,運動系（スポーツ・アウトドア）,,X/Instagram/Web,x,meikyushinkan26,https://x.com/MeikyuShinkan26,https://instagram.com/nagoya_univ_kyudoubu,https://www.med.nagoya-u.ac.jp/medical_J/school/campus-life/clubs/,62,30,7,20,5,39,d874e6e0-ecb0-4a81-96b9-69a1676da747,,,
743,3,2026-10 第3バッチ,日吉ハンドボール同好会,慶應義塾大学,運動系（スポーツ・アウトドア）,,X/Instagram/Web,x,hiyohan2023,https://x.com/hiyohan2023,https://instagram.com/hiyohan_2022,https://hiyohan.org/link/,80,30,25,20,5,133,ba77cc6c-9ab2-418c-9e1a-2e6efef60fd0,,,
744,3,2026-10 第3バッチ,経済学会,早稲田大学,学術・研究（ゼミ・研究会・勉強会）,200,X/Instagram,x,wkg_waseda,https://x.com/wkg_waseda,https://instagram.com/wasedakeizaigakkai,,75,20,25,10,20,136,72abe2aa-4158-472d-b37b-b9d006215f15,,,
745,3,2026-10 第3バッチ,体操部,大阪大学,運動系（スポーツ・アウトドア）,,X/Instagram/Web,x,gymougc,https://x.com/gymougc,https://instagram.com/omu_gymnastics,https://omu.2025.giving-campaign.jp/groups?id=86357940-f985-46ba-8ae2-2689dd3d3a67,63,30,8,20,5,44,da1b7973-bcd1-45d2-988b-2090228bed1b,,,
746,3,2026-10 第3バッチ,競技スキー部,北海道大学,運動系（スポーツ・アウトドア）,,X/Instagram/Web,x,hokudai_rski,https://x.com/hokudai_Rski,https://instagram.com/hokudai_racing_ski,https://hubcnavi.net/racingski,63,30,8,20,5,41,ad326ca8-aeed-4a2a-ae41-6a30b0d339d5,,,
747,3,2026-10 第3バッチ,クラシックバレエサークル,国際基督教大学,文化系（音楽・演劇・アート）,40,X/Instagram/Web,x,icu_ballet,https://x.com/Icu_Ballet,https://instagram.com/icuballet,https://www.icu.ac.jp/campuslife/club/,59,30,4,15,10,20,4f8ccbe9-b6f0-40d5-950f-5b5792432c71,,,
748,3,2026-10 第3バッチ,ラグビー部,東京科学大学,運動系（スポーツ・アウトドア）,,X/Instagram/Web,x,titrfc,https://x.com/titrfc,https://instagram.com/tmdu_rugby,https://titech.info/circle/73,58,30,3,20,5,19,b66d0725-9928-4aab-b256-d5339fd91816,,,
749,3,2026-10 第3バッチ,ソフトテニスサークル,京都大学,運動系（スポーツ・アウトドア）,,X/Instagram/Web,x,kusoftecircle,https://x.com/KUsoftecircle,https://instagram.com/kusoftecircle,https://kyoto-u.2024.giving-campaign.jp/groups?id=992492a2-d3cd-48de-ae0e-11780a64cc85,65,30,10,20,5,56,c5afa1df-f6b2-46d9-bcdf-20500872221b,,,
750,3,2026-10 第3バッチ,上智大学天体観測同好会,上智大学,学術・研究（ゼミ・研究会・勉強会）,10,X/Instagram/Web,x,sophia_tentai,https://x.com/sophia_tentai,https://instagram.com/sophiatentai_,https://ictmedia.s3.ap-northeast-1.amazonaws.com/wp-content/uploads/2021/06/12093953/2021_tmj_all.pdf,62,30,17,10,5,91,1f042fa0-ce71-4523-b1c3-29abf5d805a3,,,
751,3,2026-10 第3バッチ,バスケットボール部(理工学部),慶應義塾大学,運動系（スポーツ・アウトドア）,,X/Instagram/Web,website,https://info-jukusei.com/rikotaibasket/,https://x.com/rikotai_bsk,https://instagram.com/rikotaibasket,https://info-jukusei.com/rikotaibasket/,80,30,25,20,5,134,c08a7131-f70b-46a5-b605-cb0dbd38f624,,,
752,3,2026-10 第3バッチ,クイズ研究会（W.Q.S.S）,早稲田大学,趣味・その他,190,X/Instagram,x,w_q_s_s,https://x.com/w_q_s_s,https://instagram.com/wqss_wqss,,75,20,25,10,20,137,0b793a39-9055-4d07-bdad-a1339c75210b,,,
753,3,2026-10 第3バッチ,乗馬＆競馬サークル Pacara!,一橋大学,運動系（スポーツ・アウトドア）,,X/Instagram/Web,x,hit_umaski,https://x.com/hit_umaski,https://instagram.com/hit_pacara,https://search.yahoo.co.jp/realtime/search/%E7%AB%B6%E9%A6%AC%20%E6%9D%B1%E4%BA%AC%E7%AB%B6%E9%A6%AC%E5%A0%B4/?p=%E7%AB%B6%E9%A6%AC%20%E6%9D%B1%E4%BA%AC%E7%AB%B6%E9%A6%AC%E5%A0%B4&ei=UTF-8&md=h&rkf=1,63,30,8,20,5,44,d8700f3c-111c-4980-9a54-dee13e80788b,,,
754,3,2026-10 第3バッチ,スキー部,東京大学,運動系（スポーツ・アウトドア）,,X/Instagram/Web,x,ski_todai,https://x.com/ski_todai,https://instagram.com/ski_tku,https://u-tokyo.2024.giving-campaign.jp/groups?id=870c1765-7119-4b59-a719-7272a6281c8e,65,30,10,20,5,54,dbeae50b-b509-46e2-8577-040b4a97059e,,,
755,3,2026-10 第3バッチ,防具空手道部,東北大学,運動系（スポーツ・アウトドア）,,X/Instagram/Web,instagram,northhawks2025,https://x.com/suikyu_toh,https://instagram.com/northhawks2025,https://www.tohoku.ac.jp/japanese/studentinfo/studentlife/02/studentlife0201/dantaiichiran.pdf,62,30,7,20,5,37,8324af1c-f9f3-42ba-9dd9-dd6c2b88567f,,,
756,3,2026-10 第3バッチ,海洋研究会マリンヨットクラブ,慶應義塾大学,運動系（スポーツ・アウトドア）,,X/Instagram/Web,x,keio_marine,https://x.com/keio_marine,https://instagram.com/keio.marine,http://keiomarine.blogspot.com/p/blog-page_22.html,80,30,25,20,5,135,c4751752-a40d-470b-b6ee-b7ea233d84da,,,
757,3,2026-10 第3バッチ,SILS MUSIC CLUB （SMC）,早稲田大学,趣味・その他,150,X/Instagram,x,sils_music_club,https://x.com/SILS_MUSIC_CLUB,https://instagram.com/sils_music_club,,75,20,25,10,20,138,5112edba-dd4e-4c74-ae15-6259e93cfaf4,,,
758,3,2026-10 第3バッチ,日本学生協会(JNSA)基金　上智大学支部,上智大学,運動系（スポーツ・アウトドア）,4,Instagram/Web,website,https://findsophia.jp/club_list/%e6%97%a5%e6%9c%ac%e5%ad%a6%e7%94%9f%e5%8d%94%e4%bc%9ajnsa%e5%9f%ba%e9%87%91%e3%80%80%e4%b8%8a%e6%99%ba%e5%a4%a7%e5%ad%a6%e6%94%af%e9%83%a8/,,https://instagram.com/sophia.nihongo,https://findsophia.jp/club_list/%E6%97%A5%E6%9C%AC%E5%AD%A6%E7%94%9F%E5%8D%94%E4%BC%9Ajnsa%E5%9F%BA%E9%87%91%E3%80%80%E4%B8%8A%E6%99%BA%E5%A4%A7%E5%AD%A6%E6%94%AF%E9%83%A8/,62,20,17,20,5,92,23f6edcb-ced4-493b-9674-2d2810163611,,,
759,3,2026-10 第3バッチ,軟式野球部,九州大学,運動系（スポーツ・アウトドア）,,X/Instagram/Web,x,kyudaicircle_20,https://x.com/kyudaicircle_20,https://instagram.com/tokai.kyushu__bbc,https://nankyuyakyubu.1net.jp/,62,30,7,20,5,40,d7918ca1-e1c4-450e-9606-d47a05ffbca4,,,
760,3,2026-10 第3バッチ,準硬式野球部,名古屋大学,運動系（スポーツ・アウトドア）,,X/Instagram/Web,x,ncu_junko,https://x.com/ncu_junko,https://instagram.com/meidai.medical,https://meidaimedical.jimdofree.com/%E9%83%A8%E5%93%A1%E7%B4%B9%E4%BB%8B/,62,30,7,20,5,40,d9868ed4-0597-42fb-88b0-0e3ad446fec5,,,
761,3,2026-10 第3バッチ,チア＆ソングリーダーズUNICORNS,慶應義塾大学,運動系（スポーツ・アウトドア）,,X/Instagram/Web,x,unicorns_cheer,https://x.com/UNICORNS_CHEER,https://instagram.com/keio_unicorns_cheer,https://orientation.keio-zenkyo.net/circle2025/261,80,30,25,20,5,136,ce4182b3-96c4-4531-a983-1f4f7fc0cd6e,,,
762,3,2026-10 第3バッチ,硬式野球部,京都大学,運動系（スポーツ・アウトドア）,,X/Instagram/Web,x,kyoto_bbc_db,https://x.com/kyoto_bbc_DB,https://instagram.com/kyotobaseball_shinkan,https://kyoto-u.2025.giving-campaign.jp/groups?id=15812114-6262-407d-9932-8e2cc7bbe4cc,65,30,10,20,5,57,cfe8afb9-4c8f-4094-8340-b2cfdf040d01,,,
763,3,2026-10 第3バッチ,タッチ☆ネッツ,早稲田大学,趣味・その他,142,X/Instagram,x,waseda_tn,https://x.com/waseda_TN,https://instagram.com/waseda_touchnets,,75,20,25,10,20,139,80d1ba43-5988-4f63-b8af-c1429f01d72e,,,
764,3,2026-10 第3バッチ,硬式庭球部,大阪大学,運動系（スポーツ・アウトドア）,,X/Instagram/Web,x,outc_shinkan,https://x.com/outc_shinkan,https://instagram.com/outc_official_b,https://outcofficial.wixsite.com/outc,63,30,8,20,5,45,da93ab26-a5bf-4bd1-bcd1-13ed9ee2fec8,,,
765,3,2026-10 第3バッチ,上智人狼サークル,上智大学,趣味・その他,4,X/Instagram/Web,x,sopww23,https://x.com/sopww23,https://instagram.com/werewolf_sophia,https://www.jpf.go.jp/j/about/result/pr/2022/pdf/pr_2022.pdf,62,30,17,10,5,93,28eb8a1c-8d46-4d86-9d40-b0ad0b042dae,,,
766,3,2026-10 第3バッチ,陸上ホッケー部,北海道大学,運動系（スポーツ・アウトドア）,,X/Instagram/Web,x,huhockeygirl,https://x.com/HUhockeygirl,https://instagram.com/hokudai_fieldhockey,https://www.hokudai-fieldhockey.com/blog,63,30,8,20,5,42,ae709e2f-2a9c-41bd-a745-c33f1da89d9e,,,
767,3,2026-10 第3バッチ,サッカー部（薬学部）,慶應義塾大学,運動系（スポーツ・アウトドア）,,X/Instagram/Web,x,kpfc2013,https://x.com/kpfc2013,https://instagram.com/keio_soccer_official,https://be4do.com/column/8619/,80,30,25,20,5,137,cf91bf1f-f00d-4900-9784-46d2441e11f6,,,
768,3,2026-10 第3バッチ,剣道部,東京大学,運動系（スポーツ・アウトドア）,,X/Instagram/Web,x,t_kenyukai,https://x.com/t_kenyukai,https://instagram.com/toudai_kenyukai,http://utkendom.com/contact/,65,30,10,20,5,55,e5dbc1b9-a545-4f42-b6a6-b3527b502210,,,
769,3,2026-10 第3バッチ,スカッシュクラブ,早稲田大学,運動系（スポーツ・アウトドア）,140,X,x,squash_waseda,https://x.com/squash_waseda,,,75,10,25,20,20,140,32971e75-d405-4b10-af08-02667d9cdfe2,,,
770,3,2026-10 第3バッチ,柔道部,一橋大学,運動系（スポーツ・アウトドア）,,X/Instagram/Web,x,hitjudo1899,https://x.com/hitjudo1899,https://instagram.com/hit_judo,https://campus-map.jp/hit/club/32/,63,30,8,20,5,45,e57d2ff9-0e9f-427e-9f62-e17c800aedb9,,,
771,3,2026-10 第3バッチ,信濃町ハンドボールクラブ,慶應義塾大学,運動系（スポーツ・アウトドア）,,X/Instagram/Web,x,keiomed_hand,https://x.com/keiomed_hand,https://instagram.com/keio_handball,https://keiomed-handball-club.com/,80,30,25,20,5,138,d1eb3b89-1e75-4746-9467-9856246ae81e,,,
772,3,2026-10 第3バッチ,理工系学術サークルWathematica,早稲田大学,学術・研究（ゼミ・研究会・勉強会）,126,X/Web,x,wathematica,https://x.com/wathematica,,https://wathematica.github.io/,75,20,25,10,20,141,c98ea1fd-a52a-451b-abf1-1e725b661458,,,
773,3,2026-10 第3バッチ,上智大学クイズ研究会（SQR）,上智大学,趣味・その他,4,X/Instagram/Web,x,sophia_quiz,https://x.com/sophia_quiz,https://instagram.com/sophia_quiz,https://findsophia.jp/club_list/%E4%B8%8A%E6%99%BA%E5%A4%A7%E5%AD%A6%E3%82%AF%E3%82%A4%E3%82%BA%E7%A0%94%E7%A9%B6%E4%BC%9A%EF%BC%88sqr%EF%BC%89/,62,30,17,10,5,94,d8e3eeb9-ee75-42e4-bfb4-3a0b56814f1e,,,
774,3,2026-10 第3バッチ,相撲部,京都大学,運動系（スポーツ・アウトドア）,,X/Instagram/Web,x,kyodai_sumo,https://x.com/kyodai_sumo,https://instagram.com/kyodai_sumoclub,https://osumo3.com/2019/02/02/%E4%BA%AC%E9%83%BD%E5%A4%A7%E5%AD%A6%E7%9B%B8%E6%92%B2%E9%83%A8%E7%AC%AC%EF%BC%92%E5%9B%9E/,65,30,10,20,5,58,cff88145-be31-4ece-9494-432d1e83032e,,,
775,3,2026-10 第3バッチ,合気道部,東北大学,運動系（スポーツ・アウトドア）,,X/Instagram/Web,x,tohokuaikidou,https://x.com/tohokuaikidou,https://instagram.com/tohoku_uni_aiki2025,https://tohokuaiki.jp/,62,30,7,20,5,38,8360baf1-74a8-47a7-9583-9d08adc1e424,,,
776,3,2026-10 第3バッチ,レスリング部,慶應義塾大学,運動系（スポーツ・アウトドア）,,X/Instagram/Web,x,keio_wrestling_,https://x.com/keio_wrestling_,https://instagram.com/keio_wrestling,https://info-jukusei.com/keio_wrestling_/,80,30,25,20,5,139,d22c6c68-860e-40d3-a7aa-ca0e1584e5c1,,,
777,3,2026-10 第3バッチ,早稲田大学理工サッカー部,早稲田大学,運動系（スポーツ・アウトドア）,125,X,x,w_rikosoccer,https://x.com/w_rikosoccer,,,75,10,25,20,20,142,c8ee734b-c004-45a4-a15d-75aa78c76939,,,
778,3,2026-10 第3バッチ,柔道部,九州大学,運動系（スポーツ・アウトドア）,,X/Instagram/Web,x,kyudaijudo,https://x.com/kyudaijudo,https://instagram.com/kyudai_judo,https://kyudaicirclehp.wixsite.com/info/ito-sports/%E4%B9%9D%E5%B7%9E%E5%A4%A7%E5%AD%A6%E6%9F%94%E9%81%93%E9%83%A8,62,30,7,20,5,41,d8c46593-e2c2-4799-8355-af8fe076e774,,,
779,3,2026-10 第3バッチ,体操部,名古屋大学,運動系（スポーツ・アウトドア）,,X/Instagram/Web,x,nagoya_gym,https://x.com/nagoya_gym,https://instagram.com/nagoya_univ_gymnastics,https://7goya-gym.1net.jp/,62,30,7,20,5,41,dab52f08-5c39-45dd-9270-2f7194b03aab,,,
780,3,2026-10 第3バッチ,柔道部,大阪大学,運動系（スポーツ・アウトドア）,,X/Instagram/Web,x,handaijudo,https://x.com/handaijudo,https://instagram.com/handai_judo,https://www.ouhs.jp/facility/firstgymnasium1f02/,63,30,8,20,5,46,e08ae81a-4e9c-47f2-b1f8-fc666175ae79,,,
781,3,2026-10 第3バッチ,ボクシング部,東京大学,運動系（スポーツ・アウトドア）,,X/Instagram/Web,x,utboxing,https://x.com/utboxing,https://instagram.com/utboxing,https://services.undou-kai.com/clubs/boxing/,65,30,10,20,5,56,e6b6a052-4f34-43b8-b722-00f88b4bb2ab,,,
782,3,2026-10 第3バッチ,上智大学Jazz研究会,上智大学,学術・研究（ゼミ・研究会・勉強会）,4,X/Instagram/Web,x,jazz_sophiauniv,https://x.com/jazz_sophiauniv,https://instagram.com/jazz_sophiauniv,https://findsophia.jp/club_list/%E4%B8%8A%E6%99%BA%E5%A4%A7%E5%AD%A6jazz%E7%A0%94%E7%A9%B6%E4%BC%9A/,62,30,17,10,5,95,f24492da-6758-4138-b4e2-44c46a743f43,,,
783,3,2026-10 第3バッチ,ソッカー部,慶應義塾大学,運動系（スポーツ・アウトドア）,,X/Instagram/Web,x,keio_soccer1927,https://x.com/keio_soccer1927,https://instagram.com/keio_womens_soccer,https://keio-soccer.com/about,80,30,25,20,5,140,d378a4bd-ee47-4b07-905f-32ec0e83f1f4,,,
784,3,2026-10 第3バッチ,柔道部,北海道大学,運動系（スポーツ・アウトドア）,,X/Instagram/Web,x,hujudo,https://x.com/hujudo,https://instagram.com/hokudai_judo,https://www.hujudo.com/,63,30,8,20,5,43,b3b6198d-fd47-4f6f-9346-e2d5d54a986b,,,
785,3,2026-10 第3バッチ,国際法研究会,早稲田大学,国際交流・語学,120,X,x,waseda_wilc,https://x.com/waseda_wilc,,,75,10,25,20,20,143,43aa0222-7ce3-4258-943c-75dd48729913,,,
786,3,2026-10 第3バッチ,DJサークル,国際基督教大学,文化系（音楽・演劇・アート）,40,X/Instagram/Web,x,dragverble,https://x.com/dragverble,https://instagram.com/dragverble,https://www.icu.ac.jp/campuslife/club/,59,30,4,15,10,21,5eeafe6e-28a0-4217-a861-6d1e735122ad,,,
787,3,2026-10 第3バッチ,フライングディスクサークルUFO,一橋大学,運動系（スポーツ・アウトドア）,,X/Instagram/Web,x,ufo_shinkan,https://x.com/ufo_shinkan,https://instagram.com/hit_ufo,https://campus-map.jp/hit/seminar/215/,63,30,8,20,5,46,ebacef23-a28b-432a-8d80-70caa26d8e2e,,,
788,3,2026-10 第3バッチ,フットサル部,東京科学大学,運動系（スポーツ・アウトドア）,,X/Instagram/Web,x,ttechfutsal,https://x.com/TTechFutsal,https://instagram.com/tmdufutsal,https://titech.info/circle/80,58,30,3,20,5,20,c8b9cf09-80d3-480b-894c-29c683abac00,,,
789,3,2026-10 第3バッチ,鹿島神流武道部,京都大学,運動系（スポーツ・アウトドア）,,X/Instagram/Web,x,kashimakyoto,https://x.com/kashimakyoto,https://instagram.com/gaigokyudo,https://lion.or.jp/va/index.html,65,30,10,20,5,59,d70afad8-eec8-4b03-b4ad-259e6de067e5,,,
790,3,2026-10 第3バッチ,空手部,慶應義塾大学,運動系（スポーツ・アウトドア）,,X/Instagram/Web,instagram,keio_karate,https://x.com/Keio_Circle,https://instagram.com/keio_karate,https://orientation.keio-zenkyo.net/circle2024-en/148,80,30,25,20,5,141,d63193a0-f07b-4052-8f74-05b37bded7f8,,,
791,3,2026-10 第3バッチ,ヤング庭球同好会（硬式部）,早稲田大学,運動系（スポーツ・アウトドア）,120,X,x,youngtennisclub,https://x.com/youngtennisclub,,,75,10,25,20,20,144,d269a7d6-883d-4753-9ecc-7c49cd57bda6,,,
792,3,2026-10 第3バッチ,体育会ソフトテニス部(男子),上智大学,運動系（スポーツ・アウトドア）,,X/Instagram,x,stac_sophia,https://x.com/stac_sophia,https://instagram.com/sophia_softtennis,,62,20,17,20,5,96,06c5edeb-39de-4456-b677-8e7de5652599,,,
793,3,2026-10 第3バッチ,ラ・シャールスキークラブ,慶應義塾大学,運動系（スポーツ・アウトドア）,,X/Instagram/Web,x,la_charlle2023,https://x.com/la_charlle2023,https://instagram.com/keio.lcski,https://www.keio-pureski.com/links,80,30,25,20,5,142,d788b9c4-ebb5-476f-8b47-8e21f655b91b,,,
794,3,2026-10 第3バッチ,ツェルマット・スキークラブ,早稲田大学,運動系（スポーツ・アウトドア）,116,X,x,zermattskiclub,https://x.com/zermattskiclub,,,75,10,25,20,20,145,f64e9a30-86b4-405c-84f3-d7e0cb81d3cd,,,
795,3,2026-10 第3バッチ,第一高等学校・東京大学弁論部,東京大学,運動系（スポーツ・アウトドア）,,X/Instagram/Web,x,todai_benronbu,https://x.com/Todai_Benronbu,https://instagram.com/todai_benron,https://campus-map.jp/ut/club/52/,65,30,10,20,5,57,eb58eecb-f832-4546-a718-c88cc01d1cb5,,,
796,3,2026-10 第3バッチ,陸上競技部,東北大学,運動系（スポーツ・アウトドア）,,X/Instagram/Web,instagram,snkntonpeitf,https://x.com/suikyu_toh,https://instagram.com/snkntonpeitf,https://www.tohoku.ac.jp/japanese/studentinfo/studentlife/02/studentlife0201/dantaiichiran.pdf,62,30,7,20,5,39,83f67d17-0a3f-404f-8e88-1d9678763dde,,,
797,3,2026-10 第3バッチ,陸上競技部,大阪大学,運動系（スポーツ・アウトドア）,,X/Instagram/Web,x,osutandf,https://x.com/osutandf,https://instagram.com/osutand_official,https://www.osaka-sandai.ac.jp/club_circle/club/190,63,30,8,20,5,47,e2fb78f2-0196-4767-bf0f-95156b6395d6,,,
798,3,2026-10 第3バッチ,体育会女子ラクロス部,上智大学,運動系（スポーツ・アウトドア）,,X/Instagram,x,sophia_lacrosse,https://x.com/sophia_lacrosse,https://instagram.com/sophia.lacrosse,,62,20,17,20,5,97,09a5d6ce-eb19-47fc-9e85-b1b4f2fbdf31,,,
799,3,2026-10 第3バッチ,硬式野球部,名古屋大学,運動系（スポーツ・アウトドア）,,X/Instagram/Web,x,meidaibaseball,https://x.com/meidaibaseball,https://instagram.com/meidai_baseball,https://meidaimedical.jimdofree.com/%E9%83%A8%E5%93%A1%E7%B4%B9%E4%BB%8B/,62,30,7,20,5,42,dc7e5a4d-dd27-4dfd-b1d5-4f0be9b7d052,,,
800,3,2026-10 第3バッチ,準硬式野球部,九州大学,運動系（スポーツ・アウトドア）,,X/Instagram/Web,x,00kyudaijunko,https://x.com/00kyudaijunko,https://instagram.com/ku__junko,https://www.kyusan-u.ac.jp/campus/life/circle/Semi-rigid_baseball_section/,62,30,7,20,5,42,e77fdabb-34b4-418d-822a-bd18d8df5079,,,
801,3,2026-10 第3バッチ,女子タッチフットボールチーム ユニコーンズ,慶應義塾大学,運動系（スポーツ・アウトドア）,,X/Instagram/Web,x,keiogtf,https://x.com/keiogtf,https://instagram.com/keio_gtf,https://ameblo.jp/keiogtf/,80,30,25,20,5,143,d83a8916-3232-4e17-9de1-76f684edb1f0,,,
802,3,2026-10 第3バッチ,サジテリアス・アーチェリークラブ,早稲田大学,運動系（スポーツ・アウトドア）,106,X,x,sagittarius_w_j,https://x.com/sagittarius_w_j,,,75,10,25,20,20,146,cb438dd2-9767-45c1-af7f-7aab9a882420,,,
803,3,2026-10 第3バッチ,ハンドボール部,京都大学,運動系（スポーツ・アウトドア）,,X/Instagram/Web,x,kyodaihand_2024,https://x.com/kyodaihand_2024,https://instagram.com/kyodaihand2022,https://kium-handball.jimdofree.com/%E9%83%A8%E5%93%A1%E7%B4%B9%E4%BB%8B/mg%E6%BE%A4%E6%AD%A6-m1/,65,30,10,20,5,60,e4e2fe0f-8182-4ce0-b9ca-fa669b1e8464,,,
804,3,2026-10 第3バッチ,硬式庭球部,北海道大学,運動系（スポーツ・アウトドア）,,X/Instagram/Web,x,graho_2025,https://x.com/graho_2025,https://instagram.com/hokkaido_univ_tennis,https://hokudai.2025.giving-campaign.jp/groups?id=e3b45944-a92e-4960-a785-a7f10d727ac1,63,30,8,20,5,44,b585e5ef-ba38-459e-ab3a-257ab55373d3,,,
805,3,2026-10 第3バッチ,体育会陸上競技部,一橋大学,運動系（スポーツ・アウトドア）,,X/Instagram/Web,x,hit_tf,https://x.com/hit_tf,https://instagram.com/hit_tsuda_tf,http://www.ikkyotf.jp/,63,30,8,20,5,47,ebbd8291-2075-4aaa-9528-022e1aff93e4,,,
806,3,2026-10 第3バッチ,スキー部(医学部),慶應義塾大学,運動系（スポーツ・アウトドア）,,X/Instagram/Web,x,keiomedski,https://x.com/keiomedski,https://instagram.com/keiomedski,https://www.keio-pureski.com/links,80,30,25,20,5,144,d8b8b987-b9a1-4f02-80b9-7400f503aff2,,,
807,3,2026-10 第3バッチ,早稲田大学弓道サークル本陣,早稲田大学,運動系（スポーツ・アウトドア）,103,X,x,waseda_honjin,https://x.com/waseda_honjin,,,75,10,25,20,20,147,44d0c6a3-6860-4f4e-bba7-0a44e7ec8c72,,,
808,3,2026-10 第3バッチ,上智卓球サークルぴんぽん,上智大学,運動系（スポーツ・アウトドア）,,Instagram/Web,instagram,sophia_takkyu2026,,https://instagram.com/sophia_takkyu2026,https://twstalker.com/pingpong0121333,62,20,17,20,5,98,0fd0c87c-b9a4-481a-a6ea-cb2db1376247,,,
809,3,2026-10 第3バッチ,応援部チアリーダーズ,東京大学,運動系（スポーツ・アウトドア）,,X/Instagram/Web,x,cheer_kranz,https://x.com/cheer_KRANZ,https://instagram.com/todaicheer.kranz,https://services.undou-kai.com/clubs/cheerleading/,65,30,10,20,5,58,fa2c034c-a169-4230-8b7f-620670162afa,,,
810,3,2026-10 第3バッチ,水泳部,慶應義塾大学,運動系（スポーツ・アウトドア）,,X/Instagram/Web,instagram,keioswim,https://x.com/keio_gin,https://instagram.com/keioswim,https://www.keioswim.jp/,80,30,25,20,5,145,decf5247-5083-4006-bca0-11bb50c5ab0c,,,
811,3,2026-10 第3バッチ,スガ・スキークラブ,早稲田大学,運動系（スポーツ・アウトドア）,100,X,x,sugarskiclub,https://x.com/sugarskiclub,,,75,10,25,20,20,148,517382b8-e009-4eb6-b433-f56516c7359c,,,
812,3,2026-10 第3バッチ,フィギュアスケート部,大阪大学,運動系（スポーツ・アウトドア）,,X/Instagram/Web,x,daikei_figure,https://x.com/daikei_figure,https://instagram.com/oufsc,https://www.osaka-ue.ac.jp/campus/club/club01/iceskating_figure.html,63,30,8,20,5,48,e65a89fb-b396-49c1-bc00-8caa63b8a4c2,,,
813,3,2026-10 第3バッチ,nexnect,上智大学,趣味・その他,,X/Instagram/Web,x,nexnect,https://x.com/nexnect,https://instagram.com/nexnect,https://piloti.sophia.ac.jp/assets/uploads/2025/03/96f4fb5ad7c7edd97c727bcc0e832938.pdf,62,30,17,10,5,99,132efed8-b467-4f31-aace-6428c166d577,,,
814,3,2026-10 第3バッチ,ラクロス部女子,京都大学,運動系（スポーツ・アウトドア）,,X/Instagram/Web,x,kyotolaxshinkan,https://x.com/kyotolaxshinkan,https://instagram.com/kyotolax_shinkan,https://ameblo.jp/kyotolaxblg/entry-12893007330.html,65,30,10,20,5,61,e6c49ffb-f74e-44c9-a07e-95d6c151e857,,,
815,3,2026-10 第3バッチ,ゴルフ部,東北大学,運動系（スポーツ・アウトドア）,,X/Instagram/Web,x,tongol2023,https://x.com/Tongol2023,https://instagram.com/tohoku.univ.golf.club,https://www.tohoku.ac.jp/japanese/studentinfo/studentlife/02/studentlife0201/dantaiichiran.pdf,62,30,7,20,5,40,87769628-075d-47c4-b94a-f5807dd59d34,,,
816,3,2026-10 第3バッチ,発達障害支援会,慶應義塾大学,運動系（スポーツ・アウトドア）,,X/Instagram/Web,x,kdds33114814,https://x.com/KDDS33114814,https://instagram.com/kdds_keio,https://circle.info-jukusei.com/%E5%AD%A6%E8%A1%93%E3%83%BB%E6%96%87%E5%8C%96%E7%B3%BB/%E7%99%BA%E9%81%94%E9%9A%9C%E5%AE%B3%E6%94%AF%E6%8F%B4%E4%BC%9A%EF%BC%88kdds%EF%BC%89/,80,30,25,20,5,146,e77fa309-ab35-42eb-b0ea-bca3a985f9da,,,
817,3,2026-10 第3バッチ,ヨコシマ。,早稲田大学,趣味・その他,100,X/Instagram,x,yokoshimawsd,https://x.com/YokoshimaWsd,https://instagram.com/yokoshimawsd,,75,20,25,10,20,149,6517e84a-b09b-4d58-80ef-49448522196f,,,
818,3,2026-10 第3バッチ,合気道部,名古屋大学,運動系（スポーツ・アウトドア）,,X/Instagram/Web,x,nuaikido,https://x.com/nuaikido,https://instagram.com/nu.aikido,https://www.hpkanbu.tok2.cloud/,62,30,7,20,5,43,ec1748e8-ba27-4b5c-9953-2d6926ce4b62,,,
819,3,2026-10 第3バッチ,硬式庭球部,九州大学,運動系（スポーツ・アウトドア）,,X/Instagram/Web,x,kyudai_tennis,https://x.com/kyudai_tennis,https://instagram.com/kyudai_tennis,https://www.kyusan-u.ac.jp/campus/life/circle/Hard_garden_ball/,62,30,7,20,5,43,ec764afe-e5e4-4a11-b7c7-8aa0b6c9e3eb,,,
820,3,2026-10 第3バッチ,空手部,北海道大学,運動系（スポーツ・アウトドア）,,X/Instagram/Web,x,hokudai_karate2,https://x.com/hokudai_karate2,https://instagram.com/hokudai_karatebu,https://7univ-nanadaisen.jp/,63,30,8,20,5,45,c1a20048-7ae7-4404-86b0-6ba6f8b65f15,,,
821,3,2026-10 第3バッチ,キャップ投げ倶楽部,一橋大学,運動系（スポーツ・アウトドア）,,X/Instagram/Web,x,caphitotsubashi,https://x.com/CAPHitotsubashi,https://instagram.com/hit.cap.baseball,https://hitotsubashi-cap.jimdosite.com/,63,30,8,20,5,48,ed90a835-ebf1-4d74-b198-fbdc158aa119,,,
822,3,2026-10 第3バッチ,和太鼓部,国際基督教大学,文化系（音楽・演劇・アート）,40,X/Instagram/Web,x,icuwadaiko,https://x.com/icuwadaiko,https://instagram.com/icuwadaiko1990,https://www.icu.ac.jp/campuslife/club/,59,30,4,15,10,22,86deb811-94d7-48b8-b4d6-82743ac5bf1a,,,
823,3,2026-10 第3バッチ,バドミントンサークルＳＭＡＳＨ,慶應義塾大学,運動系（スポーツ・アウトドア）,,X/Instagram/Web,x,2025smash,https://x.com/2025Smash,https://instagram.com/keiobadsmash,https://orientation.keio-zenkyo.net/circle2025/236,80,30,25,20,5,147,e99fdf5c-c6d6-4d3b-8599-d860efd75899,,,
824,3,2026-10 第3バッチ,剣道同好会,早稲田大学,運動系（スポーツ・アウトドア）,100,X,x,wsdkendodkk,https://x.com/wsdkendodkk,,,75,10,25,20,20,150,d8f35750-1aa7-4cbf-9855-eed0ca0322f1,,,
825,3,2026-10 第3バッチ,Sophia Data Tech,上智大学,趣味・その他,,X/Instagram/Web,x,data_sophia,https://x.com/data_sophia,https://instagram.com/sophia_data_tech,https://findsophia.jp/wp-content/uploads/2022/03/SophiansGuide_2022_ENMobile.pdf,62,30,17,10,5,100,15477317-914e-4f07-8b6b-bf3d033d3cb2,,,
826,3,2026-10 第3バッチ,ゴルフ部,東京大学,運動系（スポーツ・アウトドア）,,X/Instagram/Web,x,todaigolfteam,https://x.com/todaigolfteam,https://instagram.com/tokyomed_golf,https://services.undou-kai.com/clubs/golf/,65,30,10,20,5,59,fd134903-a7ca-42ec-9a66-51ec1472794c,,,
827,3,2026-10 第3バッチ,山岳部,東京科学大学,運動系（スポーツ・アウトドア）,,X/Instagram/Web,x,sangaku_titech,https://x.com/Sangaku_titech,https://instagram.com/tmduwandervogel,https://titech.info/circle/94,58,30,3,20,5,21,d0bfd70b-30b2-4665-95da-5dab1436d35c,,,
828,3,2026-10 第3バッチ,ART OFFICE,早稲田大学,趣味・その他,100,X/Instagram,x,w_artoffice,https://x.com/w_ArtOffice,https://instagram.com/artoffice_w,,75,20,25,10,20,151,ffbd73d1-d572-493b-adcf-72da7b2fd4dc,,,
829,3,2026-10 第3バッチ,庭球部,慶應義塾大学,運動系（スポーツ・アウトドア）,,X/Instagram/Web,website,https://www.keiotennis.com/,https://x.com/keio_fed,https://instagram.com/keio_tennis,https://www.keiotennis.com/,80,30,25,20,5,148,f043a7cf-0e07-4b5e-8b31-628b4eb8a0fa,,,
830,3,2026-10 第3バッチ,ラクロス部男子,京都大学,運動系（スポーツ・アウトドア）,,X/Instagram/Web,x,kyotouniv_lax,https://x.com/KyotoUniv_Lax,https://instagram.com/kyotouniv_lax,https://linktr.ee/24kulrecruit,65,30,10,20,5,62,f3c13f5c-6c6a-4ad7-b4ed-8ee2c26983f9,,,
831,3,2026-10 第3バッチ,F.C.LEXUS,上智大学,趣味・その他,,X/Instagram/Web,x,lexuscommunity,https://x.com/lexuscommunity,https://instagram.com/f.c.lexus,https://circle-book.com/circles/921,62,30,17,10,5,101,1760759d-ba3c-40f9-940c-bf9e37ee5e54,,,
832,3,2026-10 第3バッチ,フラメンコ部 Al Compas,大阪大学,運動系（スポーツ・アウトドア）,,X/Instagram/Web,x,alcomps2,https://x.com/AlComps2,https://instagram.com/alcom.ou,https://twstalker.com/al_compas_ouniv,63,30,8,20,5,49,e9a5f344-85e8-4738-8c8d-fdce0399c95d,,,
833,3,2026-10 第3バッチ,早大防災教育支援会 WASEND,早稲田大学,ボランティア・NPO,80,X/Web,x,wasend_info,https://x.com/wasend_info,,http://wasend-blog.com/,75,20,25,15,15,152,0ae94d59-c6d3-4d3b-b301-ece1e5b49cbb,,,
834,3,2026-10 第3バッチ,剣道部,慶應義塾大学,運動系（スポーツ・アウトドア）,,X/Instagram/Web,x,keio_kendo_1878,https://x.com/keio_kendo_1878,https://instagram.com/keiorikotaikendo,https://info-jukusei.com/2022rikotaiken/,80,30,25,20,5,149,f275c29d-249e-440e-8848-a91c877ba23e,,,
835,3,2026-10 第3バッチ,硬式庭球部,名古屋大学,運動系（スポーツ・アウトドア）,,X/Instagram/Web,x,nu_tennis_sk,https://x.com/nu_tennis_sk,https://instagram.com/nagoya.univ_tennis,https://meidai-tennis.jimdofree.com/,62,30,7,20,5,44,ec9835b7-28ff-46be-bbe3-68cb41f136e9,,,
836,3,2026-10 第3バッチ,女子バレーボール部,九州大学,運動系（スポーツ・アウトドア）,,X/Instagram/Web,x,kyudai_volley,https://x.com/kyudai_volley,https://instagram.com/kyushu_u.vb,http://kyudaicircle.club/s002_shiroutovolley/,62,30,7,20,5,44,f5ed9718-6016-4951-b623-9e8c6586bab4,,,
837,3,2026-10 第3バッチ,オリエンテーリング部,東北大学,運動系（スポーツ・アウトドア）,,X/Instagram/Web,instagram,tohoku_orienteering_2023,https://x.com/suikyu_toh,https://instagram.com/tohoku_orienteering_2023,https://www.tohoku.ac.jp/japanese/studentinfo/studentlife/02/studentlife0201/dantaiichiran.pdf,62,30,7,20,5,41,8a8dc272-6538-4568-8bab-35382cbdc3fa,,,
838,3,2026-10 第3バッチ,フェンシング部,東京大学,運動系（スポーツ・アウトドア）,,X/Instagram/Web,x,ut_fencing_,https://x.com/ut_fencing_,https://instagram.com/ut_fencing,https://linktr.ee/utfencing,65,30,10,20,5,60,fddbc3f8-93aa-42f0-bbca-84dfa75b121e,,,
839,3,2026-10 第3バッチ,体育会ワンダーフォーゲル部,一橋大学,運動系（スポーツ・アウトドア）,,X/Instagram/Web,x,hitwv,https://x.com/hitwv,https://instagram.com/hit_u_wv,https://campus-map.jp/hit/club/26/,63,30,8,20,5,49,faa3d647-e9eb-46bd-8872-ec417ee7ae5e,,,
840,3,2026-10 第3バッチ,自転車競技部,北海道大学,運動系（スポーツ・アウトドア）,,X/Instagram/Web,x,hucrt_shinkan26,https://x.com/hucrt_shinkan26,https://instagram.com/hokkaidouniv_crt,https://hubcnavi.net/hucc,63,30,8,20,5,46,c6fc1550-9a86-40b9-8e62-6e7ada7d6726,,,
841,3,2026-10 第3バッチ,茶道研究会,早稲田大学,文化系（音楽・演劇・アート）,80,X/Instagram,x,wasecha,https://x.com/Wasecha,https://instagram.com/wasedachaken,,75,20,25,15,15,153,72e79ca7-fe47-4fb3-bb9d-02adfc5d5007,,,
842,3,2026-10 第3バッチ,シャクル,上智大学,趣味・その他,,X/Instagram/Web,x,sircle_5s_2021,https://x.com/sircle_5s_2021,https://instagram.com/sircle_sophia,https://urbanist-chiyoda.net/2286/,62,30,17,10,5,102,19de2a50-207f-4227-8cf4-3dcddd8e00c9,,,
843,3,2026-10 第3バッチ,ラクロス部,慶應義塾大学,運動系（スポーツ・アウトドア）,,X/Instagram/Web,x,keiolax2021,https://x.com/keiolax2021,https://instagram.com/keiomlax_shinkan,https://ameblo.jp/keiolacrosse2017shinkan/entry-12842209902.html,80,30,25,20,5,150,f548c775-c295-4f7b-a75b-527466d7afb6,,,
844,3,2026-10 第3バッチ,文化サークル連合会,京都大学,文化系（音楽・演劇・アート）,9,X/Instagram/Web,x,ksu_bunren,https://x.com/ksu_bunren,https://instagram.com/kyodai_circle_potal,https://www.kyoto-gakuseisaiten.com/shinkan-search,60,30,10,15,5,63,1aa4f115-b62c-4ddb-a3bb-17e7a1c80f60,,,
845,3,2026-10 第3バッチ,Walkin,早稲田大学,イベント・企画（インカレ・学園祭等）,80,X,x,walkin_pr,https://x.com/Walkin_PR,,,75,10,25,25,15,154,e18e0225-0ca1-4f44-ad5b-15182a627adc,,,
846,3,2026-10 第3バッチ,硬式庭球部(医学部),慶應義塾大学,運動系（スポーツ・アウトドア）,,X/Instagram/Web,x,keiomedtennis,https://x.com/keiomedtennis,https://instagram.com/keiomed.tennis,https://keiomed-tennis.jimdofree.com/%E6%96%B0%E6%AD%93%E6%83%85%E5%A0%B1/,80,30,25,20,5,151,f5930261-a36a-4fda-8bce-e0601a18a5d9,,,
847,3,2026-10 第3バッチ,Soomit,上智大学,趣味・その他,,X/Instagram/Web,website,https://diversity-sustainability.sophia.ac.jp/efforts/1335/,https://x.com/SOS_sophia,https://instagram.com/sophia_aiki_kai,https://diversity-sustainability.sophia.ac.jp/efforts/1335/,62,30,17,10,5,103,19e8ff5e-0ce3-4f40-9e2d-6b617eb6208a,,,
848,3,2026-10 第3バッチ,女子ハンドボール部,大阪大学,運動系（スポーツ・アウトドア）,,X/Instagram/Web,x,ougirlshand,https://x.com/ougirlshand,https://instagram.com/osaka_u.handball.hankyu,https://www.osaka-sandai.ac.jp/club_circle/club/175,63,30,8,20,5,50,f0a0f220-275c-4adc-94e6-5bc2f068cbca,,,
849,3,2026-10 第3バッチ,アニメーション研究会,早稲田大学,文化系（音楽・演劇・アート）,75,X/Web,x,waseda_wafl,https://x.com/waseda_wafl,,https://wafl.jp/,75,20,25,15,15,155,aa84bf86-1c91-48ec-900c-9c0d2d5ecfe4,,,
850,3,2026-10 第3バッチ,日吉ゴルフクラブ,慶應義塾大学,運動系（スポーツ・アウトドア）,,X/Instagram/Web,instagram,hiyoshigolf_,https://x.com/steelersdesu,https://instagram.com/hiyoshigolf_,https://orientation.keio-zenkyo.net/circle2025/351,80,30,25,20,5,152,fae23cc8-20fc-4a25-990d-b8fb84faa728,,,
851,3,2026-10 第3バッチ,東京大学韓国人学生会,東京大学,学術・研究（ゼミ・研究会・勉強会）,30,X/Instagram/Web,x,utcopydancestep,https://x.com/utcopydancestep,https://instagram.com/utcopydancestep,http://ut-base.info/circles/179,60,30,10,10,10,61,d0da5bfc-ac76-47e8-8605-993468b78320,,,
852,3,2026-10 第3バッチ,準硬式野球部,一橋大学,運動系（スポーツ・アウトドア）,,X/Instagram/Web,x,junkohitu,https://x.com/junkohitu,https://instagram.com/junko_hitu2025,https://campus-map.jp/hit/club/89/,63,30,8,20,5,50,fb9de6cd-71cc-406a-b29f-6b7c5953fc62,,,
853,3,2026-10 第3バッチ,写真部,京都大学,文化系（音楽・演劇・アート）,,X/Instagram/Web,instagram,photoclub_kwu,https://x.com/DigiPhoto_Kyoto,https://instagram.com/photoclub_kwu,https://www.kyoto-wu.ac.jp/student/club/club/cul_shasin.html,60,30,10,15,5,64,0514b4be-1276-4d80-902f-38f28fe035ac,,,
854,3,2026-10 第3バッチ,スキー部,名古屋大学,運動系（スポーツ・アウトドア）,,X/Instagram/Web,x,nusrt,https://x.com/nusrt,https://instagram.com/nagoyauniv.skiteam,https://www.med.nagoya-u.ac.jp/medical_J/school/campus-life/clubs/,62,30,7,20,5,45,ecc07657-6035-4538-ad59-aeb61a14b2af,,,
855,3,2026-10 第3バッチ,探検部,九州大学,趣味・その他,32,X/Instagram/Web,x,9uec,https://x.com/9uec,https://instagram.com/qdai,https://note.com/buraito/n/nb538c05a089c,57,30,7,10,10,45,4baae6c8-d416-44f4-9d32-3c067905cdfa,,,
856,3,2026-10 第3バッチ,いじけっ子マンガ集団,早稲田大学,文化系（音楽・演劇・アート）,74,X/Web,x,easyman827,https://x.com/easyman827,,https://www.easyman827.com/,75,20,25,15,15,156,335c660c-430b-4f8b-a653-33f988ee4679,,,
857,3,2026-10 第3バッチ,上智手芸サークル,上智大学,趣味・その他,,X/Instagram/Web,x,footballassist1,https://x.com/FootballAssist1,https://instagram.com/sophia_handicraft_club,https://wel-bee.com/volunteer-2022/,62,30,17,10,5,104,1e76467d-83d9-4676-ba3d-dd2b550c79fe,,,
858,3,2026-10 第3バッチ,アルティメットサークル ホワイトホーンズ,慶應義塾大学,運動系（スポーツ・アウトドア）,,X/Instagram/Web,x,whitehorns2023,https://x.com/whitehorns2023,https://instagram.com/whitehornsofficial,https://circle.info-jukusei.com/%E3%82%B9%E3%83%9D%E3%83%BC%E3%83%84%E7%B3%BB/%E3%82%A2%E3%83%AB%E3%83%86%E3%82%A3%E3%83%A1%E3%83%83%E3%83%88%E3%82%B5%E3%83%BC%E3%82%AF%E3%83%AB-%E3%83%9B%E3%83%AF%E3%82%A4%E3%83%88%E3%83%9B%E3%83%BC%E3%83%B3%E3%82%BA%EF%BC%88%E3%83%9B%E3%83%BC/,80,30,25,20,5,153,fdddf0dd-19f4-4195-92ff-329451d78d3c,,,
859,3,2026-10 第3バッチ,女子ラクロス部,北海道大学,運動系（スポーツ・アウトドア）,,X/Instagram/Web,x,huw_lax,https://x.com/huw_lax,https://instagram.com/huwlax,https://lit.link/hguwomenlax,63,30,8,20,5,47,c8b4f4ec-cad9-41e8-a45a-f9aebb739cdc,,,
860,3,2026-10 第3バッチ,航空部,東北大学,運動系（スポーツ・アウトドア）,,X/Instagram/Web,x,tohoku_glider,https://x.com/tohoku_glider,https://instagram.com/tohoku_glider,https://tohoku-glider.jimdofree.com/%E5%85%A5%E9%83%A8%E3%82%92%E5%B8%8C%E6%9C%9B%E3%81%AE%E6%96%B9%E3%81%B8/,62,30,7,20,5,42,8e7aff18-6d48-446d-b4cd-90e46a8f2eb6,,,
861,3,2026-10 第3バッチ,演劇サークル,国際基督教大学,文化系（音楽・演劇・アート）,40,X/Instagram/Web,x,icukageki,https://x.com/ICUKageki,https://instagram.com/gekidan_kokasha,https://www.icu.ac.jp/campuslife/club/,59,30,4,15,10,23,9679c6d6-f489-4dbf-804f-256678d826fd,,,
862,3,2026-10 第3バッチ,古美術研究会,早稲田大学,文化系（音楽・演劇・アート）,70,X/Web,x,w_kobiken,https://x.com/w_kobiken,,https://waseda-kobiken.netlify.app/,75,20,25,15,15,157,e0cf2e7e-c63c-48f9-b81e-97235822058a,,,
863,3,2026-10 第3バッチ,剣友会,慶應義塾大学,趣味・その他,43,X/Instagram/Web,instagram,keio_kendo_1878,https://x.com/KEIOKKENDO,https://instagram.com/keio_kendo_1878,https://info-jukusei.com/keiokkendo/,75,30,25,10,10,154,98279bdd-adc5-4277-a3d0-a205c174da0b,,,
864,3,2026-10 第3バッチ,体育会女子バスケットボール部,上智大学,運動系（スポーツ・アウトドア）,,X/Instagram,x,sophiawbbc,https://x.com/SophiaWbbc,https://instagram.com/sophia.wbbc,,62,20,17,20,5,105,203143ae-f617-4fa0-930d-644e92368f9e,,,
865,3,2026-10 第3バッチ,アニメーション研究会,大阪大学,文化系（音楽・演劇・アート）,,X/Instagram/Web,x,ouanimecircle,https://x.com/ouanimecircle,https://instagram.com/omu_aniken,https://www.iput.ac.jp/osaka/about/campus/,58,30,8,15,5,51,0a1fedf2-479d-4074-a9a0-67af8edd45cd,,,
866,3,2026-10 第3バッチ,東京大学音楽部合唱団コールアカデミー,東京大学,文化系（音楽・演劇・アート）,,X/Instagram/Web,x,chor_akademie,https://x.com/Chor_Akademie,https://instagram.com/chor_akademie,https://www.chor.jp/,60,30,10,15,5,62,03def99d-ffdf-42c6-8c3c-f82d9bf390e5,,,
867,3,2026-10 第3バッチ,バスケットボール部,東京科学大学,運動系（スポーツ・アウトドア）,,X/Instagram/Web,x,feets_tus,https://x.com/feets_tus,https://instagram.com/titechbbc,https://titech.info/circle/79,58,30,3,20,5,22,d513dd83-19f8-4d21-8eb1-f705b4468296,,,
868,3,2026-10 第3バッチ,Rethink Fashion Waseda,早稲田大学,メディア・出版,60,Instagram/Web,instagram,ref.waseda,,https://instagram.com/ref.waseda,https://refwaseda.wixsite.com/website,75,20,25,15,15,158,c1e5b7f1-9437-4e5b-b8ff-aa7aa9ebf96d,,,
869,3,2026-10 第3バッチ,建築サークルA,慶應義塾大学,学術・研究（ゼミ・研究会・勉強会）,41,X/Instagram/Web,x,keio_fc,https://x.com/keio_fc,https://instagram.com/keio_sheltat,https://www.arc-navi.shikaku.co.jp/column/details.php?column_id=2277,75,30,25,10,10,155,c29657a8-b7df-46c7-8acf-76de9f363160,,,
870,3,2026-10 第3バッチ,映画文化研究会,京都大学,文化系（音楽・演劇・アート）,,X/Instagram/Web,x,yukidarumapro,https://x.com/YukidarumaPro,https://instagram.com/yukidarumapro,https://www.kyoto-wu.ac.jp/student/club/club/club_cul_eiga.html,60,30,10,15,5,65,14f18c2b-9d9c-4ee1-adf6-2158e574d7b0,,,
871,3,2026-10 第3バッチ,硬式野球部,一橋大学,運動系（スポーツ・アウトドア）,,X/Instagram/Web,x,hit_baseball,https://x.com/hit_baseball,https://instagram.com/hit.baseball,https://hitotsubashi-bbc.com/wp-content/uploads/%E4%B8%80%E7%90%83%E9%80%9A%E4%BF%A1vol.159.pdf,63,30,8,20,5,51,fe112a86-831a-468e-81e8-b6084bac5bec,,,
872,3,2026-10 第3バッチ,ボランティアサークルman-vo.,早稲田大学,ボランティア・NPO,60,X/Instagram,x,w_manvo,https://x.com/W_manvo,https://instagram.com/man.vo_volunteer_waseda,,75,20,25,15,15,159,f5de3876-ba33-48f4-bd74-de276069816f,,,
873,3,2026-10 第3バッチ,Sophia Emergency Interpreter Corps,上智大学,趣味・その他,,X/Instagram/Web,instagram,sophia_seic_emergency,https://x.com/SOS_sophia,https://instagram.com/sophia_seic_emergency,https://www.thefraser.com/pdfs/gekkan-fraser-2020-01.pdf,62,30,17,10,5,106,24c9f436-4af1-47fb-b384-5b06ae667912,,,
874,3,2026-10 第3バッチ,東北慶應学生会,慶應義塾大学,学術・研究（ゼミ・研究会・勉強会）,30,X/Instagram/Web,website,https://www.jikei.ac.jp/wp-content/uploads/2024/03/business-report_2021.pdf,https://x.com/sal_keio,https://instagram.com/keio_zenkeiren,https://www.jikei.ac.jp/wp-content/uploads/2024/03/business-report_2021.pdf,75,30,25,10,10,156,6a6ec3bb-98e4-4fa2-8a84-550cd58a1129,,,
875,3,2026-10 第3バッチ,ライフル射撃部,名古屋大学,運動系（スポーツ・アウトドア）,,X/Instagram/Web,x,nursc_,https://x.com/nursc_,https://instagram.com/meijo__rifle,https://www.dentsu.co.jp/knowledge/ad_nenpyo.html,62,30,7,20,5,46,ef82638e-18de-4cbd-898c-20f104641619,,,
876,3,2026-10 第3バッチ,アニメーション研究会,九州大学,文化系（音楽・演劇・アート）,19,X/Instagram/Web,x,q_aniken,https://x.com/q_aniken,https://instagram.com/impre_ssion.q,https://www.kyutech.ac.jp/campuslife/activity-report_k.html,57,30,7,15,5,46,0914815b-a15a-4623-8757-649673eee82f,,,
877,3,2026-10 第3バッチ,水泳部,北海道大学,運動系（スポーツ・アウトドア）,,X/Instagram/Web,x,swimmingno3,https://x.com/swimmingNo3,https://instagram.com/clark_swimming,https://hokudaiswim.com/,63,30,8,20,5,48,d2f3131d-9462-4e19-b2d3-05498fbebb64,,,
878,3,2026-10 第3バッチ,手話さあくる,早稲田大学,ボランティア・NPO,58,X/Instagram,x,syuwaseda,https://x.com/syuwaseda,https://instagram.com/syuwaseda,,75,20,25,15,15,160,ffa317b8-08d1-42bd-9af2-bafcbacd33e0,,,
879,3,2026-10 第3バッチ,女子ラクロス部,東北大学,運動系（スポーツ・アウトドア）,,X/Instagram/Web,x,tohoku_humblers,https://x.com/TOHOKU_HUMBLERS,https://instagram.com/tohoku.jolax.humblers,https://www.humblers.jp/,62,30,7,20,5,43,8e7c2863-9ab8-4a83-8892-4e45f6547044,,,
880,3,2026-10 第3バッチ,Head Quarter Simulation Game Club,慶應義塾大学,趣味・その他,21,X/Instagram/Web,x,keiohq,https://x.com/keioHQ,https://instagram.com/gfc_ami,https://info-jukusei.com/keiohq/,75,30,25,10,10,157,95fa7f56-0e68-48f7-a396-290f3a45ab35,,,
881,3,2026-10 第3バッチ,東大美術サークル,東京大学,文化系（音楽・演劇・アート）,,X/Instagram/Web,x,bisaku_shinkan,https://x.com/bisaku_shinkan,https://instagram.com/ut_artclub,https://campus-map.jp/ut/club/119/,60,30,10,15,5,63,0c81cadc-3048-4d18-afd7-18f168b96f20,,,
882,3,2026-10 第3バッチ,Lingwave,上智大学,趣味・その他,,X/Instagram/Web,website,https://ww.twstalker.com/otaotaki1209,https://x.com/sisec_official,https://instagram.com/lingwavesophiau,https://ww.twstalker.com/otaotaki1209,62,30,17,10,5,107,251651d1-3c42-49e6-a406-ab53df274259,,,
883,3,2026-10 第3バッチ,京都大学新聞社,京都大学,メディア・出版,,X/Instagram/Web,x,kyotounivpress,https://x.com/kyotounivpress,https://instagram.com/kyoto.univ_press,https://www.kyoto-up.org/archives/12150,60,30,10,15,5,66,16a49649-3416-40c4-b604-c95074d48d15,,,
884,3,2026-10 第3バッチ,エレクトーンサークル HANON,大阪大学,文化系（音楽・演劇・アート）,,X/Instagram/Web,x,handai_hanon,https://x.com/handai_hanon,https://instagram.com/handai_hanon,https://machikanesai.com/archive/22/event/kannai/detail/07981de3-07cc-11ed-9076-00163e18c256/,58,30,8,15,5,52,1278c928-b22e-4f1c-be9e-c90d6263b4e5,,,
885,3,2026-10 第3バッチ,早稲田大学広域BBS会,早稲田大学,ボランティア・NPO,55,X/Web,x,wasedabbs,https://x.com/wasedabbs,,https://bbs-waseda.jimdofree.com/,75,20,25,15,15,161,61494986-2291-4741-9d4b-08c6ad0dfedb,,,
886,3,2026-10 第3バッチ,クルージングクラブ,慶應義塾大学,文化系（音楽・演劇・アート）,13,X/Instagram/Web,x,kocruisingclub,https://x.com/kocruisingclub,https://instagram.com/keio_cruising_club,https://info-jukusei.com/keio-circle-kcc-2021/,75,30,25,15,5,158,6ffa72e3-f02d-46fe-a206-aa45ab9a2941,,,
887,3,2026-10 第3バッチ,絵画会,早稲田大学,文化系（音楽・演劇・アート）,55,X/Instagram,x,kaigakai,https://x.com/kaigakai,https://instagram.com/kaigakai,,75,20,25,15,15,162,7f61dd59-a4c9-437a-89d2-87907ac401a4,,,
888,3,2026-10 第3バッチ,上智大学中国留学生会,上智大学,国際交流・語学,,Instagram/Web,instagram,sophia.zgrlxsh,,https://instagram.com/sophia.zgrlxsh,https://piloti.sophia.ac.jp/assets/uploads/2025/03/96f4fb5ad7c7edd97c727bcc0e832938.pdf,62,20,17,20,5,108,25cb382e-8a36-4506-bd13-411acb644ccb,,,
889,3,2026-10 第3バッチ,少林寺拳法部,一橋大学,運動系（スポーツ・アウトドア）,,X/Instagram/Web,x,hittsuda,https://x.com/hittsuda,https://instagram.com/hittsuda_shorinjikempo,https://campus-map.jp/hit/club/108/,63,30,8,20,5,52,ffeb4ada-118c-42ff-b594-11f4a8f46d32,,,
890,3,2026-10 第3バッチ,楽曲制作会KMM,慶應義塾大学,文化系（音楽・演劇・アート）,3,X/Instagram/Web,x,kmm_dtm,https://x.com/kmm_dtm,https://instagram.com/kmm_dtm,https://www.tumblr.com/musicproductionpartykmm,75,30,25,15,5,159,c39b7da5-bbcb-44d7-9afb-3a50bf95db76,,,
891,3,2026-10 第3バッチ,トライアスロン部ちゃらんけ,北海道大学,運動系（スポーツ・アウトドア）,,X/Instagram/Web,x,swnbikrun,https://x.com/swnbikrun,https://instagram.com/hokkaidouniv_triathlon,https://charanke.web.fc2.com/,63,30,8,20,5,49,d60e3840-8c53-4a22-9e25-eaffa6eee8fc,,,
892,3,2026-10 第3バッチ,東京大学放送研究会,東京大学,メディア・出版,,X/Instagram/Web,website,https://campus-map.jp/ut/club/405/,https://x.com/toudaihouken,https://instagram.com/toudaihouken,https://campus-map.jp/ut/club/405/,60,30,10,15,5,64,20db0b0c-a3c7-456e-8ec1-43d6a86dd96e,,,
893,3,2026-10 第3バッチ,放送文化研究会,名古屋大学,メディア・出版,67,Instagram/Web,instagram,sbf_renmei,,https://instagram.com/sbf_renmei,https://meidai-posters.jimdosite.com/%E3%82%AF%E3%83%A9%E3%83%96%E7%B4%B9%E4%BB%8B/,57,20,7,15,15,47,a75cc376-8ce2-4be2-bc19-30e42e35b879,,,
894,3,2026-10 第3バッチ,バンド同好会,九州大学,文化系（音楽・演劇・アート）,19,X/Instagram/Web,x,kyushu_u_band,https://x.com/Kyushu_u_Band,https://instagram.com/kyushu.u_band,https://www.kyutech.ac.jp/campuslife/activity-report_k.html,57,30,7,15,5,47,afa44c01-7e63-43ad-88cc-e3ce53ac3c9a,,,
895,3,2026-10 第3バッチ,早稲田大学ハワイ民族舞踊研究会,早稲田大学,文化系（音楽・演劇・アート）,50,X/Instagram,x,wase_hula,https://x.com/wase_hula,https://instagram.com/wase_hula,,75,20,25,15,15,163,051bc343-20c0-43ed-a165-56f3fb34e35a,,,
896,3,2026-10 第3バッチ,軽音サークルこんぺいとう,京都大学,文化系（音楽・演劇・アート）,,X/Instagram/Web,x,kompeito_2025,https://x.com/kompeito_2025,https://instagram.com/...,http://teclabo.xsrv.jp/biraroad2020/?attachment_id=1022,60,30,10,15,5,67,231515ac-8b5d-4e48-962f-75fa9aef40c4,,,
897,3,2026-10 第3バッチ,能楽研究会宝生流,慶應義塾大学,文化系（音楽・演劇・アート）,,X/Instagram/Web,x,keio_hoshokai,https://x.com/keio_hoshokai,https://instagram.com/k_houshoukai,https://www3.bunren.keio-zenkyo.net/organizations/nougaku,75,30,25,15,5,160,01dff96e-1571-42f2-bfef-4b454d8501a7,,,
898,3,2026-10 第3バッチ,体育会自動車部(SUMC),上智大学,趣味・その他,,X/Instagram/Web,x,sumc_sophia,https://x.com/sumc_sophia,https://instagram.com/sumc.gymkhana,https://www.ethica.jp/tag/%E3%82%B5%E3%83%A9%E3%83%A4/,62,30,17,10,5,109,26bee5e3-b8e0-430c-83e1-ddf07c3c74be,,,
899,3,2026-10 第3バッチ,新聞部,国際基督教大学,メディア・出版,40,X/Instagram/Web,x,weeklygiantsco,https://x.com/weeklygiantsco,https://instagram.com/icu_weeklygiants,https://www.icu.ac.jp/campuslife/club/,59,30,4,15,10,24,acfd6fc7-5eb8-417d-bbb7-f2a77e9340c5,,,
900,3,2026-10 第3バッチ,乗馬部,東北大学,運動系（スポーツ・アウトドア）,,X/Instagram/Web,x,tohoku_jobabu,https://x.com/tohoku_jobabu,https://instagram.com/u_tohoku_joba,https://shuyukai-tohoku-u.net/wp/wp-content/uploads/2025/07/04kanto2025_horse.pdf,62,30,7,20,5,44,932f0448-f8a7-4fc0-aa7c-cff135717d15,,,
901,4,2026-11 第4バッチ,映画研究部,大阪大学,文化系（音楽・演劇・アート）,,X/Instagram/Web,x,handaieiken,https://x.com/HandaiEiken,https://instagram.com/cinema_osaka_u,http://oucinema.web.fc2.com/,58,30,8,15,5,53,1795e0ef-f79f-4eda-a529-de2c013a29d1,,,
902,4,2026-11 第4バッチ,早稲田大学ケルト音楽同好会,早稲田大学,文化系（音楽・演劇・アート）,50,X/Instagram,x,wasedacelt,https://x.com/wasedacelt,https://instagram.com/wasecelt,,75,20,25,15,15,164,1ff1686c-25d6-4a3a-b92f-502ba28eb6e9,,,
903,4,2026-11 第4バッチ,四谷祭実行委員会,慶應義塾大学,イベント・企画（インカレ・学園祭等）,,X/Instagram,x,yotsuyasai,https://x.com/yotsuyasai,https://instagram.com/yotsuyasai_shinkan,,75,20,25,25,5,161,0309e9cf-24c9-4eac-a7b9-c4fac50aaee8,,,
904,4,2026-11 第4バッチ,日本コリア未来プロジェクト,早稲田大学,ボランティア・NPO,50,X/Instagram,x,nikkoripj,https://x.com/nikkoripj,https://instagram.com/peace38.nikkoripj,,75,20,25,15,15,165,25486826-4d8d-4c5a-af43-05f0d963e0b0,,,
905,4,2026-11 第4バッチ,En-courage 上智支部,上智大学,運動系（スポーツ・アウトドア）,,Instagram/Web,instagram,encourage_sophia,,https://instagram.com/encourage_sophia,https://kaishi-pu.ac.jp/wp/wp-content/themes/kaishi/assets/pdf/annual_report2022.pdf?2402,62,20,17,20,5,110,273737d6-d233-4098-b6ac-7b6733650e7c,,,
906,4,2026-11 第4バッチ,準硬式野球部,東京科学大学,運動系（スポーツ・アウトドア）,,X/Instagram/Web,x,st_junko_2025,https://x.com/ST_Junko_2025,https://instagram.com/sciencetokyojyunko,http://junkohbaseball.web.fc2.com/,58,30,3,20,5,23,e68d2330-020f-4899-9fc0-ca983119549c,,,
907,4,2026-11 第4バッチ,インカレ音楽サークルBLITZ,一橋大学,文化系（音楽・演劇・アート）,,X/Instagram/Web,x,blitzwitter,https://x.com/blitzwitter,https://instagram.com/blitz_hitmau.,https://campus-map.jp/hit/club/68/,58,30,8,15,5,53,145a86df-7407-48cc-96f5-ec29e390fd90,,,
908,4,2026-11 第4バッチ,軽音楽部（薬学部）,慶應義塾大学,文化系（音楽・演劇・アート）,,X/Instagram/Web,x,keiyakukeion,https://x.com/keiyakukeion,https://instagram.com/keio_yakugaku_kon,https://www.gakuyukai-keio.org/projects/%E8%BB%BD%E9%9F%B3%E5%AD%A6%E9%83%A8(%E8%96%AC%E5%AD%A6%E9%83%A8),75,30,25,15,5,162,0321df9b-182c-443a-a765-b3cb75744d6a,,,
909,4,2026-11 第4バッチ,東京大学コーロ・ソーノ合唱団,東京大学,文化系（音楽・演劇・アート）,,X/Instagram/Web,x,corosono,https://x.com/corosono,https://instagram.com/corosono,https://linktr.ee/corosono,60,30,10,15,5,65,25b77edc-7ce5-4bba-a4b4-6d0755bf5dd7,,,
910,4,2026-11 第4バッチ,マンドリンオーケストラ,京都大学,文化系（音楽・演劇・アート）,,X/Instagram/Web,x,kumandolin,https://x.com/KUmandolin,https://instagram.com/kumandolin2525,https://kumandolin.jimdofree.com/,60,30,10,15,5,68,28684366-7623-403f-9428-2522299491d9,,,
911,4,2026-11 第4バッチ,史学舎,早稲田大学,学術・研究（ゼミ・研究会・勉強会）,48,X/Instagram/Web,x,shigakusha,https://x.com/shigakusha,https://instagram.com/shigakusha_official,http://shigakusha.hotcom-web.com/,75,30,25,10,10,166,2cdaa827-39e4-4f8d-8c87-74e59038be8a,,,
912,4,2026-11 第4バッチ,男子バスケットボール部,北海道大学,運動系（スポーツ・アウトドア）,,X/Instagram/Web,x,hokudai_bsktb,https://x.com/hokudai_bsktb,https://instagram.com/hokudai_basketball,https://ameblo.jp/hubbc-manager/entry-12797283049.html,63,30,8,20,5,50,d9bcf322-44a7-49a2-8071-ada2f5aa525d,,,
913,4,2026-11 第4バッチ,バンドサークルLyrical,慶應義塾大学,文化系（音楽・演劇・アート）,,X/Instagram/Web,instagram,ganbalyrical,https://x.com/keio_zenkyo,https://instagram.com/ganbalyrical,https://info-jukusei.com/keio_lyrical/,75,30,25,15,5,163,042ea520-3fe8-4b62-bb50-a5dbc0af5819,,,
914,4,2026-11 第4バッチ,児童福祉研究会,名古屋大学,ボランティア・NPO,5,X/Instagram/Web,website,https://www.naranja.co.jp/juggling/juggling-clubs?srsltid=afmbooonan5p4xhgml31yfchbit94_axe6mmuizlugvpbouc8kba3pu0,https://x.com/hokiboshi_nu,https://instagram.com/hokiboshi_nu,https://www.naranja.co.jp/juggling/juggling-clubs?srsltid=AfmBOooNAN5P4XhgMl31yfcHbit94_axE6mmuIzlUgVPBOuC8KbA3Pu0,57,30,7,15,5,48,0bf2f61e-46fd-4ca7-8844-9a7535fd3838,,,
915,4,2026-11 第4バッチ,フラダンスサークル,九州大学,文化系（音楽・演劇・アート）,8,X/Instagram/Web,x,anelahula13fue,https://x.com/anelahula13fue,https://instagram.com/kapuamakana.kyudai,https://www.dontaku.fukunet.or.jp/group/321/,57,30,7,15,5,48,add95598-d10c-4439-a9d5-76781a32a7b7,,,
916,4,2026-11 第4バッチ,SPH mellmuse,上智大学,趣味・その他,,X/Instagram/Web,x,sph48,https://x.com/SPH48,https://instagram.com/sphmellmuse48,https://www.mache.tv/talent/sakura2/,62,30,17,10,5,111,2887f525-2e80-4540-9f95-18e186bc65ff,,,
917,4,2026-11 第4バッチ,劇団ちゃうかちゃわん,大阪大学,文化系（音楽・演劇・アート）,,X/Instagram/Web,x,chaukachawan,https://x.com/chaukachawan,https://instagram.com/chauka_chawan,https://w.twstalker.com/chaukachawan,58,30,8,15,5,54,27a4d401-99e5-4460-8049-b254f6698382,,,
918,4,2026-11 第4バッチ,早稲田大学マスコミ研究会,早稲田大学,学術・研究（ゼミ・研究会・勉強会）,47,X/Instagram/Web,x,w_massken,https://x.com/w_massken,https://instagram.com/massken1967,https://waseda-massken.com/,75,30,25,10,10,167,1708ec64-dfef-438d-bd02-481e83cd30c8,,,
919,4,2026-11 第4バッチ,Kプレミアムオーケストラ,慶應義塾大学,文化系（音楽・演劇・アート）,,X/Instagram/Web,instagram,kpremiumorchestra,https://x.com/Keio_Circle,https://instagram.com/kpremiumorchestra,https://circle.info-jukusei.com/%E5%AD%A6%E8%A1%93%E3%83%BB%E6%96%87%E5%8C%96%E7%B3%BB/k%E3%83%97%E3%83%AC%E3%83%9F%E3%82%A2%E3%83%A0%E3%82%AA%E3%83%BC%E3%82%B1%E3%82%B9%E3%83%88%E3%83%A9k%E3%82%AA%E3%82%B1-kpo/,75,30,25,15,5,164,0813a8ef-ad92-4c54-ac02-bb3dba4651c0,,,
920,4,2026-11 第4バッチ,硬式庭球部,東北大学,運動系（スポーツ・アウトドア）,,X/Instagram/Web,x,tohoku_tennis,https://x.com/tohoku_tennis,https://instagram.com/gtc_tohoku,https://g-t-c-web.jimdofree.com/,62,30,7,20,5,45,933592cc-d040-49e9-bf64-69216bd16539,,,
921,4,2026-11 第4バッチ,東京大学華道部,東京大学,文化系（音楽・演劇・アート）,,X/Instagram/Web,x,todai_kado,https://x.com/todai_kado,https://instagram.com/u.tokyo_kado,http://ut-base.info/circles/283,60,30,10,15,5,66,33ab2c45-79f7-4b19-af1e-e6a61168c6e2,,,
922,4,2026-11 第4バッチ,ライフセービングクラブ（W.L.S.C.）,早稲田大学,運動系（スポーツ・アウトドア）,43,X/Instagram,instagram,waseda_lsc,https://x.com/waseda_lsc,https://instagram.com/waseda_lsc,,75,20,25,20,10,168,eb11acbc-9a13-4e5e-868f-30dc423a504a,,,
923,4,2026-11 第4バッチ,和心。,上智大学,趣味・その他,,X/Instagram/Web,x,wagokorosophia,https://x.com/wagokorosophia,https://instagram.com/wagokorosophia,https://sophia-law4.hatenablog.com/entry/sophia_culture_club2,62,30,17,10,5,112,2b741eec-e1cd-4386-aa84-9991db1b24df,,,
924,4,2026-11 第4バッチ,吹奏楽団,京都大学,文化系（音楽・演劇・アート）,,X/Instagram/Web,x,gy6c4dwkf5,https://x.com/GY6C4dwKF5,https://instagram.com/pr_kusb,https://kusb.jp/,60,30,10,15,5,69,3062c3c0-e0d3-4220-ac1d-024e3d7bbb44,,,
925,4,2026-11 第4バッチ,アカペラサークル The First Cry,一橋大学,文化系（音楽・演劇・アート）,,X/Instagram/Web,x,thefirstcry_hit,https://x.com/TheFirstCry_Hit,https://instagram.com/thefirstcry_hit,https://linktr.ee/thefirstcry,58,30,8,15,5,54,21738ff7-0271-405c-bd1b-4615392ae4b9,,,
926,4,2026-11 第4バッチ,ワグネル･ソサィエティー･オーケストラ,慶應義塾大学,文化系（音楽・演劇・アート）,,X/Instagram/Web,x,wagner_brassper,https://x.com/wagner_brassper,https://instagram.com/wagner_society_male,https://teket.jp/50/50136,75,30,25,15,5,165,168587ef-52f4-4085-97f6-ad75c205d935,,,
927,4,2026-11 第4バッチ,早稲田大学カバディ同好会,早稲田大学,運動系（スポーツ・アウトドア）,41,X/Instagram,x,wasedamonsters,https://x.com/wasedamonsters,https://instagram.com/wasedamonster_kabaddi,,75,20,25,20,10,169,26d4ff43-ca98-4188-908b-cabe8fdd6d35,,,
928,4,2026-11 第4バッチ,劇団EnTRoPy,慶應義塾大学,文化系（音楽・演劇・アート）,,X/Instagram/Web,x,gekidan_entropy,https://x.com/Gekidan_EnTRoPy,https://instagram.com/entropy.sfc,https://hiyosi.net/2015/12/07/sfcrakugo/,75,30,25,15,5,166,1b20adb6-58f3-4c93-950e-e9577a49ab70,,,
929,4,2026-11 第4バッチ,ワンダーフォーゲル部,北海道大学,運動系（スポーツ・アウトドア）,,X/Instagram/Web,x,kuwv_info,https://x.com/kuwv_info,https://instagram.com/h_u_w_v_,https://huwv.org/,63,30,8,20,5,51,db47dc76-2fd6-43a6-acca-7e29bbdad4da,,,
930,4,2026-11 第4バッチ,Sophia Refugee Support Group (SRSG),上智大学,趣味・その他,,X/Instagram/Web,x,sophia_srsg,https://x.com/sophia_srsg,https://instagram.com/sophia.srsg,https://diversity-sustainability.sophia.ac.jp/efforts/1385/,62,30,17,10,5,113,2d080910-b21c-415a-a74a-42d27d8d25f9,,,
931,4,2026-11 第4バッチ,男声合唱団,九州大学,文化系（音楽・演劇・アート）,2,X/Instagram/Web,x,ltkzijdyur,https://x.com/LTKZIjDYUr,https://instagram.com/kyudai_chor_akademie,https://twilog.togetter.com/Qkon_chorus,57,30,7,15,5,49,69324d1f-a2ea-4816-92ca-bdce5989decf,,,
932,4,2026-11 第4バッチ,茶道部（松尾流）,名古屋大学,文化系（音楽・演劇・アート）,1,X/Instagram/Web,instagram,chukyo_sadou,https://x.com/meidai_urasenke,https://instagram.com/chukyo_sadou,https://meidaisai.com/65th/volunteer-exhibition/,57,30,7,15,5,49,a72cae1c-83c0-4141-b75f-632a6d2b15bd,,,
933,4,2026-11 第4バッチ,早稲田大学チアリーダーズFALCONS,早稲田大学,運動系（スポーツ・アウトドア）,41,X/Instagram,x,waseda_falcons,https://x.com/waseda_falcons,https://instagram.com/waseda_falcons,,75,20,25,20,10,170,65c69737-c2aa-4faa-ad5f-5f40af427379,,,
934,4,2026-11 第4バッチ,ボランティアサークル フロンティア,大阪大学,ボランティア・NPO,,X/Instagram/Web,x,frontier_vol,https://x.com/frontier_vol,https://instagram.com/frontier_volunteer,https://frontierweb21.wixsite.com/website,58,30,8,15,5,55,2aa5d181-8816-4139-9426-baff3a467c4c,,,
935,4,2026-11 第4バッチ,書道部,国際基督教大学,文化系（音楽・演劇・アート）,40,X/Instagram/Web,x,aashiraki,https://x.com/aashiraki,https://instagram.com/icucalligraphyclub,https://www.icu.ac.jp/campuslife/club/,59,30,4,15,10,25,b38c651a-6895-45e7-a8f6-234c95aad816,,,
936,4,2026-11 第4バッチ,KPOP完コピダンスサークルNavi,慶應義塾大学,文化系（音楽・演劇・アート）,,X/Instagram/Web,x,keio_kpopnavi,https://x.com/keio_kpopnavi,https://instagram.com/keio.kpop_navi,https://www.jukushin.com/archives/45285,75,30,25,15,5,167,1d66d5b8-9421-49da-b2ec-c31c6a5bbb5c,,,
937,4,2026-11 第4バッチ,かんしょくプロジェクト,東京大学,文化系（音楽・演劇・アート）,,X/Instagram/Web,x,mahayap,https://x.com/mahayap,https://instagram.com/wakako,https://bunko.shueisha.co.jp/tegakari/,60,30,10,15,5,67,3b027dba-798e-4c4c-9090-bd3c518a62fc,,,
938,4,2026-11 第4バッチ,劇団ケッペキ,京都大学,文化系（音楽・演劇・アート）,,X/Instagram/Web,x,gkeppeki2025,https://x.com/gkeppeki2025,https://instagram.com/g_keppeki,https://gakusei-bunka.kyoto-np.jp/archives/581?date=2026-2-21&t=day,60,30,10,15,5,70,322ec679-1e48-492e-956f-549cda48db3c,,,
939,4,2026-11 第4バッチ,早稲田大学いちご大福研究会,早稲田大学,学術・研究（ゼミ・研究会・勉強会）,41,X/Instagram/Web,x,ichigowaseda,https://x.com/ichigowaseda,https://instagram.com/ichigowaseda,https://ichigowaseda.wixsite.com/circle,75,30,25,10,10,171,9bfa8722-e124-40e2-a129-4b399420ace8,,,
940,4,2026-11 第4バッチ,New Swing Jazz Orchestra（NSO）,上智大学,趣味・その他,,X/Instagram/Web,x,nso_sophia,https://x.com/NSO_Sophia,https://instagram.com/nso_sophia,https://buddy-tokyo.com/schedule/2865,62,30,17,10,5,114,3273ecbe-9d9d-4a6f-8171-10f6d66d1965,,,
941,4,2026-11 第4バッチ,少林寺拳法部,東北大学,運動系（スポーツ・アウトドア）,,X/Instagram/Web,x,tu_shorinji,https://x.com/TU_shorinji,https://instagram.com/tu_shorinji,https://www.gakuyukai.ihe.tohoku.ac.jp/interviews/archive010/,62,30,7,20,5,46,9d2253bf-db8c-467d-ab5f-955c29674fe6,,,
942,4,2026-11 第4バッチ,放送集団オケアノス,一橋大学,メディア・出版,,X/Instagram/Web,x,ocanos,https://x.com/ocanos,https://instagram.com/ocanos_shinkan,https://twstalker.com/ocanos,58,30,8,15,5,55,217934af-038d-4405-bf1c-51eb75be24fb,,,
943,4,2026-11 第4バッチ,モダンジャズソサエティー,慶應義塾大学,文化系（音楽・演劇・アート）,,X/Instagram/Web,x,modernjazz2018,https://x.com/modernjazz2018,https://instagram.com/keio_modern_jazz_society,https://keiomusicclub.wixsite.com/keiomusiccircle/blog/categories/%E6%B0%91%E6%97%8F%E6%A5%BD%E5%99%A8,75,30,25,15,5,168,265ba11e-8945-44f6-a58c-48ddcb201e35,,,
944,4,2026-11 第4バッチ,早稲田大学クレストテニスクラブ,早稲田大学,運動系（スポーツ・アウトドア）,40,X/Instagram,x,crest2025_49th,https://x.com/crest2025_49th,https://instagram.com/waseda_crest.49th,,75,20,25,20,10,172,03db7430-c0dd-4039-a496-ab78af129a9b,,,
945,4,2026-11 第4バッチ,硬式庭球部,東京科学大学,運動系（スポーツ・アウトドア）,,X/Instagram/Web,x,ttt_shinkan,https://x.com/ttt_shinkan,https://instagram.com/titechtennisclub,https://tokyotech.wixsite.com/tokyotechtennis,58,30,3,20,5,24,e7066ccd-8f64-478c-b9a9-c40a3d3c01a9,,,
946,4,2026-11 第4バッチ,ワグネル・ソサィエティー女声合唱団,慶應義塾大学,文化系（音楽・演劇・アート）,,X/Instagram/Web,x,moll_wagner,https://x.com/Moll_Wagner,https://instagram.com/moll_wagner,https://www.gakusei-walker.jp/s/10/club/detail/183/?srsltid=AfmBOopADdMaAt12cQ2AVbxTnoRW7prkRWMpXaIadV6EDq_bVCGGFklt,75,30,25,15,5,169,265ca0cf-f24c-473a-a2a8-637a616102c2,,,
947,4,2026-11 第4バッチ,Sophia Spice Lab,上智大学,趣味・その他,,X/Instagram/Web,x,yumawata33,https://x.com/yumawata33,https://instagram.com/sophia_spice_lab24,https://www.thefraser.com/pdfs/gekkan-fraser-2018-04.pdf,62,30,17,10,5,115,33efd14a-cdff-4733-9c27-c4c79ece2ead,,,
948,4,2026-11 第4バッチ,少林寺拳法部,北海道大学,運動系（スポーツ・アウトドア）,,X/Instagram/Web,x,shorin_hokudai,https://x.com/Shorin_Hokudai,https://instagram.com/hokudai_shorinji,https://dousou.hgu.jp/wp22hgud10/wp-content/uploads/2023/04/4f85285c32fc37752c6b46fded6c5d8c.pdf,63,30,8,20,5,52,e19f8f77-8d56-4488-8d0d-7aa588e384ee,,,
949,4,2026-11 第4バッチ,リコーダー同好会,京都大学,文化系（音楽・演劇・アート）,,X/Instagram/Web,x,kurecorder,https://x.com/kurecorder,https://instagram.com/kurecorder,https://campus-map.jp/kyoto/club/91/,60,30,10,15,5,71,34d8d045-9a08-4f23-b656-3a28a619fe75,,,
950,4,2026-11 第4バッチ,合気道会,早稲田大学,運動系（スポーツ・アウトドア）,40,X/Web/LINE,x,wasedaaikidokai,https://x.com/wasedaaikidokai,,https://aikidoshinkan.wixsite.com/waseda-aikidokai,75,20,25,20,10,173,0a0fa4c0-dcd3-48a8-a887-5add21da35c5,,,
951,4,2026-11 第4バッチ,ミレニアム・プロミス・ジャパン・ユースの会,東京大学,文化系（音楽・演劇・アート）,,X/Instagram/Web,x,mpj,https://x.com/mpj,https://instagram.com/mpj.youth,http://ut-base.info/circles/26,60,30,10,15,5,68,3bbf9529-3b4d-4ef9-96ad-f171c8ee22d7,,,
952,4,2026-11 第4バッチ,男声合唱団,大阪大学,文化系（音楽・演劇・アート）,,X/Instagram/Web,x,oumc_official,https://x.com/OUMC_Official,https://instagram.com/ou_mannerchors,https://osakamalechorus.wixsite.com/handaidansei,58,30,8,15,5,56,30773981-2ce4-4bed-b79d-78146b39749f,,,
953,4,2026-11 第4バッチ,よさこいサークル常磐,名古屋大学,文化系（音楽・演劇・アート）,,X/Instagram/Web,x,tokiwa_yosakoi,https://x.com/tokiwa_yosakoi,https://instagram.com/tokiwa_shinkan,https://tokiwasinkan.wixsite.com/tokiwasinkan,57,30,7,15,5,50,058f3c7b-3118-4278-a087-b96ae369b949,,,
954,4,2026-11 第4バッチ,お笑いサークルWARABEE,九州大学,文化系（音楽・演劇・アート）,,X/Instagram/Web,x,kyudaiwarabee,https://x.com/kyudaiWARABEE,https://instagram.com/kyudaiwarabee,https://kyudaiwarabee.jimdofree.com/,57,30,7,15,5,50,0f2d52f5-1b7b-4f16-96e3-bb986532e228,,,
955,4,2026-11 第4バッチ,ストーリー漫画研究会,慶應義塾大学,文化系（音楽・演劇・アート）,,X/Instagram/Web,x,keio_sutoken,https://x.com/Keio_sutoken,https://instagram.com/kouken_keio,https://stmitasai2010.wixsite.com/sutoken,75,30,25,15,5,170,29208829-9980-40c7-8479-f5c754aca5cf,,,
956,4,2026-11 第4バッチ,狩り部,早稲田大学,趣味・その他,40,X/Instagram/Web,x,wasedakaribu,https://x.com/wasedakaribu,https://instagram.com/wasedakaribu,https://wasedakaribu.wixsite.com/homepage,75,30,25,10,10,174,6309bf39-c15d-457a-bdb7-c4058ce74f44,,,
957,4,2026-11 第4バッチ,ゴキマルズF.C.,上智大学,趣味・その他,,X/Instagram/Web,x,gokimaruzu_fc,https://x.com/Gokimaruzu_FC,https://instagram.com/gokimaruz_fc,https://ww.twstalker.com/maOmuffin_,62,30,17,10,5,116,3bb94e25-17e2-490a-973d-f01cd9ae2470,,,
958,4,2026-11 第4バッチ,四谷軽音研究会,慶應義塾大学,文化系（音楽・演劇・アート）,,X/Instagram/Web,x,yotsuya_k_on,https://x.com/yotsuya_k_on,https://instagram.com/yotsuken.k.on,https://www.yotsuya.keio-zenkyo.net/affiliated-organizations/popular-music,75,30,25,15,5,171,2b0a9ef7-e227-4acb-8671-39323d028c53,,,
959,4,2026-11 第4バッチ,一橋ヤンキース,一橋大学,文化系（音楽・演劇・アート）,,X/Instagram/Web,x,ikkyohawks2024,https://x.com/ikkyohawks2024,https://instagram.com/hityankees2023,https://hityankees.jimdofree.com/,58,30,8,15,5,56,489f94ed-22d9-429a-82bb-07eeb8bf27d3,,,
960,4,2026-11 第4バッチ,水泳部,東北大学,運動系（スポーツ・アウトドア）,,X/Instagram/Web,x,tmsctmsctmsc,https://x.com/tmsctmsctmsc,https://instagram.com/swim_tohoku,https://linktr.ee/tohokuSwim,62,30,7,20,5,47,a23b0430-6f13-4a86-8a93-667f7d826b5f,,,
961,4,2026-11 第4バッチ,Trial and Error Association（T.E.A.）,早稲田大学,運動系（スポーツ・アウトドア）,40,X/Instagram/LINE,x,teashincan2026,https://x.com/teashincan2026,https://instagram.com/teashincan2026,,75,20,25,20,10,175,a18a8ba7-9c52-40a2-a6b4-d05eedcdc5d7,,,
962,4,2026-11 第4バッチ,アウトドアサークルDOWNHILL,京都大学,文化系（音楽・演劇・アート）,,X/Instagram/Web,x,downhill_ku,https://x.com/DOWNHILL_KU,https://instagram.com/to_the_dh,https://campus-map.jp/kyoto/club/105/,60,30,10,15,5,72,364e5266-45bd-4fa3-bbf5-ab5c865ccb44,,,
963,4,2026-11 第4バッチ,オフコース・ミュージック・カンパニー,慶應義塾大学,文化系（音楽・演劇・アート）,,X/Instagram/Web,x,keio_omc,https://x.com/keio_omc,https://instagram.com/keio_omc,https://keio-omc.jimdofree.com/,75,30,25,15,5,172,2b63540b-321c-4ba7-9de9-97352c995917,,,
964,4,2026-11 第4バッチ,体育会応援団,上智大学,運動系（スポーツ・アウトドア）,,X/Instagram,x,sophia_ouendan,https://x.com/sophia_ouendan,https://instagram.com/sophia_ouendan,,62,20,17,20,5,117,3c6dc698-b69a-4539-b4b7-618b967aa58c,,,
965,4,2026-11 第4バッチ,東大VRサークル UT-virtual,東京大学,文化系（音楽・演劇・アート）,,X/Instagram/Web,x,ut_virtual,https://x.com/UT_virtual,https://instagram.com/utvirtualofficial,https://campus-map.jp/ut/club/281/,60,30,10,15,5,69,46ec70cf-7bc6-42e7-b7c7-da9a77c3bccc,,,
966,4,2026-11 第4バッチ,ポーラーベアーズアイスホッケークラブ,早稲田大学,運動系（スポーツ・アウトドア）,40,X/Instagram,x,polar__bears,https://x.com/polar__bears,https://instagram.com/polar_____bears,,75,20,25,20,10,176,b299c02c-b5a0-47da-b708-7a2e7b97c47e,,,
967,4,2026-11 第4バッチ,テコンドー部,北海道大学,運動系（スポーツ・アウトドア）,,X/Instagram/Web,instagram,hokudai.itf.taekwondo,https://x.com/hubcnavi,https://instagram.com/hokudai.itf.taekwondo,https://hubcnavi.net/clarkswimming,63,30,8,20,5,53,e21c1c7c-8440-46fc-bf90-7abea81db456,,,
968,4,2026-11 第4バッチ,マンドリンクラブ,大阪大学,文化系（音楽・演劇・アート）,,X/Instagram/Web,x,handaimc,https://x.com/handaimc,https://instagram.com/handai__mandolin,https://handaisyokai.wixsite.com/my-site/post/%E5%A4%A7%E9%98%AA%E5%A4%A7%E5%AD%A6%E3%83%9E%E3%83%B3%E3%83%89%E3%83%AA%E3%83%B3%E3%82%AF%E3%83%A9%E3%83%96,58,30,8,15,5,57,30e15f0b-1a5f-4cda-ac3f-17e366232e9a,,,
969,4,2026-11 第4バッチ,合気会,慶應義塾大学,文化系（音楽・演劇・アート）,,X/Instagram/Web,x,aikido_keio,https://x.com/aikido_keio,https://instagram.com/keioaikidokai,https://www.keio-aikido.com/contact/,75,30,25,15,5,173,318154eb-f972-4239-847c-bb8cd319ea0f,,,
970,4,2026-11 第4バッチ,映画研究部,九州大学,文化系（音楽・演劇・アート）,,X/Instagram/Web,x,kyudaieiken,https://x.com/kyudaieiken,https://instagram.com/kyudai_eiken_official,https://www.kyusan-u.ac.jp/campus/life/circle/Movie_Research_Department/,57,30,7,15,5,51,1464e0f4-ed10-43aa-8358-d580b589c809,,,
971,4,2026-11 第4バッチ,宇宙開発チームNAFT,名古屋大学,文化系（音楽・演劇・アート）,,X/Instagram/Web,x,naft_linkspace,https://x.com/naft_linkspace,https://instagram.com/naft_linkspace,https://www.tokai-tv.com/tokainews/feature/article_20230504_27127,57,30,7,15,5,51,19c008c8-befb-4e8c-b475-5e1c706984d9,,,
972,4,2026-11 第4バッチ,山岳アルコウ会,早稲田大学,運動系（スポーツ・アウトドア）,40,X/Instagram,x,wak_twi,https://x.com/wak_twi,https://instagram.com/arukougram,,75,20,25,20,10,177,ee1d0eb6-57b9-498e-bd62-292373490731,,,
973,4,2026-11 第4バッチ,sophia board game circle (ソフィアボードゲームサークル),上智大学,趣味・その他,,X/Instagram/Web,website,https://www.rieb.kobe-u.ac.jp/research/publication/evaluation_report/file/report2023.pdf,https://x.com/sophiachess,https://instagram.com/sophiachess_scc,https://www.rieb.kobe-u.ac.jp/research/publication/evaluation_report/file/report2023.pdf,62,30,17,10,5,118,4e003f0f-ef73-42f2-93be-5d26978a6806,,,
974,4,2026-11 第4バッチ,CMS管弦楽団,国際基督教大学,文化系（音楽・演劇・アート）,40,X/Instagram/Web,x,icucms,https://x.com/icucms,https://instagram.com/icucms,https://www.icu.ac.jp/campuslife/club/,59,30,4,15,10,26,cba61fe5-2fd3-4ddd-a42f-c6b78c241f60,,,
975,4,2026-11 第4バッチ,スローフードクラブ,慶應義塾大学,文化系（音楽・演劇・アート）,,X/Instagram/Web,x,keioslowfood,https://x.com/keioslowfood,https://instagram.com/slowfood.lovers,https://circle.info-jukusei.com/%E5%AD%A6%E8%A1%93%E3%83%BB%E6%96%87%E5%8C%96%E7%B3%BB/%E3%82%B9%E3%83%AD%E3%83%BC%E3%83%95%E3%83%BC%E3%83%89%E3%82%AF%E3%83%A9%E3%83%96/,75,30,25,15,5,174,31b04315-4b03-4d09-906e-84d84ecb42dc,,,
976,4,2026-11 第4バッチ,一橋新聞部,一橋大学,メディア・出版,,X/Instagram/Web,x,hitpress,https://x.com/hitpress,https://instagram.com/hit_press1924,https://note.com/cogitomember/n/n88d427dd4328,58,30,8,15,5,57,4c843f7c-046e-40df-91f2-b9ab927db380,,,
977,4,2026-11 第4バッチ,オリエンテーリングクラブ,京都大学,文化系（音楽・演劇・アート）,,X/Instagram/Web,x,ku_olc,https://x.com/ku_olc,https://instagram.com/kyoto.u_olc,https://kuolc.pgw.jp/newcomer/,60,30,10,15,5,73,3a81c98d-5b75-4f76-87c2-81e7d30413a4,,,
978,4,2026-11 第4バッチ,Waseda Formula Project,早稲田大学,学術・研究（ゼミ・研究会・勉強会）,38,X/Instagram/Web,x,wasedafp,https://x.com/wasedafp,https://instagram.com/wasedaformulaproject,https://waseda-fp.tumblr.com/,75,30,25,10,10,178,125e40d9-6151-474c-ab53-0746ccc775f4,,,
979,4,2026-11 第4バッチ,東京大学裏千家茶道同好会,東京大学,文化系（音楽・演劇・アート）,,X/Instagram/Web,x,uracha_ut,https://x.com/uracha_ut,https://instagram.com/uracha_ut,https://campus-map.jp/ut/club/6/,60,30,10,15,5,70,4aee957e-0715-4fb5-b647-202d6d725007,,,
980,4,2026-11 第4バッチ,Sophia Shakespeare Scene(SS-Scene),上智大学,趣味・その他,,X/Instagram/Web,x,adlibitum_2024,https://x.com/adlibitum_2024,https://instagram.com/sophia_shakespeare1616,https://issuu.com/mobap/docs/cantos_2025_issue,62,30,17,10,5,119,4fb154ed-8c2f-4b5c-9e0b-fb4b85db0e5e,,,
981,4,2026-11 第4バッチ,手話サークルMiMi,慶應義塾大学,ボランティア・NPO,,X/Instagram/Web,x,mimi_keio,https://x.com/MiMi_Keio,https://instagram.com/mimi_keio_2026,https://mimix.yokochou.com/,75,30,25,15,5,175,3269a0aa-bab6-48b9-95b0-339a8d456a8a,,,
982,4,2026-11 第4バッチ,居合道同好会,東北大学,運動系（スポーツ・アウトドア）,,X/Instagram/Web,x,tohoku_iaido,https://x.com/tohoku_iaido,https://instagram.com/tohoku.univ.iai,https://tohokuiai.jimdofree.com/,62,30,7,20,5,48,a86aace0-4690-4b7a-9797-bcaeb079c44a,,,
983,4,2026-11 第4バッチ,早稲田山岳自転車倶楽部WFR（理工山岳自転車部）,早稲田大学,運動系（スポーツ・アウトドア）,36,X/Instagram,x,wfr_bot,https://x.com/wfr_bot,https://instagram.com/waseda_mtb,,75,20,25,20,10,179,b1be0106-5fb2-49c1-9886-9c4f965a0eb0,,,
984,4,2026-11 第4バッチ,フォーミュラレーシングクラブOFRAC,大阪大学,文化系（音楽・演劇・アート）,,X/Instagram/Web,x,ofrac_fsae,https://x.com/ofrac_FSAE,https://instagram.com/ofrac_fsae,https://ofrac.net/,58,30,8,15,5,58,3aececc3-74dc-406b-879c-425af2303ba3,,,
985,4,2026-11 第4バッチ,スポーツチャンバラサークル翠剣会,北海道大学,運動系（スポーツ・アウトドア）,,X/Instagram/Web,x,hokudaispochan2,https://x.com/hokudaispochan2,https://instagram.com/hokudaispochan2,https://www.gakuseichanbara.com/hokudaisuiken-2,63,30,8,20,5,54,f8c2d35c-3359-4e35-8d7f-e9470f566545,,,
986,4,2026-11 第4バッチ,柔道部,東京科学大学,運動系（スポーツ・アウトドア）,,X/Instagram/Web,x,titech_judo,https://x.com/titech_judo,https://instagram.com/titech.judo,https://admissions.titech.ac.jp/public-relations/campus/activity/culture/photo,58,30,3,20,5,25,ea0f0f87-49de-4c19-9167-1bbc4db75b4a,,,
987,4,2026-11 第4バッチ,星空観賞サークル,慶應義塾大学,文化系（音楽・演劇・アート）,,X/Instagram/Web,x,keio_tenken,https://x.com/keio_tenken,https://instagram.com/keio.tenken,https://orientation.keio-zenkyo.net/circle2025/53,75,30,25,15,5,176,3a068849-5c36-49ea-9812-1d455754a7d6,,,
988,4,2026-11 第4バッチ,早稲田ビートルマニア,早稲田大学,趣味・その他,35,X/Instagram/Web,x,w_beatlemania,https://x.com/W_Beatlemania,https://instagram.com/waseda.beatlemania,https://contactbeatlemania.wixsite.com/wasedabeatlemania,75,30,25,10,10,180,efd03e05-b8f4-444f-a138-bdc813bc2dba,,,
989,4,2026-11 第4バッチ,体育会ボクシング部,上智大学,運動系（スポーツ・アウトドア）,,X/Instagram,x,sophia_boxing_,https://x.com/sophia_boxing_,https://instagram.com/sophia.boxing.428,,62,20,17,20,5,120,57baaee2-02da-4701-a79f-cfa70b9af1ef,,,
990,4,2026-11 第4バッチ,漫画研究部,九州大学,文化系（音楽・演劇・アート）,,X/Instagram/Web,x,ks,https://x.com/ks,https://instagram.com/gakuyukai_93,https://www.kyusan-u.ac.jp/campus/life/circle/manga/,57,30,7,15,5,52,18c7882e-b7d3-4017-95f2-af3cb03a2ca6,,,
991,4,2026-11 第4バッチ,映画研究会,名古屋大学,文化系（音楽・演劇・アート）,,X/Instagram/Web,x,meidai_kuroneko,https://x.com/meidai_kuroneko,https://instagram.com/meidai_kuroneko,https://www.gakuso.provost.nagoya-u.ac.jp/,57,30,7,15,5,52,1f435b08-d59a-488c-ae03-ef49152a50cd,,,
992,4,2026-11 第4バッチ,音楽研究会,京都大学,文化系（音楽・演劇・アート）,,X/Instagram/Web,x,onken_kigaku,https://x.com/onken_kigaku,https://instagram.com/onken_kigaku,https://nupc.jp/interview2/,60,30,10,15,5,74,3e1e5ed0-fa96-43a5-8492-eb8909a63214,,,
993,4,2026-11 第4バッチ,芝大門茶道部,慶應義塾大学,文化系（音楽・演劇・アート）,,X/Instagram/Web,x,keioshiba_sadou,https://x.com/KEIOshiba_sadou,https://instagram.com/keioshiba_sadou,https://16shibakyouyakusai.jimdofree.com/%E4%BC%81%E7%94%BB%E7%B4%B9%E4%BB%8B/,75,30,25,15,5,177,3a31e524-56de-4652-b334-ef81114c0b78,,,
994,4,2026-11 第4バッチ,東京大学狂言研究会,東京大学,文化系（音楽・演劇・アート）,,X/Instagram/Web,x,todai_kyogen,https://x.com/todai_kyogen,https://instagram.com/todai_kyogen,https://campus-map.jp/ut/club/49/,60,30,10,15,5,71,4d106c1e-9e49-4aea-87f4-9f8a91cc5700,,,
995,4,2026-11 第4バッチ,合唱団ユマニテ,一橋大学,文化系（音楽・演劇・アート）,,X/Instagram/Web,x,chor_humanite,https://x.com/chor_humanite,https://instagram.com/humanite1958.,https://campus-map.jp/hit/club/67/,58,30,8,15,5,58,4e19a4d2-63b4-42b5-a7b2-24556b3c63b2,,,
996,4,2026-11 第4バッチ,オーストラリアンテニスクラブ,早稲田大学,運動系（スポーツ・アウトドア）,34,X/Instagram,x,australian_49,https://x.com/australian_49,https://instagram.com/australian.2023,,75,20,25,20,10,181,6976e19a-bc45-410d-b76e-390b2d220ad8,,,
997,4,2026-11 第4バッチ,きょうだい児支援サークル 連,上智大学,運動系（スポーツ・アウトドア）,,Instagram/Web,instagram,ren__sophia,,https://instagram.com/ren__sophia,https://www.twcu.ac.jp/main/assets_c/ja/r08ji8000000syxc-att/2024vera_no2.pdf,62,20,17,20,5,121,59c20247-2f89-4794-b8d6-4c38dfa7fb62,,,
998,4,2026-11 第4バッチ,卒業アルバム委員会,慶應義塾大学,メディア・出版,,X/Instagram/Web,x,yearbookkeio,https://x.com/yearbookkeio,https://instagram.com/keio_yearbook,https://www.keioyearbook.com/,75,30,25,15,5,178,3a7417b0-63c7-4d13-9dbd-88ebcb0ff53d,,,
999,4,2026-11 第4バッチ,所沢コンピュータ勉強会 418,早稲田大学,学術・研究（ゼミ・研究会・勉強会）,34,X/Instagram/Web,x,wsd_418,https://x.com/wsd_418,https://instagram.com/wsd_418,https://wsd418.com/,75,30,25,10,10,182,c06784fd-bd73-45f9-8139-049a91891f6b,,,
1000,4,2026-11 第4バッチ,医学部サッカー部,東北大学,運動系（スポーツ・アウトドア）,,X/Instagram/Web,instagram,tohoku.med.soccer,https://x.com/suikyu_toh,https://instagram.com/tohoku.med.soccer,https://www.tohoku.ac.jp/japanese/studentinfo/studentlife/02/studentlife0201/dantaiichiran.pdf,62,30,7,20,5,49,aa315354-a3bc-4560-8435-3b3fbb7a5f3d,,,
1001,4,2026-11 第4バッチ,漫画研究会,大阪大学,文化系（音楽・演劇・アート）,,X/Instagram/Web,instagram,handai_manken,https://x.com/handaisyoukai,https://instagram.com/handai_manken,https://handaimanken.hatenablog.com/entry/2023/04/12/105154,58,30,8,15,5,59,43d6030c-9c8f-499c-952f-809432c2cca8,,,
1002,4,2026-11 第4バッチ,スポーツ新聞会,慶應義塾大学,メディア・出版,,X/Instagram/Web,x,keiosports,https://x.com/keiosports,https://instagram.com/keiosports,https://circle.info-jukusei.com/%E5%AD%A6%E8%A1%93%E3%83%BB%E6%96%87%E5%8C%96%E7%B3%BB/%E6%85%B6%E6%87%89%E3%82%B9%E3%83%9D%E3%83%BC%E3%83%84%E6%96%B0%E8%81%9E%E4%BC%9A%EF%BC%88%E3%82%B1%E3%82%A4%E3%82%B9%E3%83%9D%E3%80%81%E6%85%B6%E3%82%B9%E3%83%9D%EF%BC%89/,75,30,25,15,5,179,3bbb0539-827b-426d-8f47-1f0d0709d3d2,,,
1003,4,2026-11 第4バッチ,応援吹奏団,北海道大学,運動系（スポーツ・アウトドア）,,X/Instagram/Web,instagram,hokudaiousui,https://x.com/hokudaiousui,https://instagram.com/hokudaiousui,https://hokudaitaiikukaipr.wixsite.com/shoukai/about-club/%E5%BF%9C%E6%8F%B4%E5%90%B9%E5%A5%8F%E5%9B%A3,63,30,8,20,5,55,fdfb4cb8-45fd-4a4a-9472-41781ad549f3,,,
1004,4,2026-11 第4バッチ,庭満喫サークル 洛楽,京都大学,文化系（音楽・演劇・アート）,,X/Instagram/Web,x,ku_rakuraku,https://x.com/ku_rakuraku,https://instagram.com/ku_rakuraku,https://www.lemon8-app.com/@tome__.life/7421709344762642950?region=jp,60,30,10,15,5,75,431746c7-221e-4555-8773-eff8849ae874,,,
1005,4,2026-11 第4バッチ,早稲田マリンヨットクラブ,早稲田大学,運動系（スポーツ・アウトドア）,32,X/Instagram,x,wasedamarine,https://x.com/wasedamarine,https://instagram.com/wasedamarine,,75,20,25,20,10,183,f86297f6-5e7c-4deb-9d9c-367c18351caa,,,
1006,4,2026-11 第4バッチ,OnceNoah,上智大学,趣味・その他,,X/Instagram/Web,x,oncenoah,https://x.com/OnceNoah,https://instagram.com/oncenoah_tennis,https://search.yahoo.co.jp/realtime/search?ei=UTF-8&p=%E4%B8%8A%E6%99%BA%E5%A4%A7%E5%AD%A6%20%E5%90%88%E6%A0%BC&mtype=image&rkf=1,62,30,17,10,5,122,5ba72210-ed89-45c5-8afc-15bfe67586cb,,,
1007,4,2026-11 第4バッチ,公益財団法人東京大学新聞社,東京大学,メディア・出版,,X/Instagram/Web,x,utnp,https://x.com/UTNP,https://instagram.com/todaishimbun,https://campus-map.jp/ut/club/409/,60,30,10,15,5,72,5094a229-f7a8-4c82-b21b-1fe450000b99,,,
1008,4,2026-11 第4バッチ,オリエンテーリング同好会,慶應義塾大学,文化系（音楽・演劇・アート）,,X/Instagram/Web,x,orien2022,https://x.com/orien2022,https://instagram.com/keio_orienteering,https://circle.info-jukusei.com/%E3%82%B9%E3%83%9D%E3%83%BC%E3%83%84%E7%B3%BB/%E3%82%AA%E3%83%AA%E3%82%A8%E3%83%B3%E3%83%86%E3%83%BC%E3%83%AA%E3%83%B3%E3%82%B0%E5%90%8C%E5%A5%BD%E4%BC%9A/,75,30,25,15,5,180,48fca4f6-be0e-46d1-9874-a724d5b6119d,,,
1009,4,2026-11 第4バッチ,混声合唱団コール・グランツェ,名古屋大学,文化系（音楽・演劇・アート）,,X/Instagram/Web,x,chorglanze,https://x.com/chorglanze,https://instagram.com/chorglanze,https://chor-glanze.jimdofree.com/,57,30,7,15,5,53,330d263c-e607-48e1-9c0b-395d5a61e786,,,
1010,4,2026-11 第4バッチ,裏千家茶道部,九州大学,文化系（音楽・演劇・アート）,,X/Instagram/Web,x,kuteac,https://x.com/KUTeaC,https://instagram.com/kyuujo_urasenke,http://kyudaicircle.club/c010_urasennkesadoubu/,57,30,7,15,5,53,3570b5d3-a25a-43ea-b179-51a628e2a9ea,,,
1011,4,2026-11 第4バッチ,フラサークル パパリナ,一橋大学,文化系（音楽・演劇・アート）,,X/Instagram/Web,x,hulapapalina,https://x.com/hulapapalina,https://instagram.com/papalina.,https://campus-map.jp/hit/club/107/,58,30,8,15,5,59,50f9369f-a029-4cbc-822c-b1ddf5085984,,,
1012,4,2026-11 第4バッチ,ギタークラブ,国際基督教大学,文化系（音楽・演劇・アート）,40,X/Instagram/Web,x,icuglee,https://x.com/icuglee,https://instagram.com/icugleeclub,https://www.icu.ac.jp/campuslife/club/,59,30,4,15,10,27,fbf47328-1905-4a64-b83e-f2d357861a57,,,
1013,4,2026-11 第4バッチ,早稲田大学居合道部,早稲田大学,運動系（スポーツ・アウトドア）,30,X/Instagram,x,wasedaiaido,https://x.com/wasedaiaido,https://instagram.com/wasedaiaido,,75,20,25,20,10,184,3ace35e9-e99f-40dd-92f7-cab41c335c99,,,
1014,4,2026-11 第4バッチ,弓友会,上智大学,趣味・その他,,X/Instagram/Web,instagram,kyudo.sophia17official,https://x.com/kyuyukai_sophia,https://instagram.com/kyudo.sophia17official,https://sophia-law4.hatenablog.com/entry/sophia_sports_club2,62,30,17,10,5,123,5f063e31-6408-4bdb-abd2-a41cdaafe165,,,
1015,4,2026-11 第4バッチ,ラテンアメリカ音楽研究会,慶應義塾大学,文化系（音楽・演劇・アート）,,X/Instagram/Web,x,keio_lateken,https://x.com/keio_lateken,https://instagram.com/ko_lateken,https://www.salkeio.com/%E3%82%BF%E3%82%A4%E3%83%A0%E3%83%86%E3%83%BC%E3%83%96%E3%83%AB,75,30,25,15,5,181,495bae67-fd77-400f-a0df-d3369f0bc283,,,
1016,4,2026-11 第4バッチ,律ゾリステン,早稲田大学,趣味・その他,30,X/Instagram/Web,x,ritz_solisten,https://x.com/ritz_solisten,https://instagram.com/ritzsolisten_waseda,https://ritz-solisten.jimdofree.com/,75,30,25,10,10,185,7e29dd3f-cdd8-45dd-b78a-00162d76a01b,,,
1017,4,2026-11 第4バッチ,華道部,京都大学,文化系（音楽・演劇・アート）,,X/Instagram/Web,x,ku_kadoubu,https://x.com/KU_kadoubu,https://instagram.com/ku_kadobu,https://style.kyotokacho-u.ac.jp/campus-life/activities/,60,30,10,15,5,76,4fa7cb29-2f24-41fa-b0ba-46c4ce5ca96c,,,
1018,4,2026-11 第4バッチ,大阪大学ローバース,大阪大学,文化系（音楽・演劇・アート）,,X/Instagram/Web,x,handai_rovers,https://x.com/handai_rovers,https://instagram.com/handai_rovers,https://camp-fire.jp/projects/476715/view,58,30,8,15,5,60,5f3be52b-f8aa-47d0-9a66-f5634df1ae70,,,
1019,4,2026-11 第4バッチ,落語研究会,慶應義塾大学,文化系（音楽・演劇・アート）,,X/Instagram/Web,x,keio_rakugo,https://x.com/keio_rakugo,https://instagram.com/keio_rakugo,https://info-jukusei.com/keio-circle-rakugo-2021/,75,30,25,15,5,182,4d6530d7-e22b-49eb-b60a-82062c36e32d,,,
1020,4,2026-11 第4バッチ,東京大学アルバム編集会,東京大学,メディア・出版,,X/Instagram/Web,website,https://www.ut-album.org/satsuei/circle/,https://x.com/SophiaUniv_JP,https://instagram.com/sophiauniversity,https://www.ut-album.org/satsuei/circle/,60,30,10,15,5,73,56636e56-573c-4f41-ab39-2742cb17fa18,,,
1021,4,2026-11 第4バッチ,山の会,早稲田大学,運動系（スポーツ・アウトドア）,30,X/Instagram,x,yamanokaiwas,https://x.com/yamanokaiwas,https://instagram.com/soudaiyamanokai,,75,20,25,20,10,186,afdd7acf-7d4e-486b-b659-29c1c7406154,,,
1022,4,2026-11 第4バッチ,上智鉄道研究会,上智大学,趣味・その他,,X/Instagram/Web,x,sophiatraffic,https://x.com/sophiatraffic,https://instagram.com/sophiatraffic,https://note.com/sophia_traffic/n/n792e44adf021,62,30,17,10,5,124,66684e16-48cc-4dbc-9455-80e2c0fee24b,,,
1023,4,2026-11 第4バッチ,リコーダーアンサンブル,北海道大学,文化系（音楽・演劇・アート）,16,X/Instagram/Web,x,hok_recorder,https://x.com/hok_recorder,https://instagram.com/hokudairecorder,https://search.yahoo.co.jp/realtime/search/%E5%8C%97%E6%B5%B7%E9%81%93%E5%A4%A7%E5%AD%A6%20%E5%8C%97%E5%A4%A7/?p=%E5%8C%97%E6%B5%B7%E9%81%93%E5%A4%A7%E5%AD%A6%20%E5%8C%97%E5%A4%A7&ei=UTF-8&mtype=video&rkf=1,58,30,8,15,5,56,8a28e4c5-578d-4443-9cdf-d5a3b989f792,,,
1024,4,2026-11 第4バッチ,山岳部,東北大学,運動系（スポーツ・アウトドア）,,X/Instagram/Web,instagram,tohokutaav,https://x.com/jishinkai,https://instagram.com/tohokutaav,https://www.taav.club/,62,30,7,20,5,50,b0fb0630-b09b-41bf-ae0f-c8ca75072de2,,,
1025,4,2026-11 第4バッチ,競技スキー部,東京科学大学,運動系（スポーツ・アウトドア）,,X/Instagram/Web,x,titechski1,https://x.com/titechski1,https://instagram.com/titechski,https://titech.info/circle/95,58,30,3,20,5,26,f431038c-708a-48fe-8877-e144c4d4ed31,,,
1026,4,2026-11 第4バッチ,クラシカルギタークラブ,慶應義塾大学,文化系（音楽・演劇・アート）,,X/Instagram/Web,x,kcgc_206,https://x.com/KCGC_206,https://instagram.com/keio_classicalguitar,https://keioclassicalguita.wixsite.com/kcgc/about,75,30,25,15,5,183,4dd84aab-630b-47a1-9034-093f3f2344eb,,,
1027,4,2026-11 第4バッチ,ガールズスタイルダンスサークル セファランセラ,一橋大学,文化系（音楽・演劇・アート）,,X/Instagram/Web,x,cepha_hit_u,https://x.com/cepha_hit_u,https://instagram.com/cepha_hit_u,https://campus-map.jp/hit/club/76/,58,30,8,15,5,60,562861f3-78c9-494d-9001-479ffb787aea,,,
1028,4,2026-11 第4バッチ,早稲田大学躰道会,早稲田大学,運動系（スポーツ・アウトドア）,30,X/Instagram,x,wtaido,https://x.com/wtaido,https://instagram.com/w_taido,,75,20,25,20,10,187,ccae7965-ec9f-4108-ad5c-0f93f26ac4f8,,,
1029,4,2026-11 第4バッチ,フォークソング同好会,名古屋大学,文化系（音楽・演劇・アート）,,X/Instagram/Web,x,meidai_folksong,https://x.com/meidai_folksong,https://instagram.com/meidai_folksong,http://meidaifolk.com/about/,57,30,7,15,5,54,3e3220b5-da2e-491a-95bb-028a99db883b,,,
1030,4,2026-11 第4バッチ,落語研究会,九州大学,文化系（音楽・演劇・アート）,,X/Instagram/Web,x,q_ochiken_313,https://x.com/Q_ochiken_313,https://instagram.com/kyudai_ochiken,http://kyudaicircle.club/c023_rakugokennkyukai/,57,30,7,15,5,54,41241983-0511-4a6a-bef9-ff6b54724aaf,,,
1031,4,2026-11 第4バッチ,Cagey Cagers (C2),上智大学,趣味・その他,,X/Instagram/Web,x,cageycagers2021,https://x.com/cageycagers2021,https://instagram.com/cageycagers2021,https://twstalker.com/AirtonHurdle,62,30,17,10,5,125,66a1744b-c786-4f41-9dcb-4565bfb07461,,,
1032,4,2026-11 第4バッチ,陶芸部 天山窯,京都大学,文化系（音楽・演劇・アート）,,X/Instagram/Web,instagram,polkaniko2013,https://x.com/tct_2024,https://instagram.com/polkaniko2013,https://kaiyo-sha.com/htaga/,60,30,10,15,5,77,55544a7a-5db2-4f94-b797-f8a6bf73cb01,,,
1033,4,2026-11 第4バッチ,日本舞踊研究会宝,慶應義塾大学,文化系（音楽・演劇・アート）,,X/Instagram/Web,x,keio_nihonbuyou,https://x.com/keio_nihonbuyou,https://instagram.com/keio_nichibu,https://info-jukusei.com/keio_nihonbuyou/,75,30,25,15,5,184,56d15594-ce5e-4bcb-a2a5-3330092f0633,,,
1034,4,2026-11 第4バッチ,Waseda Music Records,早稲田大学,趣味・その他,30,X/Instagram/Web,x,wasereco_info,https://x.com/WaseReco_info,https://instagram.com/wasedamusicrecords,https://wasedamusicrecords.com/,75,30,25,10,10,188,dbca96a8-a3f6-4c2f-9541-16a3c6b6b578,,,
1035,4,2026-11 第4バッチ,フェアウィンド,東京大学,文化系（音楽・演劇・アート）,,X/Instagram/Web,x,fairwind_ut,https://x.com/fairwind_ut,https://instagram.com/fairwind_utokyo,https://campus-map.jp/ut/club/252/,60,30,10,15,5,74,5e4261eb-5207-4476-8cd5-e1167f92a134,,,
1036,4,2026-11 第4バッチ,混声合唱団,大阪大学,文化系（音楽・演劇・アート）,,X/Instagram/Web,x,oumc_hankon,https://x.com/oumc_hankon,https://instagram.com/hankon_official,https://www.hankon.net/sns%E7%AD%89%E3%83%AA%E3%83%B3%E3%82%AF/,58,30,8,15,5,61,620fe485-cf5e-4639-b2e0-e40b390be2be,,,
1037,4,2026-11 第4バッチ,英字新聞学会三田キャムパス,慶應義塾大学,メディア・出版,,X/Instagram/Web,x,mitacampus,https://x.com/MitaCampus,https://instagram.com/mitacampus_official,http://mitacampus.com/,75,30,25,15,5,185,591f9970-0839-483d-a239-dfd3d0d670bf,,,
1038,4,2026-11 第4バッチ,早稲田大学理工漕艇部,早稲田大学,運動系（スポーツ・アウトドア）,30,X/Instagram,x,wserc,https://x.com/wserc,https://instagram.com/rikorowing,,75,20,25,20,10,189,e19a0249-5a9b-4560-93f0-2c39797fb944,,,
1039,4,2026-11 第4バッチ,SILC,上智大学,趣味・その他,,X/Instagram/Web,x,silc_sophia_fre,https://x.com/silc_sophia_fre,https://instagram.com/silcstagram,https://sophia-law4.hatenablog.com/entry/sophia_study_club,62,30,17,10,5,126,67393786-4ef5-4249-bcc8-fb56334edc78,,,
1040,4,2026-11 第4バッチ,ブルーグラス研究会,北海道大学,文化系（音楽・演劇・アート）,,X/Instagram/Web,x,hokudaiblueken,https://x.com/HokudaiBlueken,https://instagram.com/hokudai_blueken,https://hubcnavi.net/Hokudaiblueken,58,30,8,15,5,57,0448725b-b6fe-45c7-9d74-ed914f42abe5,,,
1041,4,2026-11 第4バッチ,ミュージカルサークルEM,慶應義塾大学,文化系（音楽・演劇・アート）,,X/Instagram/Web,x,em_satokochan,https://x.com/em_satokochan,https://instagram.com/em_sfc_,https://stage.corich.jp/stage/81332,75,30,25,15,5,186,5f665cec-f536-4d1f-bda3-6bfd2ea9dd73,,,
1042,4,2026-11 第4バッチ,準硬式野球部,東北大学,運動系（スポーツ・アウトドア）,,X/Instagram/Web,x,gonryo89,https://x.com/gonryo89,https://instagram.com/tohoku_junko,https://www.gakuyukai.ihe.tohoku.ac.jp/club/%E6%BA%96%E7%A1%AC%E5%BC%8F%E9%87%8E%E7%90%83%E9%83%A8/,62,30,7,20,5,51,b400efe6-cdb3-46af-ab8e-98f29c954464,,,
1043,4,2026-11 第4バッチ,児童文化研究会,早稲田大学,学術・研究（ゼミ・研究会・勉強会）,28,X/Instagram/Web,x,wasedajiken,https://x.com/wasedaJIKEN,https://instagram.com/waseda_jiken,https://jikenwaseda.jimdofree.com/,75,30,25,10,10,190,30642525-b2da-4e99-bdf8-c34c8664deb2,,,
1044,4,2026-11 第4バッチ,京大合唱団,京都大学,文化系（音楽・演劇・アート）,,X/Instagram/Web,x,kucsingers,https://x.com/KUCsingers,https://instagram.com/kucpanda,https://kuc.main.jp/link.html,60,30,10,15,5,78,5cc87d44-12d7-41f5-8b6a-ead373cee556,,,
1045,4,2026-11 第4バッチ,劇団WICK,一橋大学,文化系（音楽・演劇・アート）,,X/Instagram/Web,x,hit_wick,https://x.com/hit_wick,https://instagram.com/gekidan_wick,https://campus-map.jp/hit/club/5/,58,30,8,15,5,61,7c8103f2-78f0-4973-8ab9-658eb8f54208,,,
1046,4,2026-11 第4バッチ,体育会ウインドサーフィン部,上智大学,運動系（スポーツ・アウトドア）,,X/Instagram,x,sophiawind20,https://x.com/sophiawind20,https://instagram.com/sophiawindsurf1979,,62,20,17,20,5,127,6ced67d5-6896-4a3f-a70a-05114420cd4a,,,
1047,4,2026-11 第4バッチ,人力飛行機製作サークル Air Craft,名古屋大学,文化系（音楽・演劇・アート）,,X/Instagram/Web,instagram,nu.aircraft,https://x.com/nu_aircraft,https://instagram.com/nu.aircraft,https://student-union.2025.giving-campaign.jp/groups?id=3b5ae224-ab1c-494c-bd12-39c50ee14d2e,57,30,7,15,5,55,40488361-49b5-4b58-9f2b-acbbed08ded3,,,
1048,4,2026-11 第4バッチ,演劇部,九州大学,文化系（音楽・演劇・アート）,,X/Instagram/Web,x,kyu_en,https://x.com/kyu_en,https://instagram.com/kyushu_engeki,https://www.kwuc.ac.jp/campus/circle/theater/,57,30,7,15,5,55,51691d78-ab39-4240-af14-9ee981ddecd8,,,
1049,4,2026-11 第4バッチ,合氣道部,国際基督教大学,運動系（スポーツ・アウトドア）,,X/Instagram/Web,x,icud6,https://x.com/icud6,https://instagram.com/icu_undique,https://www.icu.ac.jp/campuslife/club/sports_activities.html,59,30,4,20,5,28,2e5fdca1-f3ad-4b86-b113-bc12a1a313a6,,,
1050,4,2026-11 第4バッチ,新聞研究会,慶應義塾大学,メディア・出版,,X/Instagram/Web,x,jukushin2025,https://x.com/jukushin2025,https://instagram.com/jukushin_today,https://circle.info-jukusei.com/%E5%AD%A6%E8%A1%93%E3%83%BB%E6%96%87%E5%8C%96%E7%B3%BB/%E6%85%B6%E6%87%89%E5%A1%BE%E7%94%9F%E6%96%B0%E8%81%9E%E4%BC%9A/,75,30,25,15,5,187,6cbf02bd-62d1-4ced-ac95-5abdfedc9518,,,
1051,4,2026-11 第4バッチ,アイセック東京大学委員会,東京大学,文化系（音楽・演劇・アート）,,X/Instagram/Web,website,http://ut-base.info/circles/17,https://x.com/AIESEC_TokyoU,https://instagram.com/aiesec_to,http://ut-base.info/circles/17,60,30,10,15,5,75,69944689-e328-44d5-acaa-6ff4055f84a4,,,
1052,4,2026-11 第4バッチ,ももキュン☆,早稲田大学,運動系（スポーツ・アウトドア）,28,X/Web,x,momokyun_waseda,https://x.com/momokyun_waseda,,https://lit.link/momokyunwaseda,75,20,25,20,10,191,615e1fde-bfa9-485f-973f-b3b099dad843,,,
1053,4,2026-11 第4バッチ,交響楽団,大阪大学,文化系（音楽・演劇・アート）,,X/Instagram/Web,x,ouso_handai,https://x.com/ouso_handai,https://instagram.com/ouso_handai,http://ocusym.blog129.fc2.com/blog-entry-456.html,58,30,8,15,5,62,6f170639-5b17-4488-b346-41c1ebaf4d9e,,,
1054,4,2026-11 第4バッチ,SFC音像工房,慶應義塾大学,文化系（音楽・演劇・アート）,,X/Instagram/Web,x,onzokobo,https://x.com/onzokobo,https://instagram.com/entropy.sfc,https://scrapbox.io/SFCHelp/SFC%E3%81%AE%E3%82%B5%E3%83%BC%E3%82%AF%E3%83%AB%E3%81%AB%E3%81%A4%E3%81%84%E3%81%A6%E7%9F%A5%E3%82%8A%E3%81%9F%E3%81%84.,75,30,25,15,5,188,7271e08e-e752-44ab-8eee-d6f729b3b045,,,
1055,4,2026-11 第4バッチ,水中クラブ,早稲田大学,運動系（スポーツ・アウトドア）,26,X/Instagram/LINE,x,suikurawaseda,https://x.com/suikurawaseda,https://instagram.com/suikurawaseda,,75,20,25,20,10,192,25bb2ab2-fe0c-4d51-94c6-ea92c25da6a3,,,
1056,4,2026-11 第4バッチ,Sophia Disney Fans (SDF),上智大学,趣味・その他,,X/Instagram/Web,x,sdf_415,https://x.com/sdf_415,https://instagram.com/sdf15apr,https://sophiadisneyfans.mystrikingly.com/,62,30,17,10,5,128,6d36f336-4e63-4b31-a975-5460ce2b047c,,,
1057,4,2026-11 第4バッチ,11月祭全学実行委員会,京都大学,イベント・企画（インカレ・学園祭等）,,X/Instagram,x,nfoffice,https://x.com/nfoffice,https://instagram.com/nfoffice,,60,20,10,25,5,79,5fe7a1f7-ad63-43b5-b7ed-e83176070ba2,,,
1058,4,2026-11 第4バッチ,カーリングサークル,北海道大学,文化系（音楽・演劇・アート）,,X/Instagram/Web,x,hokudai_curling,https://x.com/hokudai_curling,https://instagram.com/hokudaicurling,https://www.siu.ac.jp/news/detail.html?news=1596,58,30,8,15,5,58,186bc415-e1ea-4347-a170-03460ceee05e,,,
1059,4,2026-11 第4バッチ,総合音楽研究会,慶應義塾大学,文化系（音楽・演劇・アート）,,X/Instagram/Web,x,sok_2025,https://x.com/sok_2025,https://instagram.com/sok.orien,http://souonken.main.jp/,75,30,25,15,5,189,7404e4f8-eb0a-44a5-bffe-11bab5fe606a,,,
1060,4,2026-11 第4バッチ,早稲田大学済蔭団,早稲田大学,学術・研究（ゼミ・研究会・勉強会）,26,X/Instagram/Web,x,waseda_saiindan,https://x.com/waseda_saiindan,https://instagram.com/saiindan_zazen,https://mokuyouzazen.jimdofree.com/,75,30,25,10,10,193,6d45e137-804e-40a6-9b94-f4632e96673c,,,
1061,4,2026-11 第4バッチ,ディズニー同好会マウス,一橋大学,文化系（音楽・演劇・アート）,,X/Instagram/Web,x,nezuminoteikoku,https://x.com/nezuminoteikoku,https://instagram.com/nezuminoteikoku,https://campus-map.jp/hit/club/33/,58,30,8,15,5,62,7d61a484-2953-4336-aa88-7380a00b5e67,,,
1062,4,2026-11 第4バッチ,NPO法人MIS,東京大学,ボランティア・NPO,,X/Instagram/Web,x,haluhalo_5gatsu,https://x.com/haluhalo_5gatsu,https://instagram.com/mis_kouhou,https://campus-map.jp/ut/club/3/,60,30,10,15,5,76,76dbe42e-78cc-420e-9b45-f066b0ff23de,,,
1063,4,2026-11 第4バッチ,S.L.T.A.,上智大学,趣味・その他,,X/Instagram/Web,x,aisoph1a,https://x.com/aisoph1a,https://instagram.com/slta.2026,https://ww.twstalker.com/SLTA2026,62,30,17,10,5,129,6dab774f-96bb-4afa-8a11-e86ac9af1e92,,,
1064,4,2026-11 第4バッチ,アメリカンフットボール部,東北大学,運動系（スポーツ・アウトドア）,,X/Instagram/Web,website,https://tohoku.2024.giving-campaign.jp/groups?id=c2d36b30-3888-432a-9008-90e0551bee6d,https://x.com/tohokumed_rfc,https://instagram.com/popular,https://tohoku.2024.giving-campaign.jp/groups?id=c2d36b30-3888-432a-9008-90e0551bee6d,62,30,7,20,5,52,b6547d68-339a-4297-a304-be0863509fc8,,,
1065,4,2026-11 第4バッチ,漫画研究会,東京科学大学,文化系（音楽・演劇・アート）,57,X/Web,x,pman_titech,https://x.com/pman_titech,,https://tokyotechshinkan.wixsite.com/website/%E6%A6%82%E8%A6%81,53,20,3,15,15,27,71fbfcb4-94bc-4c73-9134-f79d53be9f24,,,
1066,4,2026-11 第4バッチ,混声合唱団楽友会,慶應義塾大学,文化系（音楽・演劇・アート）,,X/Instagram/Web,x,gky2022welcome,https://x.com/gky2022welcome,https://instagram.com/keio_gakuyukai_chorus,https://www.gakusei-walker.jp/s/10/club/detail/87/?srsltid=AfmBOortYk0ZRZWRbHQYduugY0U1na7Mh83kZPNqqHbPcGbIdlBr1Dgl,75,30,25,15,5,190,775f00a3-9392-44c3-9c05-a73aa75bf77e,,,
1067,4,2026-11 第4バッチ,魁響（さきがけひびき）,早稲田大学,趣味・その他,26,X/Instagram/Web,x,sakigake_hibiki,https://x.com/sakigake_hibiki,https://instagram.com/waseda.sakigakehibiki,https://sakigake-hibiki.tokyo/,75,30,25,10,10,194,c21e6abb-f752-489b-8f42-e201be7947a2,,,
1068,4,2026-11 第4バッチ,裏千家茶道部,名古屋大学,文化系（音楽・演劇・アート）,,X/Instagram/Web,instagram,meidai_urasenke,https://x.com/meidai_urasenke,https://instagram.com/meidai_urasenke,https://www.usjapancouncil.org/wp-content/uploads/2019/09/AC_2015_-_Print_Program_FINAL.pdf,57,30,7,15,5,56,42359181-7948-40b1-a728-c9e21bcafaed,,,
1069,4,2026-11 第4バッチ,糸島空き家プロジェクト,九州大学,文化系（音楽・演劇・アート）,,X/Instagram/Web,website,https://sdgs.kyushu-u.ac.jp/student/10441,https://x.com/itoya_project,https://instagram.com/itoya2011,https://sdgs.kyushu-u.ac.jp/student/10441,57,30,7,15,5,56,557e4670-af21-4e22-943e-0a95c7564b56,,,
1070,4,2026-11 第4バッチ,写真部,大阪大学,文化系（音楽・演劇・アート）,,X/Instagram/Web,x,handaiphoto,https://x.com/handaiphoto,https://instagram.com/omu_photo_s,https://wannalab.net/2020/11/11/online-photo2/,58,30,8,15,5,63,75e4daa2-6a33-4949-b82b-477d4eb57acd,,,
1071,4,2026-11 第4バッチ,ソングリーディングチームMerfilles,慶應義塾大学,文化系（音楽・演劇・アート）,,X/Instagram/Web,x,merfilles,https://x.com/Merfilles,https://instagram.com/merfilles,http://b2017.misscolle.com/keiosfc3-osanai/2017/07/25/37/,75,30,25,15,5,191,79290b5a-3979-44ac-b11d-5172bc589212,,,
1072,4,2026-11 第4バッチ,グリークラブ,京都大学,文化系（音楽・演劇・アート）,,X/Instagram/Web,x,glee_ku,https://x.com/Glee_KU,https://instagram.com/ksu.gleeclub,https://ngntipkolamrenang.twstalker.com/kyoglee2024,60,30,10,15,5,80,83f5e937-7b03-4b67-ab8c-0dcf31126d38,,,
1073,4,2026-11 第4バッチ,シュプリンゲンスキークラブ,早稲田大学,運動系（スポーツ・アウトドア）,25,X/Web,x,springen_waseda,https://x.com/springen_waseda,,https://springenski.wixsite.com/homepage,75,20,25,20,10,195,18e12579-48ea-43c5-ac33-d48407ab882a,,,
1074,4,2026-11 第4バッチ,Dear:m,上智大学,趣味・その他,,X/Instagram/Web,x,dear_m_sophia,https://x.com/Dear_m_sophia,https://instagram.com/dear_m_sophia,https://search.yahoo.co.jp/realtime/search/tweet/1981661952175956120?detail=1&ifr=tl_twdtl&rkf=1,62,30,17,10,5,130,6e773e2d-25c9-4545-aa49-e7947807f263,,,
1075,4,2026-11 第4バッチ,ウインドアンサンブル,慶應義塾大学,文化系（音楽・演劇・アート）,,X/Instagram/Web,x,k_w_e_,https://x.com/k_w_e_,https://instagram.com/keio_windensemble,https://keiowind.com/,75,30,25,15,5,192,84fca547-d706-46c5-83f7-faacb6a68810,,,
1076,4,2026-11 第4バッチ,アイセック東京大学委員会,東京大学,文化系（音楽・演劇・アート）,,X/Instagram/Web,website,https://campus-map.jp/ut/club/178/,https://x.com/AIESEC_TokyoU,https://instagram.com/aiesec_to,https://campus-map.jp/ut/club/178/,60,30,10,15,5,77,7c08a67a-9450-4a63-93e5-9ca78d6144da,,,
1077,4,2026-11 第4バッチ,早稲田大学阿波おどりサークル　早稲田連【Team A．W．A】,早稲田大学,運動系（スポーツ・アウトドア）,25,X/Web,x,wasedateamawa,https://x.com/wasedateamawa,,https://wasedaren.wixsite.com/wasedaren/blank-2,75,20,25,20,10,196,71749a39-4717-444f-a594-b51a9f6ef3c1,,,
1078,4,2026-11 第4バッチ,映画研究会,北海道大学,文化系（音楽・演劇・アート）,,X/Instagram/Web,x,hucinema,https://x.com/hucinema,https://instagram.com/hu_cinemaclub,https://hucinema.com/,58,30,8,15,5,59,1ee37bc7-e074-4466-89e3-ffd1be69891e,,,
1079,4,2026-11 第4バッチ,盆踊りサークル昇舞,一橋大学,文化系（音楽・演劇・アート）,,X/Instagram/Web,x,hit_u_bonodori,https://x.com/hit_u_bonodori,https://instagram.com/hit_u_bonodori,https://campus-map.jp/hit/club/149/,58,30,8,15,5,63,9282658f-b2ff-404e-ae57-bf7c02cca2da,,,
1080,4,2026-11 第4バッチ,哲学交流サークル,上智大学,学術・研究（ゼミ・研究会・勉強会）,,X/Instagram/Web,instagram,tetsugaku_happiness,https://x.com/SophiaUniv_JP,https://instagram.com/tetsugaku_happiness,https://piloti.sophia.ac.jp/assets/uploads/2025/03/96f4fb5ad7c7edd97c727bcc0e832938.pdf,62,30,17,10,5,131,6f7b91f0-d525-43fd-ae02-9b9998009616,,,
1081,4,2026-11 第4バッチ,スカッシュラケットクラブ,慶應義塾大学,文化系（音楽・演劇・アート）,,X/Instagram/Web,x,keio_squash,https://x.com/keio_squash,https://instagram.com/keio_squash2020shinkan,https://circle.info-jukusei.com/%E3%82%B9%E3%83%9D%E3%83%BC%E3%83%84%E7%B3%BB/%E6%85%B6%E6%87%89%E3%82%B9%E3%82%AB%E3%83%83%E3%82%B7%E3%83%A5%E3%83%A9%E3%82%B1%E3%83%83%E3%83%88%E3%82%AF%E3%83%A9%E3%83%96/,75,30,25,15,5,193,87288f5b-ecd9-4aae-8ca3-e31b13c807ac,,,
1082,4,2026-11 第4バッチ,早稲田大学軟式庭球同好会,早稲田大学,運動系（スポーツ・アウトドア）,24,X/Instagram,x,w_softtennis,https://x.com/w_softtennis,https://instagram.com/waseda.nannteidou,,75,20,25,20,10,197,308a55be-af05-470e-81b5-f4801cbc3cb5,,,
1083,4,2026-11 第4バッチ,漕艇部,東北大学,運動系（スポーツ・アウトドア）,,X/Instagram/Web,x,tohoku_rowing,https://x.com/tohoku_rowing,https://instagram.com/tohoku_rowing,https://tohoku.2024.giving-campaign.jp/groups?id=7012959a-54fb-4fb4-a244-02d0b7f3e268,62,30,7,20,5,53,bde0cf0d-2956-450c-b676-c82176e3ce7d,,,
1084,4,2026-11 第4バッチ,京大カーリングサークル Brush UP!!,京都大学,文化系（音楽・演劇・アート）,,X/Instagram/Web,x,ku_curling2025,https://x.com/ku_curling2025,https://instagram.com/kubrushup,http://teclabo.xsrv.jp/biraroad2020/?attachment_id=801,60,30,10,15,5,81,8cdd75d5-66d1-4ec0-ae20-be4f47319590,,,
1085,4,2026-11 第4バッチ,軽音楽部 Edel Jazz Orchester,名古屋大学,文化系（音楽・演劇・アート）,,X/Instagram/Web,instagram,edel_rote_j_o_,https://x.com/nubunsa,https://instagram.com/edel_rote_j_o_,https://www.sotwe.com/Edel_Rote_Jazz_,57,30,7,15,5,57,49225430-ca1e-4f3b-8c81-61cede419b50,,,
1086,4,2026-11 第4バッチ,美術部,九州大学,文化系（音楽・演劇・アート）,,X/Instagram/Web,x,qartclub,https://x.com/Qartclub,https://instagram.com/q_artclub2025,https://kyudaicirclehp.wixsite.com/info/ito-cultural/%E4%B9%9D%E5%B7%9E%E5%A4%A7%E5%AD%A6%E7%BE%8E%E8%A1%93%E9%83%A8,57,30,7,15,5,57,589c898c-18cd-40fc-bbfc-57c9bbbdb239,,,
1087,4,2026-11 第4バッチ,ラグビー部,国際基督教大学,運動系（スポーツ・アウトドア）,,X/Instagram/Web,x,icurfcjpn,https://x.com/ICURFCJPN,https://instagram.com/icurfc,https://icurugbyfootballcl.wixsite.com/icurfc/members,59,30,4,20,5,29,3378ce87-e8b6-4704-876b-2f079239ea15,,,
1088,4,2026-11 第4バッチ,ミュージカルサークル みーあキャット,大阪大学,文化系（音楽・演劇・アート）,,X/Instagram/Web,x,handaimusical,https://x.com/handaimusical,https://instagram.com/miiiacat_handaimusical,https://ideanews.jp/archives/127539,58,30,8,15,5,64,771fc79a-de2e-43de-bccd-8f503013d09c,,,
1089,4,2026-11 第4バッチ,マンドリンクラブ,慶應義塾大学,文化系（音楽・演劇・アート）,,X/Instagram/Web,x,kmc_orientation,https://x.com/kmc_orientation,https://instagram.com/keio_mandolin,https://www.keiomandolin.net/,75,30,25,15,5,194,88ca16c0-d7df-4ae1-9580-3aa1ac40b7ff,,,
1090,4,2026-11 第4バッチ,国際問題研究会,早稲田大学,国際交流・語学,21,X/Web,x,kokumonwaseda,https://x.com/kokumonwaseda,,https://kokumonkenwaseda.jimdofree.com/,75,20,25,20,10,198,67443de4-e316-45c8-8fc4-91cf6074b617,,,
1091,4,2026-11 第4バッチ,中南米研究会,上智大学,学術・研究（ゼミ・研究会・勉強会）,,X/Instagram/Web,x,sophia_cnk,https://x.com/sophia_cnk,https://instagram.com/sophia_cnk_samba,https://piloti.sophia.ac.jp/assets/uploads/2024/03/139df3bb0814cc807d028026a1787637.pdf,62,30,17,10,5,132,739d7496-7572-4e25-adcc-ed597a89500d,,,
1092,4,2026-11 第4バッチ,東京大学GX学生ネットワーク,東京大学,文化系（音楽・演劇・アート）,,X/Instagram/Web,instagram,utokyo_gxsn,https://x.com/utokyo_gxsn,https://instagram.com/utokyo_gxsn,https://linktr.ee/utokyo_gxsn,60,30,10,15,5,78,853a46f5-03a5-48a4-84bf-c536f4c952d4,,,
1093,4,2026-11 第4バッチ,重音楽部,慶應義塾大学,文化系（音楽・演劇・アート）,,X/Instagram/Web,x,zyuonclub,https://x.com/zyuonclub,https://instagram.com/zyuonclub,https://orientation.keio-zenkyo.net/circle2025/210,75,30,25,15,5,195,8ff37418-1f1e-4164-a835-f6b515d2049a,,,
1094,4,2026-11 第4バッチ,ボウリングクラブ,早稲田大学,運動系（スポーツ・アウトドア）,20,X/Instagram,x,waseda_bowlclub,https://x.com/waseda_bowlclub,https://instagram.com/waseda_bowlclub,,75,20,25,20,10,199,72978fb9-eedc-4ebe-97df-52063792c026,,,
1095,4,2026-11 第4バッチ,軽音楽研究会,北海道大学,文化系（音楽・演劇・アート）,,X/Instagram/Web,x,msc_twit,https://x.com/MSC_twit,https://instagram.com/hokudai_kon,https://hokudaik-on.jimdofree.com/%E5%85%A5%E9%83%A8%E5%B8%8C%E6%9C%9B%E3%81%AE%E6%96%B9%E3%81%B8/,58,30,8,15,5,60,1f61be43-3b1b-4ca3-b8e8-5b911305d3d1,,,
1096,4,2026-11 第4バッチ,淡成書道会,一橋大学,文化系（音楽・演劇・アート）,,X/Instagram/Web,x,tansei_shodo,https://x.com/tansei_shodo,https://instagram.com/tansei_shodo,https://campus-map.jp/hit/club/33/,58,30,8,15,5,64,95f21b3c-3263-46c4-b171-af62aa3c7edb,,,
1097,4,2026-11 第4バッチ,Table For Two Sophia (TFT Sophia),上智大学,趣味・その他,,X/Instagram/Web,x,tft_sophia,https://x.com/tft_sophia,https://instagram.com/tftsophia,https://tftsophia.wixsite.com/tftsophia,62,30,17,10,5,133,743df5af-e3d6-4ba8-9276-9a35de81248a,,,
1098,4,2026-11 第4バッチ,アンサンブルリード,京都大学,文化系（音楽・演劇・アート）,,X/Instagram/Web,x,ensemble_reed,https://x.com/ensemble_reed,https://instagram.com/popular,https://logosland.jp/news/detail/302,60,30,10,15,5,82,93f3d831-438b-4620-9ef1-b3f61934cbbc,,,
1099,4,2026-11 第4バッチ,三田祭実行委員会,慶應義塾大学,イベント・企画（インカレ・学園祭等）,,X/Instagram,x,mtjt_orien,https://x.com/mtjt_orien,https://instagram.com/mitasai_orien,,75,20,25,25,5,196,97b8e1aa-bf4a-422b-9053-d2985277c6aa,,,
1100,4,2026-11 第4バッチ,スポーツ合気道クラブ,早稲田大学,運動系（スポーツ・アウトドア）,20,X/Instagram,x,supoai,https://x.com/supoai,https://instagram.com/supoai.wu,,75,20,25,20,10,200,f0d7f759-c40b-4343-984d-86d29bb98825,,,
1101,4,2026-11 第4バッチ,ラオス学校建設教育支援プロジェクト〜スーン〜,早稲田大学,ボランティア・NPO,15,X/Instagram/Web,x,laos_sun,https://x.com/laos_sun,https://instagram.com/laos.sung,https://laosun.jimdofree.com,75,30,25,15,5,201,165af78a-2882-42c6-8ed3-87fdeed1c592,,,
1102,4,2026-11 第4バッチ,アンサンブルファミーユ,慶應義塾大学,文化系（音楽・演劇・アート）,,X/Instagram/Web,x,keio_famille,https://x.com/Keio_famille,https://instagram.com/keio_famille_2026,https://www3.bunren.keio-zenkyo.net/organizations/ensemble,75,30,25,15,5,197,9a218d3e-b32d-4569-a73f-6efdea0c753d,,,
1103,4,2026-11 第4バッチ,Sophia Debating Society,上智大学,趣味・その他,,X/Instagram/Web,x,sophiadebate,https://x.com/SophiaDebate,https://instagram.com/sds_debating,https://sophiadebate.com/sns/,62,30,17,10,5,134,76a7ed9b-be3f-43b9-b0f8-2fcdc0abf9fb,,,
1104,4,2026-11 第4バッチ,スカッシュ部,東北大学,運動系（スポーツ・アウトドア）,,X/Instagram/Web,x,tohokusqc2024,https://x.com/tohokusqc2024,https://instagram.com/tohoku_squash,https://ameblo.jp/colorweblog/entry-12688722901.html,62,30,7,20,5,54,be43267b-2441-44e3-b48c-9505613b2716,,,
1105,4,2026-11 第4バッチ,東京大学白ばら会合唱団,東京大学,文化系（音楽・演劇・アート）,,X/Instagram/Web,x,shirobarakai_23,https://x.com/shirobarakai_23,https://instagram.com/shirobarakai_choir,https://campus-map.jp/ut/club/70/,60,30,10,15,5,79,8a9b03d9-a646-48d3-8fcd-4571a1919ea5,,,
1106,4,2026-11 第4バッチ,アカペラサークル inspiritual voices,大阪大学,文化系（音楽・演劇・アート）,,X/Instagram/Web,x,inspi_osakauniv,https://x.com/inspi_osakauniv,https://instagram.com/inspiritual_voices_osaka_univ,https://inspi-official.mystrikingly.com/shinkan,58,30,8,15,5,65,78b70159-4949-4546-b4ed-0c99683d6eeb,,,
1107,4,2026-11 第4バッチ,混声合唱団,名古屋大学,文化系（音楽・演劇・アート）,,X/Instagram/Web,instagram,insta_meikon,https://x.com/ikon_chorus,https://instagram.com/insta_meikon,https://chor-glanze.jimdofree.com/,57,30,7,15,5,58,52da1b2a-420b-4768-9231-992f0d04777f,,,
1108,4,2026-11 第4バッチ,アコースティックギターサークル,九州大学,文化系（音楽・演劇・アート）,,X/Instagram/Web,x,ku_unplugged,https://x.com/KU_unplugged,https://instagram.com/ksu_acoustic_guitar,http://kyudaicircle.club/c026_unplugged/,57,30,7,15,5,58,5e284d24-8660-446f-983d-8c9ad413af8e,,,
1109,4,2026-11 第4バッチ,フィットネスサークルL-FiT,東京科学大学,文化系（音楽・演劇・アート）,,X/Instagram/Web,x,l_fit_tokyotech,https://x.com/L_FiT_TokyoTech,https://instagram.com/l_fit_tokyotech,https://titechlfit.wixsite.com/l-fit,53,30,3,15,5,28,01dd95d0-4a85-4830-b07f-564b2096935a,,,
1110,4,2026-11 第4バッチ,かくれんぼ同窓会,早稲田大学,イベント・企画（インカレ・学園祭等）,,X/Web,x,wasedakakurembo,https://x.com/wasedakakurembo,,http://blog.livedoor.jp/kakurembow/,75,20,25,25,5,202,5031897a-daf5-447a-a9db-1c1d3b619626,,,
1111,4,2026-11 第4バッチ,裏千家茶道慶茶会,慶應義塾大学,文化系（音楽・演劇・アート）,,X/Instagram/Web,x,ocha2_1,https://x.com/ocha2_1,https://instagram.com/keicha_kai,https://twstalker.com/ocha2_1,75,30,25,15,5,198,9a4c6e81-a5b5-446f-82e7-1512b47fba00,,,
1112,4,2026-11 第4バッチ,京都大学コントラクトブリッジクラブ,京都大学,文化系（音楽・演劇・アート）,,X/Instagram/Web,x,ku_bridge,https://x.com/KU_bridge,https://instagram.com/kubc_2025,https://kubc.github.io/,60,30,10,15,5,83,988ff671-327a-40f2-ab5f-6d3759153ca8,,,
1113,4,2026-11 第4バッチ,Lingua Franca,上智大学,趣味・その他,,X/Instagram/Web,x,sophiaflamenco,https://x.com/sophiaflamenco,https://instagram.com/sophia_leclubdufrancais,http://rpkansai.com/wp-content/uploads/2021/08/Bulletin-35.pdf,62,30,17,10,5,135,79a0af6c-edf5-4fe8-9642-ce7b91bed479,,,
1114,4,2026-11 第4バッチ,ピアノ室内楽サークルScherzando,一橋大学,文化系（音楽・演劇・アート）,,X/Instagram/Web,x,scherzandohit,https://x.com/scherzandohit,https://instagram.com/scherzando.hit_u,https://campus-map.jp/hit/club/90/,58,30,8,15,5,65,994083d0-87a7-4201-9c41-bcdc289c45ee,,,
1115,4,2026-11 第4バッチ,邦楽研究会,北海道大学,文化系（音楽・演劇・アート）,,X/Instagram/Web,x,hougakuhu,https://x.com/HougakuHu,https://instagram.com/hougakuhu,https://www.hokudaishinbun.com/2021/04/06/5233/,58,30,8,15,5,61,25ace8d9-d8c2-4b16-a369-ca63f307d7af,,,
1116,4,2026-11 第4バッチ,GLOW,早稲田大学,メディア・出版,164,X,x,waseda_glow_pr,https://x.com/WASEDA_GLOW_PR,,,70,10,25,15,20,203,fcd37b5c-d207-40e9-939d-32d1f102995d,,,
1117,4,2026-11 第4バッチ,放送研究会,慶應義塾大学,メディア・出版,,X/Instagram/Web,x,kbs_web,https://x.com/kbs_web,https://instagram.com/kbs_keio,https://kbs.main.jp/,75,30,25,15,5,199,9e21594d-406a-4fc5-aa72-0151fd40fa51,,,
1118,4,2026-11 第4バッチ,東京大学ジャズ研究会,東京大学,文化系（音楽・演劇・アート）,,X/Instagram/Web,x,utokyojazz,https://x.com/utokyojazz,https://instagram.com/utokyojazz,https://utokyojazz.wixsite.com/utokyojazz/about,60,30,10,15,5,80,9d213413-3329-4fc3-9d43-2e1c761801a0,,,
1119,4,2026-11 第4バッチ,ﾃｰﾌﾞﾙﾄｰｸRPGｻｰｸﾙ　乾坤堂,早稲田大学,文化系（音楽・演劇・アート）,160,X,x,kenkon_trpg,https://x.com/kenkon_trpg,,,70,10,25,15,20,204,921d88f5-d32e-4f4f-b5b6-2e57f9a7eeac,,,
1120,4,2026-11 第4バッチ,議論ノ夜,上智大学,趣味・その他,,X/Instagram/Web,x,around20_,https://x.com/around20_,https://instagram.com/sophiadebateclub,https://findsophia.jp/find-sophia/6282/,62,30,17,10,5,136,7ea77804-57a8-4d56-945b-c8c571a150b4,,,
1121,4,2026-11 第4バッチ,ピアノクラブ,慶應義塾大学,文化系（音楽・演劇・アート）,,X/Instagram/Web,x,kpc2024_,https://x.com/kpc2024_,https://instagram.com/kpc_2021,https://circle.info-jukusei.com/%E5%AD%A6%E8%A1%93%E3%83%BB%E6%96%87%E5%8C%96%E7%B3%BB/%E3%83%94%E3%82%A2%E3%83%8E%E3%82%AF%E3%83%A9%E3%83%96/,75,30,25,15,5,200,9fda1d62-de99-4f18-8796-78269d2d4598,,,
1122,4,2026-11 第4バッチ,軽音楽部,大阪大学,文化系（音楽・演劇・アート）,,X/Instagram/Web,x,beatcrazy10,https://x.com/beatcrazy10,https://instagram.com/folk_ou,https://handaisyokai.wixsite.com/my-site/post/%E5%A4%A7%E9%98%AA%E5%A4%A7%E5%AD%A6%E8%BB%BD%E9%9F%B3%E6%A5%BD%E9%83%A8rock,58,30,8,15,5,66,7916b16a-d8bb-4cc3-bdec-310a1042c9bc,,,
1123,4,2026-11 第4バッチ,アメリカンフットボール部（Apostles）,国際基督教大学,運動系（スポーツ・アウトドア）,,X/Instagram/Web,x,icu_apostles,https://x.com/icu_apostles,https://instagram.com/icu_apostles,https://icuapostlesblog.tumblr.com/page/3,59,30,4,20,5,30,5a30e987-3cbf-4775-8167-c34553f5f016,,,
1124,4,2026-11 第4バッチ,フォルクローレ同好会,名古屋大学,文化系（音楽・演劇・アート）,,X/Instagram/Web,x,meidaifolk,https://x.com/meidaifolk,https://instagram.com/meidaifolk,http://www2.jimu.nagoya-u.ac.jp/folklore/despues-hp-2023-11-01/index.html,57,30,7,15,5,59,5e8b5d55-1e2d-4435-97cb-5fc25957b82e,,,
1125,4,2026-11 第4バッチ,書道部,九州大学,文化系（音楽・演劇・アート）,,X/Instagram/Web,x,kyudaishodo,https://x.com/kyudaishodo,https://instagram.com/kyudaishodo,http://kyudaicircle.club/c004_syodoubu/,57,30,7,15,5,59,5f37757d-d64c-4ca6-8e01-5876cfe7c514,,,
1126,4,2026-11 第4バッチ,KUBS 京都大学放送局,京都大学,メディア・出版,,X/Instagram/Web,instagram,kubs_kyodai,https://x.com/kubs_kyodai,https://instagram.com/kubs_kyodai,https://kubs.org/,60,30,10,15,5,84,99a222b5-0a80-4692-90ec-eb643353b66c,,,
1127,4,2026-11 第4バッチ,女子バレーボール部,東北大学,運動系（スポーツ・アウトドア）,,X/Instagram/Web,x,tohokuvolley,https://x.com/tohokuvolley,https://instagram.com/kitsune_volleyball,https://tohokuvolley2014.wixsite.com/tohoku-girls-volley,62,30,7,20,5,55,c9c946b8-537e-440c-b91e-805a9e3deed8,,,
1128,4,2026-11 第4バッチ,ポケモンだいすきクラブ早稲田支部,早稲田大学,文化系（音楽・演劇・アート）,155,X,x,wasepoke,https://x.com/wasepoke,,,70,10,25,15,20,205,be94fff3-92be-4a50-ad6a-b0d9422889f4,,,
1129,4,2026-11 第4バッチ,華道会,慶應義塾大学,文化系（音楽・演劇・アート）,,X/Instagram/Web,x,keio_kadokai,https://x.com/keio_kadokai,https://instagram.com/keio_kadokai,https://mita-kadoukai.jimdofree.com/,75,30,25,15,5,201,a047265b-bd2c-4eb1-a621-2f8ac6edb7d6,,,
1130,4,2026-11 第4バッチ,FUN-ta-SISTER,上智大学,趣味・その他,,X/Instagram/Web,x,kuji_0515_mii,https://x.com/kuji_0515_mii,https://instagram.com/funtasistersophia,https://be4do.com/column/6201/,62,30,17,10,5,137,7f24d453-3e81-4f7b-aa1f-80a97256ea86,,,
1131,4,2026-11 第4バッチ,管弦楽団,一橋大学,文化系（音楽・演劇・アート）,,X/Instagram/Web,instagram,hit_orchestra,https://x.com/fsc_hit_u,https://instagram.com/hit_orchestra,https://campus-map.jp/hit/club/23/,58,30,8,15,5,66,9a59642a-1501-43f0-8d93-f730f2773329,,,
1132,4,2026-11 第4バッチ,混声合唱団,北海道大学,文化系（音楽・演劇・アート）,,X/Instagram/Web,x,hokkon_2025,https://x.com/hokkon_2025,https://instagram.com/hu_mixed_chorus,http://cf972771.cloudfree.jp/,58,30,8,15,5,62,3f97b4d7-f5e8-4d08-9687-0cd8be1105f8,,,
1133,4,2026-11 第4バッチ,音楽サークル星空,早稲田大学,文化系（音楽・演劇・アート）,150,X,x,hoshizora1966,https://x.com/hoshizora1966,,,70,10,25,15,20,206,7e6ca515-6efc-42a2-88d3-0d78ef1f4055,,,
1134,4,2026-11 第4バッチ,東京大学能狂言研究会宝生会,東京大学,文化系（音楽・演劇・アート）,,X/Instagram/Web,x,todai_hosho,https://x.com/todai_hosho,https://instagram.com/ut_hosho,https://campus-map.jp/ut/club/176/,60,30,10,15,5,81,a0d08e0c-e0ef-485e-92cf-8ae59cf0eb86,,,
1135,4,2026-11 第4バッチ,カデンツァ・フィルハーモニー,慶應義塾大学,文化系（音楽・演劇・アート）,,X/Instagram/Web,instagram,cadenza.keio,https://x.com/CadenzaWebman,https://instagram.com/cadenza.keio,https://keiomusicclub.wixsite.com/keiomusiccircle/blank-15,75,30,25,15,5,202,a22dda7b-30e3-4cbf-a7ce-598323e932df,,,
1136,4,2026-11 第4バッチ,お笑い工房　LUDO,早稲田大学,文化系（音楽・演劇・アート）,150,X,x,wasedaludo,https://x.com/WasedaLUDO,,,70,10,25,15,20,207,eed260cd-900e-4831-a5d1-413670609321,,,
1137,4,2026-11 第4バッチ,F.C.CROWN,上智大学,趣味・その他,,X/Instagram/Web,website,https://www.sophia.ac.jp/jpn/article/news/topics/250910_sft/,https://x.com/ksulsc2012,https://instagram.com/93kashii_fes,https://www.sophia.ac.jp/jpn/article/news/topics/250910_sft/,62,30,17,10,5,138,7ff8b7f8-f3f2-451b-8429-487430c17313,,,
1138,4,2026-11 第4バッチ,漫画研究部,京都大学,文化系（音楽・演劇・アート）,,X/Instagram/Web,x,kyoto_u_mk,https://x.com/kyoto_u_mk,https://instagram.com/tachibanamanken,https://www.kyoto-u-mk.org/,60,30,10,15,5,85,9f6ff821-fd38-4ec9-be66-18bc13a70ee2,,,
1139,4,2026-11 第4バッチ,津軽三味線集団 弦音巴,慶應義塾大学,文化系（音楽・演劇・アート）,,X/Instagram/Web,x,keio_otoha,https://x.com/keio_otoha,https://instagram.com/keio_otoha_tokyo,https://circle.info-jukusei.com/%E3%83%91%E3%83%95%E3%82%A9%E3%83%BC%E3%83%9E%E3%83%B3%E3%82%B9%E7%B3%BB/%E6%85%B6%E6%87%89%E7%BE%A9%E5%A1%BE%E5%A4%A7%E5%AD%A6%E6%B4%A5%E8%BB%BD%E4%B8%89%E5%91%B3%E7%B7%9A%E9%9B%86%E5%9B%A3%E5%BC%A6%E9%9F%B3%E5%B7%B4%E5%BC%A6%E9%9F%B3%E5%B7%B4%E3%81%8A%E3%81%A8/,75,30,25,15,5,203,a240a917-64d9-43ac-9c6d-a417590d22b1,,,
1140,4,2026-11 第4バッチ,フォークソング同好会,大阪大学,文化系（音楽・演劇・アート）,,X/Instagram/Web,x,folk_ou,https://x.com/folk_ou,https://instagram.com/folk_ou,https://ww.twstalker.com/folk_ou,58,30,8,15,5,67,9568460c-4ec7-4687-8f21-163725638121,,,
1141,4,2026-11 第4バッチ,学生劇団いと,九州大学,文化系（音楽・演劇・アート）,,X/Instagram/Web,x,kyudai_media,https://x.com/kyudai_media,https://instagram.com/musical.italento,https://kikin.kyushu-u.ac.jp/info/news/?r_division=1&page=17,57,30,7,15,5,60,5f5524ab-bdef-4e6a-8d2c-4b8377711a01,,,
1142,4,2026-11 第4バッチ,漫画研究会,名古屋大学,文化系（音楽・演劇・アート）,,X/Instagram/Web,x,numangaclub,https://x.com/numangaclub,https://instagram.com/nuva_anime,https://nua.2024.giving-campaign.jp/groups?group=97aa431a-0d0b-4d34-8812-71543ced5a61&image-type=group-ad&group-id=97aa431a-0d0b-4d34-8812-71543ced5a61,57,30,7,15,5,60,702a10c1-76cb-46c3-becc-ef52175377c4,,,
1143,4,2026-11 第4バッチ,早稲田大学フィルハーモニー管絃楽団,早稲田大学,文化系（音楽・演劇・アート）,136,X,x,wasephil,https://x.com/wasephil,,,70,10,25,15,20,208,99cae598-f1b8-47e3-96e5-4d1cba16ab91,,,
1144,4,2026-11 第4バッチ,音楽部管弦楽団,慶應義塾大学,文化系（音楽・演劇・アート）,,X/Instagram/Web,x,keio_ongakubu,https://x.com/keio_ongakubu,https://instagram.com/keio_ongakubu,https://www.keio-ikan.com/,75,30,25,15,5,204,a3474998-8d2b-431e-9da1-d89eda49171d,,,
1145,4,2026-11 第4バッチ,新聞部,東京科学大学,メディア・出版,,X/Instagram/Web,website,https://www.tnews.jp/entries/36112,https://x.com/toudaihouken,https://instagram.com/toudaihouken,https://www.tnews.jp/entries/36112,53,30,3,15,5,29,049faf80-b12b-41da-b6ff-7ad319c72503,,,
1146,4,2026-11 第4バッチ,空手道部,東北大学,運動系（スポーツ・アウトドア）,,X/Instagram/Web,instagram,tohokukarate,https://x.com/suikyu_toh,https://instagram.com/tohokukarate,https://www.tohoku.ac.jp/japanese/studentinfo/studentlife/02/studentlife0201/dantaiichiran.pdf,62,30,7,20,5,56,cd463345-f705-430e-a902-d98f357a05bc,,,
1147,4,2026-11 第4バッチ,Sophia aiki-kai,上智大学,趣味・その他,,X/Instagram/Web,x,sophia_aiki,https://x.com/sophia_aiki,https://instagram.com/sophia_aiki_kai,https://sophiaaiki.wixsite.com/sophia-aiki-kai,62,30,17,10,5,139,80bb1a04-cfff-4d68-8103-c9f52ccd1f3d,,,
1148,4,2026-11 第4バッチ,東京大学書道研究会,東京大学,文化系（音楽・演劇・アート）,,X/Instagram/Web,x,todai_shoken_,https://x.com/todai_shoken_,https://instagram.com/todai_shoken,https://campus-map.jp/ut/club/119/,60,30,10,15,5,82,a82db304-723e-40f7-bf22-24bdd82c5d96,,,
1149,4,2026-11 第4バッチ,一橋地歴同好会アインズ,一橋大学,文化系（音楽・演劇・アート）,,X/Instagram/Web,x,eins_hit,https://x.com/Eins_hit,https://instagram.com/eins_ikkyo,https://campus-map.jp/hit/club/128/,58,30,8,15,5,67,b2d3cc94-31ad-4d89-8049-af8e8d9cc04c,,,
1150,4,2026-11 第4バッチ,ミュージックファンクラブ （MFC）,早稲田大学,文化系（音楽・演劇・アート）,120,X,x,music_fan_club,https://x.com/Music_fan_club,,,70,10,25,15,20,209,e5bf3c8a-532b-49c0-841d-61c11474a7d5,,,
1151,5,2026-12 第5バッチ,俳句研究会,慶應義塾大学,文化系（音楽・演劇・アート）,,X/Instagram/Web,x,keio_haiku,https://x.com/keio_haiku,https://instagram.com/keio_kabuken,https://orientation.keio-zenkyo.net/fall2022,75,30,25,15,5,205,afad97ea-a0e3-4ddd-8c7b-70528541b1c6,,,
1152,5,2026-12 第5バッチ,カフェプロジェクト,北海道大学,文化系（音楽・演劇・アート）,,X/Instagram/Web,x,cafe_project,https://x.com/Cafe_Project,https://instagram.com/hokcafe,https://hubcnavi.net/hokcafe,58,30,8,15,5,63,48418f1a-bea4-4e39-83c9-bd206166029c,,,
1153,5,2026-12 第5バッチ,落語研究会,京都大学,文化系（音楽・演劇・アート）,,X/Instagram/Web,x,kyoto_ochiken,https://x.com/kyoto_ochiken,https://instagram.com/kyodai_ochiken,https://search.yahoo.co.jp/realtime/search?ei=UTF-8&rkf=1&ifr=tl_unit&p=%E4%BA%AC%E9%83%BD%E5%A4%A7%E5%AD%A6%E8%90%BD%E8%AA%9E%E7%A0%94%E7%A9%B6%E4%BC%9A,60,30,10,15,5,86,a3f2c38a-5ed1-4504-bc16-d07393de2849,,,
1154,5,2026-12 第5バッチ,オムニバス,早稲田大学,文化系（音楽・演劇・アート）,100,X,x,soudaiomnibus,https://x.com/soudaiomnibus,,,70,10,25,15,20,210,fbc25a95-09fb-42ae-af47-cedcb1050411,,,
1155,5,2026-12 第5バッチ,Tierheim,上智大学,趣味・その他,,X/Instagram/Web,instagram,sophia.tierheim,https://x.com/sophia_tierheim,https://instagram.com/sophia.tierheim,https://twstalker.com/su__tab,62,30,17,10,5,140,82762a2f-4b5b-4b87-940d-c5ca777ddd19,,,
1156,5,2026-12 第5バッチ,ゲームサークルDICE,慶應義塾大学,文化系（音楽・演劇・アート）,,X/Instagram/Web,x,dicesfc,https://x.com/DICESFC,https://instagram.com/titanzz_esports,https://info-jukusei.com/dice/,75,30,25,15,5,206,b36a2e0d-fd5a-48ed-b281-6c0aff101da0,,,
1157,5,2026-12 第5バッチ,現代芸術を考える会,大阪大学,文化系（音楽・演劇・アート）,,X/Instagram/Web,x,piece0_1,https://x.com/Piece0_1,https://instagram.com/piece4649,https://osaka-kansai.art/pages/expo-pll-talks-vol-11,58,30,8,15,5,68,9b296410-a16a-47ad-881b-50c1afef657b,,,
1158,5,2026-12 第5バッチ,蹴球同好会,早稲田大学,運動系（スポーツ・アウトドア）,90,X,x,wasedashukyu,https://x.com/wasedashukyu,,,70,10,25,20,15,211,92d5d9af-8f0b-4487-8fd1-499306102dc9,,,
1159,5,2026-12 第5バッチ,飯舘村ホッププロジェクト,東京大学,文化系（音楽・演劇・アート）,,X/Instagram/Web,x,todai_murajuku,https://x.com/todai_murajuku,https://instagram.com/todai.murajuku,https://todai-murajuku.com/wp/wp-content/uploads/%E3%82%80%E3%82%89%E5%A1%BE%E3%81%9F%E3%82%99%E3%82%88%E3%82%8A2021%E6%98%A5%E5%8F%B7.pdf,60,30,10,15,5,83,b546834e-b38f-4d06-a562-d97e0f39e9fe,,,
1160,5,2026-12 第5バッチ,福音キリスト者学生会,慶應義塾大学,文化系（音楽・演劇・アート）,,X/Instagram/Web,x,kecfinfo,https://x.com/kecfinfo,https://instagram.com/kecf2023,https://orientation.keio-zenkyo.net/circle2024-en/121,75,30,25,15,5,207,b4f4d4bf-b5df-4c28-9d87-cc584b5754ab,,,
1161,5,2026-12 第5バッチ,ダイビングサークル（ORCA）,国際基督教大学,運動系（スポーツ・アウトドア）,,X/Instagram/Web,x,oceankids012,https://x.com/oceankids012,https://instagram.com/dolphins_intercollegiate,https://diverlounge.com/fundiving/universities-in-tokyo/,59,30,4,20,5,31,a8a622c4-c232-4e7d-abf8-f6fc1802975e,,,
1162,5,2026-12 第5バッチ,ボランティアサークル,九州大学,ボランティア・NPO,,X/Instagram/Web,x,kyudaivolunteer,https://x.com/KyudaiVolunteer,https://instagram.com/kyudaivolunteer,https://sdgs.kyushu-u.ac.jp/edu_circle001.html,57,30,7,15,5,61,642846d1-6c53-4f7b-b851-b83a3a727cca,,,
1163,5,2026-12 第5バッチ,ピアノ同好会,名古屋大学,文化系（音楽・演劇・アート）,,X/Instagram/Web,x,nagoya_piano,https://x.com/nagoya_piano,https://instagram.com/nupc.jp,https://nupc.jp/interview3/,57,30,7,15,5,61,7f51ec3a-a13c-42ea-8071-90a13f2475a1,,,
1164,5,2026-12 第5バッチ,VOCALOCONNECT(VC),上智大学,趣味・その他,,X/Instagram/Web,x,vocaloconnect,https://x.com/vocaloconnect,https://instagram.com/vocaloconnect,https://lit.link/sophiavocaloconnect,62,30,17,10,5,141,86275534-49e6-47b4-be09-9db99cbaa9f1,,,
1165,5,2026-12 第5バッチ,鷹の台レイカーズ,一橋大学,文化系（音楽・演劇・アート）,,X/Instagram/Web,x,tlakers2018shin,https://x.com/tlakers2018shin,https://instagram.com/rohnin1284,https://campus-map.jp/hit/club/136/,58,30,8,15,5,68,b789406b-9f81-4571-b8cd-fc0f9cd958a5,,,
1166,5,2026-12 第5バッチ,能楽部観世会,京都大学,文化系（音楽・演劇・アート）,,X/Instagram/Web,x,kyojo_kanze,https://x.com/kyojo_kanze,https://instagram.com/kyodai.kanze,https://campus-map.jp/kyoto/club/62/,60,30,10,15,5,87,a7b6ba11-58a1-4831-8fe9-ff138d77914e,,,
1167,5,2026-12 第5バッチ,マイクラ同好会,早稲田大学,趣味・その他,90,X/Instagram,x,wasedaminecraft,https://x.com/wasedaminecraft,https://instagram.com/wasedaminecraft,,70,20,25,10,15,212,ad2d90b7-13d2-473a-900d-041b947e042b,,,
1168,5,2026-12 第5バッチ,レーシングカート部,東北大学,運動系（スポーツ・アウトドア）,,X/Instagram/Web,x,rt_peyton,https://x.com/rt_peyton,https://instagram.com/tuft_ev,https://tohoku-gakuin.com/%E3%83%AC%E3%83%BC%E3%82%B7%E3%83%B3%E3%82%B0%E3%82%AB%E3%83%BC%E3%83%88%E9%83%A8/,62,30,7,20,5,57,d3723a5a-03bb-409a-8ec2-2f47a72b8939,,,
1169,5,2026-12 第5バッチ,お笑い道場O-keis,慶應義塾大学,文化系（音楽・演劇・アート）,,X/Instagram/Web,x,o_keis,https://x.com/o_keis,https://instagram.com/okeis_keio,https://o-keis.net/,75,30,25,15,5,208,bbfd1678-0b54-4098-b071-a79dbd3dbeec,,,
1170,5,2026-12 第5バッチ,ユースホステルクラブ,北海道大学,文化系（音楽・演劇・アート）,,X/Instagram/Web,x,hokudai_yhc_,https://x.com/hokudai_yhc_,https://instagram.com/yhc_hokudai_travel,https://www.japan.dentsu.com/jp/news.html,58,30,8,15,5,64,493b0c05-5a9b-48ab-924a-09cc9e73b639,,,
1171,5,2026-12 第5バッチ,ディエンテ早稲田,早稲田大学,運動系（スポーツ・アウトドア）,81,X,x,diente_waseda,https://x.com/diente_waseda,,,70,10,25,20,15,213,a399bc99-f579-46ff-b60b-29c215a733f2,,,
1172,5,2026-12 第5バッチ,TaF陸上同好会,上智大学,運動系（スポーツ・アウトドア）,,Instagram/Web,website,http://katoyuu.iinaa.net/201204nikki.html,,https://instagram.com/sophia_tf1950,http://katoyuu.iinaa.net/201204nikki.html,62,20,17,20,5,142,87d35887-a63b-46de-b3e5-5c6642a1f489,,,
1173,5,2026-12 第5バッチ,ピアノ・ソサィエティー,慶應義塾大学,文化系（音楽・演劇・アート）,,X/Instagram/Web,x,kpsconcert_info,https://x.com/kpsconcert_info,https://instagram.com/k.piano_society,https://info-jukusei.com/kps2022/,75,30,25,15,5,209,be39e268-b2ca-43cf-a546-f4efebc2dcef,,,
1174,5,2026-12 第5バッチ,劇団六風館,大阪大学,文化系（音楽・演劇・アート）,,X/Instagram/Web,x,mufukan,https://x.com/mufukan,https://instagram.com/6fukan1992,https://twilog.togetter.com/mufukan,58,30,8,15,5,69,9cde6ad7-df98-494c-a76e-348088a76ebd,,,
1175,5,2026-12 第5バッチ,東京大学箏曲研究会,東京大学,文化系（音楽・演劇・アート）,,X/Instagram/Web,x,toudaisouken,https://x.com/toudaisouken,https://instagram.com/t0y0soken,https://gogatsusai.jp/98/visitor/project/029,60,30,10,15,5,84,caa338e5-4444-4788-8dd3-23957a017c3b,,,
1176,5,2026-12 第5バッチ,早稲田理工軟式野球部,早稲田大学,運動系（スポーツ・アウトドア）,80,X,x,waseda_rikonan,https://x.com/waseda_rikonan,,,70,10,25,20,15,214,476a5ce2-d118-40ca-99ff-47a521c33050,,,
1177,5,2026-12 第5バッチ,綜合美術団体パレットクラブ,慶應義塾大学,文化系（音楽・演劇・アート）,,X/Instagram/Web,x,palette_keio,https://x.com/palette_KEIO,https://instagram.com/palette_club_keio,https://www.tnews.jp/entries/36190,75,30,25,15,5,210,c0cc5299-649f-4404-991a-83b898396310,,,
1178,5,2026-12 第5バッチ,音楽部交響楽団,京都大学,文化系（音楽・演劇・アート）,,X/Instagram/Web,x,kyodaioke,https://x.com/kyodaioke,https://instagram.com/kyodaioke,https://www.kyodaioke.com/,60,30,10,15,5,88,b1c32b91-1a34-4d20-b67f-f6088e9d6509,,,
1179,5,2026-12 第5バッチ,TEDxSophia U,上智大学,趣味・その他,,X/Instagram/Web,x,tedxsophiau,https://x.com/TEDxSophiaU,https://instagram.com/tedxsophiauniversity,https://www.tedxsophiau.com/,62,30,17,10,5,143,88be6725-8d51-49c0-97b2-3070468fc50f,,,
1180,5,2026-12 第5バッチ,ストリートダンスサークル,九州大学,文化系（音楽・演劇・アート）,,X/Instagram/Web,x,sense_dance,https://x.com/SENSE_DANCE,https://instagram.com/atp_dance,http://kyudaicircle.club/c018_atp/,57,30,7,15,5,62,6870c8e6-2105-49b9-ad09-24797b527e69,,,
1181,5,2026-12 第5バッチ,フリーペーパー粋,名古屋大学,文化系（音楽・演劇・アート）,,X/Instagram/Web,x,ikikikiki,https://x.com/ikikikiki,https://instagram.com/freepaper.iki,http://freepaper-iki.sakura.ne.jp/,57,30,7,15,5,62,9c30eaa4-092e-4d1a-a06f-87085753069e,,,
1182,5,2026-12 第5バッチ,鵬志会,早稲田大学,学術・研究（ゼミ・研究会・勉強会）,80,X/Web,x,wasedahoshikai,https://x.com/wasedahoshikai,,https://hoshikaiwaseda.wixsite.com/website,70,20,25,10,15,215,70cf18eb-f0f3-4a3f-b143-435497129701,,,
1183,5,2026-12 第5バッチ,お笑いサークルIOK,一橋大学,文化系（音楽・演劇・アート）,,X/Instagram/Web,x,iok_hit_u,https://x.com/iok_hit_u,https://instagram.com/iok_hit_u,https://campus-map.jp/hit/club/118/,58,30,8,15,5,69,b79f62fe-53d2-4e0b-8210-e35b7f916116,,,
1184,5,2026-12 第5バッチ,ジャズダンスサークルSIG,慶應義塾大学,文化系（音楽・演劇・アート）,,X/Instagram/Web,x,keio_sig,https://x.com/keio_sig,https://instagram.com/sig_keiojazzdancecircle,https://keiojazzdance.studio.site/,75,30,25,15,5,211,c20c3e4f-56e8-440c-8070-f7d5ff264e08,,,
1185,5,2026-12 第5バッチ,モダンジャズ研究会,東京科学大学,文化系（音楽・演劇・アート）,,X/Instagram/Web,x,jazztit,https://x.com/jazztit,https://instagram.com/tusjazz,https://titech.info/circle/33,53,30,3,15,5,30,08dc4654-cec2-4ab3-8405-448c4d2b2c75,,,
1186,5,2026-12 第5バッチ,女子バスケットボール部,東北大学,運動系（スポーツ・アウトドア）,,X/Instagram/Web,x,basket9_tohoku,https://x.com/basket9_tohoku,https://instagram.com/basket9_tohoku,https://ameblo.jp/tohoku-basketball-club/entry-12663993678.html,62,30,7,20,5,58,d4908867-421f-4d92-b8c7-7968502127e0,,,
1187,5,2026-12 第5バッチ,ボーカロイド同好会,北海道大学,文化系（音楽・演劇・アート）,,X/Instagram/Web,x,hokkaidouniv_vc,https://x.com/Hokkaidouniv_VC,https://instagram.com/hu_vocalo,https://ww.twstalker.com/Hokkaidouniv_VC,58,30,8,15,5,65,496e656a-5ff2-4f18-ab21-977c67c27d01,,,
1188,5,2026-12 第5バッチ,t:M（チーム）,早稲田大学,運動系（スポーツ・アウトドア）,80,X,x,waseda_tim,https://x.com/waseda_tim,,,70,10,25,20,15,216,f607c61a-91f7-44ae-ae02-99db5eb30591,,,
1189,5,2026-12 第5バッチ,Notion Sophia,上智大学,趣味・その他,,X/Instagram/Web,instagram,notion_sophia,https://x.com/notion_sophia,https://instagram.com/notion_sophia,https://shogotahara.notion.site/92ef255f56524d65a967d652a1337638,62,30,17,10,5,144,8ee93080-42f2-4202-8809-4fb1663b0ac8,,,
1190,5,2026-12 第5バッチ,東京大学写真文化会,東京大学,文化系（音楽・演劇・アート）,,X/Instagram/Web,x,utshabun,https://x.com/UTshabun,https://instagram.com/utshabun,https://campus-map.jp/ut/club/369/,60,30,10,15,5,85,db332851-6afc-4a3b-8ef6-073c389b6756,,,
1191,5,2026-12 第5バッチ,カリツォー・ロシアの会,慶應義塾大学,文化系（音楽・演劇・アート）,,X/Instagram/Web,x,keio_russia,https://x.com/keio_russia,https://instagram.com/keio_kalitso,https://www3.bunren.keio-zenkyo.net/organizations/karuta,75,30,25,15,5,212,cff97b7b-7d17-46af-92c4-98b6c4eab473,,,
1192,5,2026-12 第5バッチ,喜多流能楽研究会,大阪大学,文化系（音楽・演劇・アート）,,X/Instagram/Web,x,handaikitakai21,https://x.com/handaikitakai21,https://instagram.com/handai.kitakai21,https://handaisyokai.wixsite.com/my-site/post/%E5%96%9C%E5%A4%9A%E6%B5%81%E8%83%BD%E6%A5%BD%E7%A0%94%E7%A9%B6%E4%BC%9A,58,30,8,15,5,70,9db27d8d-e587-4e5f-a9a8-13ec99600543,,,
1193,5,2026-12 第5バッチ,アンプラグド,京都大学,文化系（音楽・演劇・アート）,,X/Instagram/Web,x,kyodaiunplugged,https://x.com/kyodaiunplugged,https://instagram.com/unplugged_kyodai,https://ku-unplugged.net/shinkan/,60,30,10,15,5,89,ba30e185-6123-4500-b93f-9ac5c66f0a0f,,,
1194,5,2026-12 第5バッチ,こんぷれっくすラグビーチーム,早稲田大学,運動系（スポーツ・アウトドア）,72,X,x,complex2016,https://x.com/complex2016,,,70,10,25,20,15,217,2b136e52-931a-4c2a-9130-ae4b5dc446c1,,,
1195,5,2026-12 第5バッチ,バロックアンサンブル,慶應義塾大学,文化系（音楽・演劇・アート）,,X/Instagram/Web,x,keio_baroque,https://x.com/keio_baroque,https://instagram.com/keio_baroque,https://www.gakusei-walker.jp/s/10/club/detail/459/?srsltid=AfmBOookWC85cigW1A9LlMhh4YlNR1rPJZacDPYbVQ84O8i2kuqiXsWJ,75,30,25,15,5,213,d22ee968-4f86-4611-9e63-9f34675350db,,,
1196,5,2026-12 第5バッチ,上智大学社会科学研究会（SSS）,上智大学,学術・研究（ゼミ・研究会・勉強会）,,X/Instagram/Web,website,https://www.mext.go.jp/content/1400756_2.pdf,https://x.com/sophia_scs,https://instagram.com/sophia_startup_club,https://www.mext.go.jp/content/1400756_2.pdf,62,30,17,10,5,145,940600bd-260a-47ab-bb9e-0eb39f6109fc,,,
1197,5,2026-12 第5バッチ,KatZwei,早稲田大学,運動系（スポーツ・アウトドア）,71,X,x,katz_official,https://x.com/katz_official,,,70,10,25,20,15,218,febd811a-d634-478d-af1c-3cc298c171c6,,,
1198,5,2026-12 第5バッチ,バレーボール部,国際基督教大学,運動系（スポーツ・アウトドア）,,X/Instagram/Web,x,icuvb,https://x.com/ICUVB,https://instagram.com/icuhalcyon,https://halcyonhpkanri.wixsite.com/halcyon,59,30,4,20,5,32,b16f158a-6af9-4695-a5f7-5f9437739890,,,
1199,5,2026-12 第5バッチ,ギター部,一橋大学,文化系（音楽・演劇・アート）,,X/Instagram/Web,x,htnguitarbu,https://x.com/htnguitarbu,https://instagram.com/htnguitarclub,https://campus-map.jp/hit/club/111/,58,30,8,15,5,70,c7ef028b-1045-42a1-98bb-419027b2642d,,,
1200,5,2026-12 第5バッチ,軽音楽部ジャズ研究会,九州大学,文化系（音楽・演劇・アート）,,X/Instagram/Web,x,kyudaijazzken,https://x.com/kyudaijazzken,https://instagram.com/qjazz_rhythmsociety.,http://kyudaicircle.club/c005_jyazken/,57,30,7,15,5,63,6bfddf61-1464-43c0-9a1f-eea63a0dc438,,,
1201,5,2026-12 第5バッチ,フォーミュラーチームFEM,名古屋大学,文化系（音楽・演劇・アート）,,X/Instagram/Web,x,j4in8dgfzu,https://x.com/j4in8dgfZu,https://instagram.com/okakou.bb,https://search.yahoo.co.jp/realtime/search?ei=UTF-8&p=%23%E6%98%A5%E3%81%8B%E3%82%89%E5%90%8D%E5%A4%A7&md=h&rkf=1,57,30,7,15,5,63,a4106783-7c84-4510-ace8-935fd1eb4ef0,,,
1202,5,2026-12 第5バッチ,セパタクロークラブ,慶應義塾大学,文化系（音楽・演劇・アート）,,X/Instagram/Web,instagram,keio_sepak,https://x.com/Keio_STC,https://instagram.com/keio_sepak,https://orientation.keio-zenkyo.net/circle2024-en/348,75,30,25,15,5,214,de03056f-fbf4-4790-b939-0726243bf5ea,,,
1203,5,2026-12 第5バッチ,東京大学オリエンテーリングクラブ,東京大学,文化系（音楽・演劇・アート）,,X/Instagram/Web,x,olk_2025,https://x.com/olk_2025,https://instagram.com/scitokyo_olt,https://campus-map.jp/ut/club/31/,60,30,10,15,5,86,e2eba0b6-bb74-4685-bbc2-3d1cbb8c1179,,,
1204,5,2026-12 第5バッチ,G.W.ラグビークラブ,早稲田大学,運動系（スポーツ・アウトドア）,70,X,x,wasedagwrc,https://x.com/wasedagwrc,,,70,10,25,20,15,219,5151a5be-38da-48c7-8cdb-c4927f8b48b0,,,
1205,5,2026-12 第5バッチ,上智大学詩歌会,上智大学,学術・研究（ゼミ・研究会・勉強会）,,X/Instagram/Web,x,sph_vesper,https://x.com/sph_vesper,https://instagram.com/sophia__verse,https://potofu.me/sophiavesper,62,30,17,10,5,146,96c53f86-ce41-4f04-89f0-5d32df089d1e,,,
1206,5,2026-12 第5バッチ,能楽部宝生会,京都大学,文化系（音楽・演劇・アート）,,X/Instagram/Web,x,ku_hosho,https://x.com/KU_Hosho,https://instagram.com/ku_hoshokai,https://campus-map.jp/kyoto/club/109/,60,30,10,15,5,90,bf5b06c9-effb-4108-8a2a-11f5a7b2ee5a,,,
1207,5,2026-12 第5バッチ,劇団しろちゃん,北海道大学,文化系（音楽・演劇・アート）,,X/Instagram/Web,x,shiro_hokudai,https://x.com/shiro_hokudai,https://instagram.com/shiro_hokudai,https://lit.link/SHirochan,58,30,8,15,5,66,51ec6695-190c-465e-a4e5-25fcbd344614,,,
1208,5,2026-12 第5バッチ,ディズニー同好会,慶應義塾大学,文化系（音楽・演劇・アート）,,X/Instagram/Web,x,disneykeio,https://x.com/disneykeio,https://instagram.com/keio_disney,https://www.jukushin.com/archives/41475,75,30,25,15,5,215,e0194148-4a80-4d62-a5a1-12510210d653,,,
1209,5,2026-12 第5バッチ,茶道部,大阪大学,文化系（音楽・演劇・アート）,,X/Instagram/Web,x,ou_sadou,https://x.com/OU_sadou,https://instagram.com/osakau_tceremony,https://handaisadoubu.web.fc2.com/,58,30,8,15,5,71,9dd7f81f-7ca4-4287-8fa6-7847fe4eef50,,,
1210,5,2026-12 第5バッチ,硬式野球部,東北大学,運動系（スポーツ・アウトドア）,,X/Instagram/Web,x,tohokubbt_,https://x.com/tohokubbt_,https://instagram.com/_tohokubbt,https://www.gakuyukai.ihe.tohoku.ac.jp/club/%E6%BA%96%E7%A1%AC%E5%BC%8F%E9%87%8E%E7%90%83%E9%83%A8/,62,30,7,20,5,59,d54d692c-a0c3-47f1-99b4-0255b796bd99,,,
1211,5,2026-12 第5バッチ,生物同好会,早稲田大学,学術・研究（ゼミ・研究会・勉強会）,70,X/Web,x,w_sdk,https://x.com/w_sdk,,https://wasedaseibutsu.blogspot.com/,70,20,25,10,15,220,aba88767-cbab-40e9-a316-b7b83941db87,,,
1212,5,2026-12 第5バッチ,ライト･ミュージック･ソサイエティ,慶應義塾大学,文化系（音楽・演劇・アート）,,X/Instagram/Web,x,lightshinkan,https://x.com/Lightshinkan,https://instagram.com/light_shinkan2026,https://circle.info-jukusei.com/%E5%AD%A6%E8%A1%93%E3%83%BB%E6%96%87%E5%8C%96%E7%B3%BB/%E3%83%A9%E3%82%A4%E3%83%88%E3%83%9F%E3%83%A5%E3%83%BC%E3%82%B8%E3%83%83%E3%82%AF%E3%82%BD%E3%82%B5%E3%82%A4%E3%82%A8%E3%83%86%E3%82%A3/,75,30,25,15,5,216,ec1dbe9d-1dc3-4925-9884-fbd45c2de53e,,,
1213,5,2026-12 第5バッチ,探検部,上智大学,趣味・その他,,X/Instagram/Web,x,sophiatanken,https://x.com/sophiatanken,https://instagram.com/sophia.tanken,http://www.sophiatanken.info/freshman.html,62,30,17,10,5,147,9934b151-3e81-4e07-8c22-4ffe882d0526,,,
1214,5,2026-12 第5バッチ,ロッククライミング,早稲田大学,運動系（スポーツ・アウトドア）,70,X,x,rockla_waseda,https://x.com/rockla_waseda,,,70,10,25,20,15,221,d6c52f5b-6085-4449-9ce0-584397f5b0b1,,,
1215,5,2026-12 第5バッチ,吹奏楽団,一橋大学,文化系（音楽・演劇・アート）,,X/Instagram/Web,x,htwo_twi,https://x.com/htwo_twi,https://instagram.com/_htwo,https://campus-map.jp/hit/club/52/,58,30,8,15,5,71,ce935aa1-fe79-4179-94f9-0c8f7ad51725,,,
1216,5,2026-12 第5バッチ,東京大学茶道部,東京大学,文化系（音楽・演劇・アート）,,X/Instagram/Web,instagram,sencha_ut,https://x.com/ut_polaris,https://instagram.com/sencha_ut,https://campus-map.jp/ut/club/202/,60,30,10,15,5,87,e8a931fe-0ec4-42ac-8028-fb03c4108d76,,,
1217,5,2026-12 第5バッチ,ワグネル・ソサィエティー男声合唱団,慶應義塾大学,文化系（音楽・演劇・アート）,,X/Instagram/Web,x,keio_wagner_mc,https://x.com/keio_wagner_mc,https://instagram.com/wagner_society_male,https://www.wagner-society.org/introduction/schedule/,75,30,25,15,5,217,ec9e3fea-f02c-403f-bab6-bbd7a887f629,,,
1218,5,2026-12 第5バッチ,アカペラサークルCRAZY CLEF,京都大学,文化系（音楽・演劇・アート）,,X/Instagram/Web,x,crazyclef_,https://x.com/CrazyClef_,https://instagram.com/crcl_koho,https://www.kyoto-gakuseisaiten.com/shinkan_group/4281,60,30,10,15,5,91,c30d9971-df26-4fa3-bb15-4e46ccef8618,,,
1219,5,2026-12 第5バッチ,ポーカーサークルQQs,九州大学,文化系（音楽・演劇・アート）,,X/Instagram/Web,x,qu_poker,https://x.com/qu_poker,https://instagram.com/aof.kyushu,https://note.com/kumapoka/n/n493cb3cc0e1d,57,30,7,15,5,64,734862b3-16b1-41a0-b9fb-443295d008bc,,,
1220,5,2026-12 第5バッチ,写真部,名古屋大学,文化系（音楽・演劇・アート）,,X/Instagram/Web,x,nu_photoclub,https://x.com/nu_photoclub,https://instagram.com/nagoyauniv_photoclub,https://nu-photoclub.sakura.ne.jp/home/,57,30,7,15,5,64,a792f925-d74e-4e72-89e0-8ff41246da29,,,
1221,5,2026-12 第5バッチ,ワンダーサイクリング同好会,早稲田大学,運動系（スポーツ・アウトドア）,66,X,x,wandercycling,https://x.com/wandercycling,,,70,10,25,20,15,222,4efc2ea9-fc25-4e4f-92a0-7ed2b7d8cb39,,,
1222,5,2026-12 第5バッチ,紀尾井文学会,上智大学,学術・研究（ゼミ・研究会・勉強会）,,X/Instagram/Web,x,kioibungakukai,https://x.com/kioibungakukai,https://instagram.com/sophia__verse,https://www.city.shinjuku.lg.jp/content/000391197.pdf,62,30,17,10,5,148,99ae35bf-71d6-4b6b-901b-6db0c4044857,,,
1223,5,2026-12 第5バッチ,塾生新聞会,慶應義塾大学,メディア・出版,,X/Instagram/Web,x,jukushin,https://x.com/jukushin,https://instagram.com/jukushin_today,https://circle.info-jukusei.com/%E5%AD%A6%E8%A1%93%E3%83%BB%E6%96%87%E5%8C%96%E7%B3%BB/%E6%85%B6%E6%87%89%E5%A1%BE%E7%94%9F%E6%96%B0%E8%81%9E%E4%BC%9A/,75,30,25,15,5,218,f3fee8bf-2ea0-492e-99b8-721cf3a67750,,,
1224,5,2026-12 第5バッチ,ストリートダンスサークルH2O,東京科学大学,文化系（音楽・演劇・アート）,,X/Instagram/Web,x,titechh2o,https://x.com/titechh2o,https://instagram.com/titechh2o,http://sigmasince1987.com/circle/h2o/,53,30,3,15,5,31,1946bee1-39fb-42cb-a120-dc79558407d0,,,
1225,5,2026-12 第5バッチ,連合吹奏楽団,北海道大学,文化系（音楽・演劇・アート）,,X/Instagram/Web,x,hokudaibrass,https://x.com/hokudaibrass,https://instagram.com/hokudai.brass,https://hubcnavi.net/hokudaibrass,58,30,8,15,5,67,6852975b-bf60-43fc-9ff0-013c19bedc51,,,
1226,5,2026-12 第5バッチ,映像制作チーム OUT+V,大阪大学,文化系（音楽・演劇・アート）,,X/Instagram/Web,x,outv_handai,https://x.com/outv_handai,https://instagram.com/out_v_handai,https://ww.twstalker.com/outv_handai,58,30,8,15,5,72,a97a6617-b576-4343-8ec7-b54f458587d5,,,
1227,5,2026-12 第5バッチ,バーベルクラブ,早稲田大学,運動系（スポーツ・アウトドア）,65,X,x,wbc1962,https://x.com/wbc1962,,,70,10,25,20,15,223,c3981d3a-688f-4918-9843-d1ed78f60db3,,,
1228,5,2026-12 第5バッチ,ソフトボール部,東北大学,運動系（スポーツ・アウトドア）,,X/Instagram/Web,x,tohoku_softball,https://x.com/tohoku_softball,https://instagram.com/tohoku_softball,https://www.gakuyukai.ihe.tohoku.ac.jp/club/%E3%82%BD%E3%83%95%E3%83%88%E3%83%9C%E3%83%BC%E3%83%AB%E9%83%A8/,62,30,7,20,5,60,d70d3c85-7a41-4858-93f6-a9285946ac78,,,
1229,5,2026-12 第5バッチ,Pen Club,慶應義塾大学,趣味・その他,61,X/Web,x,keio_pen,https://x.com/keio_pen,,https://info-jukusei.com/keiopenclub/,70,20,25,10,15,219,6e9583f7-27cc-45e5-9e9b-1aa8452f8689,,,
1230,5,2026-12 第5バッチ,上智大学フランス語劇サークル La congère,上智大学,国際交流・語学,,Instagram/Web,instagram,la_congere,,https://instagram.com/la_congere,https://ffs.sophia.ac.jp/blog/blog-0-144/,62,20,17,20,5,149,9f5b7f27-c6b2-42af-a736-aaeb92b4d6c2,,,
1231,5,2026-12 第5バッチ,東京大学音楽部管弦楽団,東京大学,文化系（音楽・演劇・アート）,,X/Instagram/Web,x,todai_orchestra,https://x.com/todai_orchestra,https://instagram.com/todai_orchestra,https://campus-map.jp/ut/club/382/,60,30,10,15,5,88,ed55f850-c95d-4e39-9d53-520364c8b005,,,
1232,5,2026-12 第5バッチ,稲友テニスクラブ,早稲田大学,運動系（スポーツ・アウトドア）,64,X,x,toyu2016,https://x.com/toyu2016,,,70,10,25,20,15,224,9c7dbfd0-1963-49d3-8c12-183212f99028,,,
1233,5,2026-12 第5バッチ,ギタークラブ,京都大学,文化系（音楽・演劇・アート）,,X/Instagram/Web,x,kugcfresh,https://x.com/kugcfresh,https://instagram.com/kugc.fresh,http://kugc.s28.xrea.com/,60,30,10,15,5,92,c9b0f177-0536-46c5-a5de-42026958e420,,,
1234,5,2026-12 第5バッチ,フォークソングクラブ,一橋大学,文化系（音楽・演劇・アート）,,X/Instagram/Web,instagram,ikkyo_fsc,https://x.com/fsc_hit_u,https://instagram.com/ikkyo_fsc,https://www.ikkyo-fsc.com/,58,30,8,15,5,72,cfafadbe-bc51-4ad3-9da4-64198dca15c0,,,
1235,5,2026-12 第5バッチ,漫画クラブ,慶應義塾大学,文化系（音楽・演劇・アート）,40,X/Web,x,keiomangaclub2,https://x.com/KeioMangaclub2,,https://info-jukusei.com/keio-circle-mangaclub-2021/,70,20,25,15,10,220,6ad16146-bb04-4480-a338-17d53391331d,,,
1236,5,2026-12 第5バッチ,PAPOOSE（テニス）,国際基督教大学,運動系（スポーツ・アウトドア）,,X/Instagram/Web,instagram,icu_papoose,https://x.com/icu_papoose,https://instagram.com/icu_papoose,https://linktr.ee/ICU_PAPOOSE,59,30,4,20,5,33,d42973a6-cc1e-437f-acb9-e12b281f1823,,,
1237,5,2026-12 第5バッチ,Yes， We Are,早稲田大学,趣味・その他,60,X/Instagram/LINE,x,yesweare_waseda,https://x.com/yesweare_waseda,https://instagram.com/yesweare_waseda,,70,20,25,10,15,225,0083d167-b9c8-4ca7-8cc4-6dc1cf546abd,,,
1238,5,2026-12 第5バッチ,Sophia Flying Turkeys,上智大学,趣味・その他,,X/Instagram/Web,x,sft55969177,https://x.com/SFT55969177,https://instagram.com/sophia_flying_turkeys,https://sophia-flying-turkeys.themedia.jp/,62,30,17,10,5,150,a0b63976-3478-4eaa-a518-0e66ce54636d,,,
1239,5,2026-12 第5バッチ,民族舞踊研究会,九州大学,文化系（音楽・演劇・アート）,,X/Instagram/Web,x,kyushu_u_minbu,https://x.com/kyushu_u_minbu,https://instagram.com/fukuoka_minbu,https://minbu-hukuoka-wyt.jimdofree.com/,57,30,7,15,5,65,74c0a635-f6ac-4e1f-9fbd-9c060d68bd51,,,
1240,5,2026-12 第5バッチ,交響楽団,名古屋大学,文化系（音楽・演劇・アート）,,X/Instagram/Web,x,nusoshinkan,https://x.com/nusoshinkan,https://instagram.com/nuso_official,https://nuso-nagoya.jp/,57,30,7,15,5,65,be81ea02-3e8c-4445-ab14-5030c67a53f6,,,
1241,5,2026-12 第5バッチ,超電子工学研究会,慶應義塾大学,学術・研究（ゼミ・研究会・勉強会）,17,X/Instagram/Web,x,chodenkoken,https://x.com/chodenkoken,https://instagram.com/keiofukuken,https://info-jukusei.com/keio-circle-chodenkoken-2021/,70,30,25,10,5,221,0105d95d-44d5-4cd8-9fcd-73da4e108fec,,,
1242,5,2026-12 第5バッチ,陶芸部,大阪大学,文化系（音楽・演劇・アート）,,X/Instagram/Web,x,oupc_,https://x.com/oupc_,https://instagram.com/kubridge_peer,https://www.nua.ac.jp/teacher/detail/20224206.html,58,30,8,15,5,73,b1e95904-5f0d-4d3e-b234-f79488dc052a,,,
1243,5,2026-12 第5バッチ,写真部,北海道大学,文化系（音楽・演劇・アート）,,X/Instagram/Web,x,hu_photoclub,https://x.com/hu_photoclub,https://instagram.com/hokusui_photo,https://hokudaiphoto.wordpress.com/,58,30,8,15,5,68,6c8c11af-2d75-4e48-8537-61e50cf9bdcf,,,
1244,5,2026-12 第5バッチ,Paddy Fielders' Tea Party（実用英語）,早稲田大学,国際交流・語学,60,X,x,paddy_waseda,https://x.com/paddy_waseda,,,70,10,25,20,15,226,0e3be75b-8d3b-426d-a1ea-bf7cb56d0946,,,
1245,5,2026-12 第5バッチ,Harvard Undergraduates in Asia Program東京大学運営委員会,東京大学,学術・研究（ゼミ・研究会・勉強会）,,X/Instagram/Web,x,huaptokyo,https://x.com/huaptokyo,https://instagram.com/huaptokyo,https://huap.tokyo/recruit,55,30,10,10,5,89,16aed5ee-6795-4be4-85c5-29d002f7b37d,,,
1246,5,2026-12 第5バッチ,体育会陸上競技部,上智大学,運動系（スポーツ・アウトドア）,,X/Instagram,x,sophia_tf1950,https://x.com/sophia_tf1950,https://instagram.com/sophia_tf1950,,62,20,17,20,5,151,a57df5cb-c0bf-405f-8acc-69be32d398b1,,,
1247,5,2026-12 第5バッチ,バックパッキングクラブ,慶應義塾大学,趣味・その他,11,X/Instagram/Web,x,iwate_eco,https://x.com/iwate_eco,https://instagram.com/keio_backpacking_club,http://www.iwate-eco.jp/2021/09/09/PDF%E7%B5%90%E5%90%88.pdf,70,30,25,10,5,222,a92e6ac1-7d72-46c7-8640-3c19b0c9d703,,,
1248,5,2026-12 第5バッチ,能楽部狂言会,京都大学,文化系（音楽・演劇・アート）,,X/Instagram/Web,x,nohkyou_kyodai,https://x.com/nohkyou_kyodai,https://instagram.com/kyogenkai_kgkk,https://campus-map.jp/kyoto/club/109/,60,30,10,15,5,93,cd14d0b1-9a54-457c-b7ea-2c0394fbd98b,,,
1249,5,2026-12 第5バッチ,ベル・スキークラブ,早稲田大学,運動系（スポーツ・アウトドア）,60,X,x,belleskiclub,https://x.com/belleskiclub,,,70,10,25,20,15,227,1d5ba598-ab8d-4eb6-a55c-a7b7005d0139,,,
1250,5,2026-12 第5バッチ,相撲部,東北大学,運動系（スポーツ・アウトドア）,,X/Instagram/Web,x,tohoku_sumo,https://x.com/tohoku_sumo,https://instagram.com/dongbeidaxues,https://www.tohoku.ac.jp/japanese/studentinfo/studentlife/02/studentlife0201/dantaiichiran.pdf,62,30,7,20,5,61,dce4dbee-0f09-4c0c-9ac6-373a35b59d80,,,
1251,5,2026-12 第5バッチ,写真部,一橋大学,文化系（音楽・演劇・アート）,,X/Instagram/Web,instagram,hitphoto,https://x.com/fsc_hit_u,https://instagram.com/hitphoto,https://campus-map.jp/hit/club/59/,58,30,8,15,5,73,db7aa044-2214-48e7-910e-437af625ee20,,,
1252,5,2026-12 第5バッチ,宇宙科学総合研究会,慶應義塾大学,学術・研究（ゼミ・研究会・勉強会）,7,X/Instagram/Web,x,keio_lyncs,https://x.com/keio_LYNCS,https://instagram.com/keio_lyncs,https://camp-fire.jp/projects/628001/view,70,30,25,10,5,223,9872018d-cdc3-4619-b5da-b26229bb8343,,,
1253,5,2026-12 第5バッチ,ミュンヘンハンドボール同好会,早稲田大学,運動系（スポーツ・アウトドア）,60,X,x,w_munchen_hand,https://x.com/w_munchen_hand,,,70,10,25,20,15,228,522ae438-58a1-447f-90d2-c441548f5d1b,,,
1254,5,2026-12 第5バッチ,L’arbre de harmonie,上智大学,趣味・その他,,X/Instagram/Web,x,larbre_sophia,https://x.com/larbre_sophia,https://instagram.com/larbre_sophia,https://lit.link/larbresophia,62,30,17,10,5,152,af1fbc9f-e28e-42f1-b7c0-675c5446929c,,,
1255,5,2026-12 第5バッチ,WALKMEN,慶應義塾大学,趣味・その他,,X/Instagram/Web,x,walkmenshinka_n,https://x.com/walkmenshinka_n,https://instagram.com/walkmenshinka_n,https://keiomusicclub.wixsite.com/keiomusiccircle/blank-3,70,30,25,10,5,224,032afacb-82ff-4262-abc6-56c9eb751be1,,,
1256,5,2026-12 第5バッチ,鳥人間チーム,九州大学,文化系（音楽・演劇・アート）,,X/Instagram/Web,x,q_freshbird24,https://x.com/q_freshbird24,https://instagram.com/q_birdman,https://www.q-birdman.jp/contact/,57,30,7,15,5,66,855bc72b-efcd-4965-baed-7f390e5be7bd,,,
1257,5,2026-12 第5バッチ,軽音楽部 Fusion Section,名古屋大学,文化系（音楽・演劇・アート）,,X/Instagram/Web,x,fusion_meidai,https://x.com/fusion_meidai,https://instagram.com/fusion_meidai,http://fusionsection.web.fc2.com/event.html,57,30,7,15,5,66,c8eaceb5-cd36-4e85-b775-57fab45595ef,,,
1258,5,2026-12 第5バッチ,クリケットクラブ,大阪大学,文化系（音楽・演劇・アート）,,X/Instagram/Web,x,osaka_cricket,https://x.com/osaka_cricket,https://instagram.com/ou_cricketclub,https://handaisyokai.wixsite.com/my-site/post/%E5%A4%A7%E9%98%AA%E5%A4%A7%E5%AD%A6%E3%82%AF%E3%83%AA%E3%82%B1%E3%83%83%E3%83%88%E3%82%AF%E3%83%A9%E3%83%96,58,30,8,15,5,74,c13ac471-fe01-4121-b966-f27fdc4f5e26,,,
1259,5,2026-12 第5バッチ,古流武術鹿島神流,東京大学,運動系（スポーツ・アウトドア）,,X/Web,x,kashima_ut,https://x.com/kashima_ut,,https://gogatsusai.jp/98/visitor/project/199,55,20,10,20,5,90,18a243c1-e327-4559-a1a0-3d7e2e7ef25d,,,
1260,5,2026-12 第5バッチ,早稲田大学ホームテニスクラブ,早稲田大学,運動系（スポーツ・アウトドア）,60,X,x,hometennisclub,https://x.com/hometennisclub,,,70,10,25,20,15,229,93da5748-b9ce-4b90-84c3-9c5dde3d82e4,,,
1261,5,2026-12 第5バッチ,デジタル写真サークルDigi Photo,京都大学,文化系（音楽・演劇・アート）,,X/Instagram/Web,instagram,digi_photo_pr,https://x.com/DigiPhoto_Kyoto,https://instagram.com/digi_photo_pr,https://digiphoto.ifdef.jp/,60,30,10,15,5,94,ce9e3831-8285-431f-a1ec-4488bb1a1f8d,,,
1262,5,2026-12 第5バッチ,茶道研究会,北海道大学,文化系（音楽・演劇・アート）,,X/Instagram/Web,x,hu_sado,https://x.com/HU_sado,https://instagram.com/hguchaken,https://hokudai60sadou1958.jimdofree.com/,58,30,8,15,5,69,7c58040e-d9d4-4b6f-987f-a45a81f884e8,,,
1263,5,2026-12 第5バッチ,上智大学環境活動サークルGreen Sophia（GS）,上智大学,学術・研究（ゼミ・研究会・勉強会）,,X/Instagram/Web,website,https://greensophia.official.ec/about,https://x.com/greensophia_jp,https://instagram.com/greensophia_insta,https://greensophia.official.ec/about,62,30,17,10,5,153,b464523a-d554-4a73-88c8-33a973ab8e6e,,,
1264,5,2026-12 第5バッチ,卓球部（薬学部）,慶應義塾大学,運動系（スポーツ・アウトドア）,,Instagram/Web,website,https://prtimes.jp/main/html/rd/p/000000002.000164098.html,,https://instagram.com/popular,https://prtimes.jp/main/html/rd/p/000000002.000164098.html,70,20,25,20,5,225,03bc8657-f3cc-4560-bf22-0f594fcda3e0,,,
1265,5,2026-12 第5バッチ,デザイン研究会,東京科学大学,文化系（音楽・演劇・アート）,,X/Instagram/Web,x,titechdesignlab,https://x.com/titechdesignlab,https://instagram.com/design_titech,https://www.threads.com/@design_titech,53,30,3,15,5,32,32c69e21-c18f-41f6-880c-baf996d02c74,,,
1266,5,2026-12 第5バッチ,早稲田ドラマ研究会,早稲田大学,学術・研究（ゼミ・研究会・勉強会）,60,X/Instagram,x,draken_waseda,https://x.com/draken_waseda,https://instagram.com/draken_waseda,,70,20,25,10,15,230,afe97a2d-ab5a-45e0-a2dc-f0bf1e729bac,,,
1267,5,2026-12 第5バッチ,Diving＋,慶應義塾大学,趣味・その他,,X/Instagram/Web,x,divingplus2305,https://x.com/Divingplus2305,https://instagram.com/divingplus2305,https://circle.info-jukusei.com/%E3%82%B9%E3%83%9D%E3%83%BC%E3%83%84%E7%B3%BB/diving%EF%BC%8B/,70,30,25,10,5,226,073bf65a-ac02-4f7e-8fae-f96442331be2,,,
1268,5,2026-12 第5バッチ,一橋ホークス,一橋大学,文化系（音楽・演劇・アート）,,X/Instagram/Web,x,ikkyohawks3150,https://x.com/ikkyohawks3150,https://instagram.com/v,https://campus-map.jp/hit/club/39/,58,30,8,15,5,74,ef167508-1269-4400-ba89-da7b045e9399,,,
1269,5,2026-12 第5バッチ,男子バスケットボール部,東北大学,運動系（スポーツ・アウトドア）,,X/Instagram/Web,x,tohoku_univ_bbc,https://x.com/tohoku_univ_bbc,https://instagram.com/tohokuunivbasket,https://www.tohoku.ac.jp/japanese/studentinfo/studentlife/02/studentlife0201/dantaiichiran.pdf,62,30,7,20,5,62,ee7edf75-3542-424e-823a-8f2ddf215b95,,,
1270,5,2026-12 第5バッチ,Music and Communication くされエン,早稲田大学,趣味・その他,59,X/Instagram,x,ksreb131,https://x.com/ksreb131,https://instagram.com/ksreb131,,70,20,25,10,15,231,514e8701-6000-4093-a7eb-5dca9e3cd1d2,,,
1271,5,2026-12 第5バッチ,上智大学奇術研究会(SMC),上智大学,趣味・その他,,X/Instagram/Web,x,sophiamagicclub,https://x.com/sophiamagicclub,https://instagram.com/sophiamagicclub,https://sophiamagicclub.wixsite.com/sophiamagicclub,62,30,17,10,5,154,b5319871-e9fb-4c14-9501-a9994448218c,,,
1272,5,2026-12 第5バッチ,手話サークル,京都大学,ボランティア・NPO,,X/Instagram/Web,x,kyotoshuwa,https://x.com/kyotoshuwa,https://instagram.com/ku_syuwa,https://kyotosign.web.fc2.com/mobile/contact.html,60,30,10,15,5,95,e38f0dd3-7764-405a-8c67-7e1daa170b25,,,
1273,5,2026-12 第5バッチ,180 Degrees Consulting Tokyo,東京大学,趣味・その他,,X/Instagram/Web,x,hndpjqeqlp,https://x.com/HNdpjqeqlp,https://instagram.com/180dctokyo,https://campus-map.jp/ut/club/367/,55,30,10,10,5,91,1b8bfdad-295e-476e-b515-394f53640172,,,
1274,5,2026-12 第5バッチ,経済新人会,慶應義塾大学,学術・研究（ゼミ・研究会・勉強会）,,X/Instagram/Web,instagram,kshin.keio,https://x.com/keio_kinyuuken,https://instagram.com/kshin.keio,https://circle.info-jukusei.com/%E5%AD%A6%E8%A1%93%E3%83%BB%E6%96%87%E5%8C%96%E7%B3%BB/%E7%B5%8C%E6%B8%88%E6%96%B0%E4%BA%BA%E4%BC%9A-%E8%B2%A1%E6%94%BF%E7%A0%94%E7%A9%B6%E9%83%A8kshin_zaisei/,70,30,25,10,5,227,087aea57-ea49-4fca-b21c-c545f612a058,,,
1275,5,2026-12 第5バッチ,ソフトボール部,国際基督教大学,運動系（スポーツ・アウトドア）,40,X/Web,x,icu_softball,https://x.com/icu_softball,,https://www.icu.ac.jp/campuslife/club/,54,20,4,20,10,34,0c64e2c9-4730-4ddf-9a7a-4a90fd43084c,,,
1276,5,2026-12 第5バッチ,古美術研究会,大阪大学,文化系（音楽・演劇・アート）,,X/Instagram/Web,x,hankobi,https://x.com/hankobi,https://instagram.com/handai_kobiken,https://www.oka-pu.ac.jp/faculty/design/architecture/page-18278/page-64645/,58,30,8,15,5,75,c5bd4d74-1989-476f-89a5-89a407ef86a4,,,
1277,5,2026-12 第5バッチ,名所古蹟研究会,早稲田大学,学術・研究（ゼミ・研究会・勉強会）,56,X/Instagram,x,meiko_official,https://x.com/meiko_official,https://instagram.com/meikoken.new,,70,20,25,10,15,232,224fe1b5-4b3b-45f3-a5a1-ffeaadc4e425,,,
1278,5,2026-12 第5バッチ,ギターアンサンブル,九州大学,文化系（音楽・演劇・アート）,,X/Instagram/Web,instagram,ku_unplugged,https://x.com/QGEkyudaiguitar,https://instagram.com/ku_unplugged,http://kyudaicircle.club/c015_guitaransanbulu/,57,30,7,15,5,67,9e9ee8a8-d871-41eb-b5bc-00c2f2751eb6,,,
1279,5,2026-12 第5バッチ,書道サークル和,名古屋大学,文化系（音楽・演劇・アート）,,X/Instagram/Web,x,nagomi_meidai,https://x.com/nagomi_meidai,https://instagram.com/nagomi_meidai,https://lit.link/nagomimeidai,57,30,7,15,5,67,cb21f10c-4e5d-4a40-96bf-f04298040cae,,,
1280,5,2026-12 第5バッチ,Givers,上智大学,趣味・その他,,X/Instagram/Web,x,_sophia_givers,https://x.com/_sophia_givers,https://instagram.com/sophia_university_givers,https://mirasus.jp/students/14692,62,30,17,10,5,155,b9509b00-95eb-427b-9c7c-9f209a3fc6d2,,,
1281,5,2026-12 第5バッチ,新聞編集部,北海道大学,メディア・出版,,X/Instagram/Web,x,hokudaishinbun,https://x.com/HokudaiShinBun,https://instagram.com/hokudaishimbun,https://www.hokudaishinbun.com/2022/04/03/6412/,58,30,8,15,5,70,99fb055e-0f54-444f-80b6-59c1d5361329,,,
1282,5,2026-12 第5バッチ,医事振興会,慶應義塾大学,趣味・その他,,X/Instagram/Web,x,izishin_keio,https://x.com/izishin_keio,https://instagram.com/keio_ijishin,https://izishin.jp/,70,30,25,10,5,228,0abb3d83-ace6-4295-94c8-2ad7d5fc4a51,,,
1283,5,2026-12 第5バッチ,乗馬倶楽部,早稲田大学,運動系（スポーツ・アウトドア）,55,X,x,wasedajoba,https://x.com/wasedajoba,,,70,10,25,20,15,233,a02b73bb-354b-4b14-8371-171651603242,,,
1284,5,2026-12 第5バッチ,ライチウス会,慶應義塾大学,趣味・その他,,X/Instagram/Web,x,keio_raittius17,https://x.com/keio_raittius17,https://instagram.com/keio_raittius,https://www3.bunren.keio-zenkyo.net/organizations/raittius,70,30,25,10,5,229,0b307ae7-9d7a-4857-aefb-5cd748ac9890,,,
1285,5,2026-12 第5バッチ,劇団コギト,一橋大学,文化系（音楽・演劇・アート）,,X/Instagram/Web,x,cogitomember,https://x.com/cogitomember,https://instagram.com/cogitogram,https://campus-map.jp/hit/club/54/,58,30,8,15,5,75,f77b4f2d-39f1-4440-899d-4f6cbc5640ef,,,
1286,5,2026-12 第5バッチ,書道部,京都大学,文化系（音楽・演劇・アート）,,X/Instagram/Web,x,kucc_e201,https://x.com/kucc_E201,https://instagram.com/ku_shodobu,https://campus-map.jp/kyoto/club/108/,60,30,10,15,5,96,e4d8a55a-9df5-4940-bc2a-87ca260526a1,,,
1287,5,2026-12 第5バッチ,エジプト文化研究会,早稲田大学,学術・研究（ゼミ・研究会・勉強会）,54,X/Instagram,x,ejiken2,https://x.com/ejiken2,https://instagram.com/ejiken_wsd,,70,20,25,10,15,234,fcbdacd6-7cdb-4d85-be83-01cbaea3668b,,,
1288,5,2026-12 第5バッチ,IDĒE creation,上智大学,趣味・その他,,X/Instagram/Web,x,ideecreation_,https://x.com/ideecreation_,https://instagram.com/ideecreation_,https://ideecreation.wixsite.com/idee,62,30,17,10,5,156,baa4c323-4118-43b3-9349-0d09786715bd,,,
1289,5,2026-12 第5バッチ,東京大学フラメンコ舞踏団,東京大学,学術・研究（ゼミ・研究会・勉強会）,,X/Instagram/Web,x,b_flamenco,https://x.com/B_flamenco,https://instagram.com/utflamenco,https://campus-map.jp/ut/club/157/,55,30,10,10,5,92,1eeccb1d-cebc-476e-bbb8-ff57b6e6292b,,,
1290,5,2026-12 第5バッチ,応援団,東北大学,運動系（スポーツ・アウトドア）,,X/Instagram/Web,x,tguouen,https://x.com/TGUouen,https://instagram.com/ohendan_tohoku,https://taiikubu.org.tohoku.ac.jp/wp/wp-content/uploads/2024/04/9.%E7%B7%8F%E6%8B%AC%E7%89%B9%E6%AE%8A_%E7%B7%91-64.pdf,62,30,7,20,5,63,fceefab7-5cc8-49c2-9a63-361d241c07a5,,,
1291,5,2026-12 第5バッチ,ALEKS TENNIS ASSOCIATION,慶應義塾大学,趣味・その他,,X/Instagram/Web,x,aleks_keio,https://x.com/aleks_keio,https://instagram.com/keio_aleks_official,https://circle.info-jukusei.com/%E3%82%B9%E3%83%9D%E3%83%BC%E3%83%84%E7%B3%BB/aleks-tennis-association/,70,30,25,10,5,230,0b391945-b423-490d-9541-996f7561250e,,,
1292,5,2026-12 第5バッチ,Tonsoku,早稲田大学,運動系（スポーツ・アウトドア）,50,X,x,tonsoku2013,https://x.com/tonsoku2013,,,70,10,25,20,15,235,2b226fc8-10e2-4f51-aa73-2f5f6f1bfc17,,,
1293,5,2026-12 第5バッチ,落語研究部,大阪大学,文化系（音楽・演劇・アート）,,X/Instagram/Web,x,handai_ochiken,https://x.com/handai_ochiken,https://instagram.com/hanochi_2023,https://www.jyukubaito.com/jyukubaito_blog/handai_ochiken/,58,30,8,15,5,76,caae1da2-d9cd-41ad-a29c-5d3344483975,,,
1294,5,2026-12 第5バッチ,Summer Teaching Program(STP),上智大学,趣味・その他,,X/Instagram/Web,x,sophia_stp2021,https://x.com/sophia_stp2021,https://instagram.com/sophiastp_2025,https://ffs.sophia.ac.jp/department/english/effort/circle/,62,30,17,10,5,157,bd83bb47-a821-4fd8-aaab-9ed187420a38,,,
1295,5,2026-12 第5バッチ,写真部,九州大学,文化系（音楽・演劇・アート）,,X/Instagram/Web,x,qupc,https://x.com/QUPC,https://instagram.com/ksu_photoclub,https://qupc.jp/,57,30,7,15,5,68,9ff0dff2-59cc-4a03-a727-56995d7dc0b4,,,
1296,5,2026-12 第5バッチ,ラガドーン・タバーン,名古屋大学,文化系（音楽・演劇・アート）,,X/Instagram/Web,x,ragadoon_tavaan,https://x.com/ragadoon_tavaan,https://instagram.com/ragadoon_tavaan,https://w.atwiki.jp/ragadoon/pages/831.html,57,30,7,15,5,68,d3da4e96-0faf-471f-afef-34ec63e213c8,,,
1297,5,2026-12 第5バッチ,Folk Lovers' Association,慶應義塾大学,趣味・その他,,X/Instagram/Web,x,keiofla,https://x.com/keiofla,https://instagram.com/keio_fla,http://flanet.yokochou.com/,70,30,25,10,5,231,0dcf9f4b-99e0-4213-944e-4ea644a0f93e,,,
1298,5,2026-12 第5バッチ,エレクトーンサークル sweet,北海道大学,文化系（音楽・演劇・アート）,,X/Instagram/Web,x,hu_ec_sweet,https://x.com/hu_ec_sweet,https://instagram.com/hu_ec_sweet,https://hu-ec-sweet.web.app/,58,30,8,15,5,71,a368863b-1042-4a7a-ac70-503f04b677b3,,,
1299,5,2026-12 第5バッチ,早稲田大学レトロ研究会,早稲田大学,学術・研究（ゼミ・研究会・勉強会）,50,X/Instagram,x,waseda_retro,https://x.com/WASEDA_RETRO,https://instagram.com/waseda_retro,,70,20,25,10,15,236,3b229c82-3cf5-428d-bc6f-1dc95b17bc2a,,,
1300,5,2026-12 第5バッチ,キリスト者学生会,京都大学,文化系（音楽・演劇・アート）,,X/Instagram/Web,instagram,studentimpactkyoto,https://x.com/KU_KGK,https://instagram.com/studentimpactkyoto,https://www.ieice.org/~cs-edit/magazine/ieice/alldata/Bplus34_all.pdf,60,30,10,15,5,97,ed801e83-d915-4951-8eda-436f54dfc292,,,
1301,6,2027-01 第6バッチ,東京大学華人科学技術促進会,東京大学,運動系（スポーツ・アウトドア）,,Instagram/Web,instagram,atsuomi.,,https://instagram.com/atsuomi.,https://www.tama.ac.jp/al2019/img/al2019resume.pdf,55,20,10,20,5,93,243550f0-3b65-48a4-9b2d-ef3c0000a80d,,,
1302,6,2027-01 第6バッチ,SF研究会,慶應義塾大学,学術・研究（ゼミ・研究会・勉強会）,,X/Instagram/Web,x,keio_sf,https://x.com/keio_sf,https://instagram.com/sfida.keio,https://note.com/keio_sf,70,30,25,10,5,232,10b9f687-8af7-4e58-9557-e4a37f9854f0,,,
1303,6,2027-01 第6バッチ,モダンジャズ研究会,一橋大学,文化系（音楽・演劇・アート）,,X/Instagram/Web,x,hit_jazz,https://x.com/hit_jazz,https://instagram.com/hit_u_jazz,https://campus-map.jp/hit/club/85/,58,30,8,15,5,76,f8e179ae-681b-4c6f-ac8d-ee632adc2bde,,,
1304,6,2027-01 第6バッチ,東京科学大学管弦楽団,東京科学大学,文化系（音楽・演劇・アート）,,X/Instagram/Web,x,titech_kangen,https://x.com/titech_kangen,https://instagram.com/titech_kangen,https://www.titech.ac.jp/public-relations/students/extracurricular/organizations/orchestra,53,30,3,15,5,33,463c4010-96b2-4191-b3e1-b34889640f4e,,,
1305,6,2027-01 第6バッチ,ベーシック・スキークラブ,早稲田大学,運動系（スポーツ・アウトドア）,50,X,x,basicskiclub,https://x.com/basicskiclub,,,70,10,25,20,15,237,4ec7e82e-27ea-4d27-adc3-e677148725ba,,,
1306,6,2027-01 第6バッチ,体育会アイスホッケー部,上智大学,運動系（スポーツ・アウトドア）,,X/Instagram,x,icehockeysophia,https://x.com/icehockeysophia,https://instagram.com/sophiaicehockey_2026,,62,20,17,20,5,158,bead86e1-8ee8-4ce2-97a5-d5d8f7fca623,,,
1307,6,2027-01 第6バッチ,OUTSIDERS,慶應義塾大学,趣味・その他,,X/Instagram/Web,x,keio_outsiders,https://x.com/keio_Outsiders,https://instagram.com/keio_outsiders,https://orientation.keio-zenkyo.net/schedule-2025,70,30,25,10,5,233,11de0405-3ba0-4b1f-a32d-80a07c9f8ca7,,,
1308,6,2027-01 第6バッチ,オリエンテーリングクラブ,早稲田大学,運動系（スポーツ・アウトドア）,50,X,x,waseda_oc,https://x.com/waseda_oc,,,70,10,25,20,15,238,50d1d90c-fc32-4163-a788-92acba313e5e,,,
1309,6,2027-01 第6バッチ,キャップ投げサークル,大阪大学,文化系（音楽・演劇・アート）,,X/Instagram/Web,x,ou_ctc_2024,https://x.com/ou_ctc_2024,https://instagram.com/ou_ctc,https://www.omu.ac.jp/campus-life/activities/list/cap-comuc/index.html,58,30,8,15,5,77,cf0ddcfe-3749-4657-a17c-64bed0404f9e,,,
1310,6,2027-01 第6バッチ,ほととぎす,東北大学,趣味・その他,21,X/Instagram/Web,instagram,hototogishu_official,https://x.com/hototogishu0,https://instagram.com/hototogishu_official,https://www.gakuyukai.ihe.tohoku.ac.jp/wp-content/uploads/2024/04/all_pamphlet_2024-1.pdf,57,30,7,10,10,64,209eb2b3-4084-41db-b1b2-486ce4c91d82,,,
1311,6,2027-01 第6バッチ,聖書研究会,国際基督教大学,学術・研究（ゼミ・研究会・勉強会）,40,X/Instagram/Web,instagram,icucweek,https://x.com/icucweek,https://instagram.com/icucweek,https://www.icu.ac.jp/campuslife/club/,54,30,4,10,10,35,23ba9af8-4eec-4501-9b12-9d8243844af1,,,
1312,6,2027-01 第6バッチ,上智VTuber研究会,上智大学,学術・研究（ゼミ・研究会・勉強会）,,X/Instagram/Web,x,sophianovt,https://x.com/sophianoVT,https://instagram.com/sophianovt,https://sophiavt.wordpress.com/,62,30,17,10,5,159,bfcf6a50-53b2-43d1-9193-ec314d483ac0,,,
1313,6,2027-01 第6バッチ,K.B.R. Society MODERN SCHACKS,慶應義塾大学,趣味・その他,,X/Instagram/Web,x,modern_schacks,https://x.com/modern_Schacks,https://instagram.com/kbrsocietythekalua,https://ngntipkolamrenang.twstalker.com/modern_Schacks,70,30,25,10,5,234,17bfb782-faed-4138-ae58-f6ad1acc4239,,,
1314,6,2027-01 第6バッチ,美術部,京都大学,文化系（音楽・演劇・アート）,,X/Instagram/Web,x,kpu_art1949,https://x.com/kpu_art1949,https://instagram.com/kyoto.univ_artclub,https://www.kyoto-wu.ac.jp/student/club/club/cul_kaiga.html,60,30,10,15,5,98,f2142c4a-dbee-400f-9f10-2b6d465a9069,,,
1315,6,2027-01 第6バッチ,考古学研究会,早稲田大学,学術・研究（ゼミ・研究会・勉強会）,50,X/Instagram,x,waseda_koukoken,https://x.com/waseda_koukoken,https://instagram.com/waseda_koukoken,,70,20,25,10,15,239,71be1039-aaf1-4d6f-b2db-2b6ac8a7110e,,,
1316,6,2027-01 第6バッチ,邦楽部,九州大学,文化系（音楽・演劇・アート）,,X/Instagram/Web,x,qdai_hougaku,https://x.com/qdai_hougaku,https://instagram.com/qdaihougaku,http://kyudaicircle.club/c021_hougakubu/,57,30,7,15,5,69,ac3f62eb-954c-4070-98b8-e62503db27d4,,,
1317,6,2027-01 第6バッチ,民舞・太鼓サークル鼓舞,名古屋大学,文化系（音楽・演劇・アート）,,X/Instagram/Web,x,taiko_minbu,https://x.com/taiKO_minBU,https://instagram.com/taiko_minbu,http://www2.jimu.nagoya-u.ac.jp/minzokuonbu/Contact/,57,30,7,15,5,69,db4f5073-2b0a-4620-8a9b-1f882ef84964,,,
1318,6,2027-01 第6バッチ,東大むら塾,東京大学,趣味・その他,,X/Instagram/Web,x,todai,https://x.com/todai,https://instagram.com/todai.murajuku.,https://chawabiyori.jp/society/%E3%80%90%E3%82%AC%E3%83%81%E8%BE%B2%E6%A5%AD%E3%81%98%E3%82%83%E3%82%93%E3%80%91%E6%9D%B1%E5%A4%A7%E3%82%80%E3%82%89%E5%A1%BE%E3%81%AE%E5%AE%9F%E6%85%8B%E3%81%AB%E8%BF%AB%E3%82%8B%EF%BC%81,55,30,10,10,5,94,30dd9e3e-2a05-4076-bfda-47d0a1d5dfa8,,,
1319,6,2027-01 第6バッチ,YOSAKOIソーラン北海道大学 縁,北海道大学,文化系（音楽・演劇・アート）,,X/Instagram/Web,x,hokudaien,https://x.com/hokudaien,https://instagram.com/hokudaien.official,https://search.yahoo.co.jp/realtime/search?ei=UTF-8&rkf=1&ifr=tl_unit&p=%E5%8C%97%E6%B5%B7%E9%81%93%E5%A4%A7%E5%AD%A6%E7%B8%81,58,30,8,15,5,72,adb170be-ae3a-49ef-8c7f-2c1cd819aad6,,,
1320,6,2027-01 第6バッチ,ROCK研究会,慶應義塾大学,学術・研究（ゼミ・研究会・勉強会）,,X/Instagram/Web,x,keio_rock,https://x.com/keio_rock,https://instagram.com/keio_rock,https://orientation.keio-zenkyo.net/circle2025/91,70,30,25,10,5,235,18f35d12-33d5-446c-a0d0-b2a5c2239a1e,,,
1321,6,2027-01 第6バッチ,ストリートダンスサークル CHERISH,一橋大学,文化系（音楽・演劇・アート）,,X/Instagram/Web,x,cherish_2026,https://x.com/cherish_2026,https://instagram.com/cherish_streetdance,https://campus-map.jp/hit/club/73/,58,30,8,15,5,77,fd560411-be18-41da-8914-ab81abe1d745,,,
1322,6,2027-01 第6バッチ,早稲田大学ROBOSTEP,早稲田大学,学術・研究（ゼミ・研究会・勉強会）,50,X/Web,x,robostep_waseda,https://x.com/robostep_waseda,,https://robostep.sakura.ne.jp/blog/,70,20,25,10,15,240,98f490e2-117f-40cb-b66b-4ae3343daf99,,,
1323,6,2027-01 第6バッチ,BlooMe,上智大学,趣味・その他,,X/Instagram/Web,x,bloome220519,https://x.com/Bloome220519,https://instagram.com/bloome_sophia,https://faculty.sfsu.edu/~mminami,62,30,17,10,5,160,c15374fd-192c-40f0-8c9f-dfba76c40fe1,,,
1324,6,2027-01 第6バッチ,アーチェリー同好会,慶應義塾大学,運動系（スポーツ・アウトドア）,,Instagram/Web,instagram,keioarchery_shinkan2021,,https://instagram.com/keioarchery_shinkan2021,https://www.jwu.ac.jp/unv/seg_student/circle/archery.html,70,20,25,20,5,236,191c9e75-a925-4d56-9cab-3abc0fa782a1,,,
1325,6,2027-01 第6バッチ,スポーツラバーズ,早稲田大学,運動系（スポーツ・アウトドア）,50,X,x,spo_love,https://x.com/spo_love,,,70,10,25,20,15,241,9a5ecee6-a230-4c6f-ba0f-a2fae8f2437b,,,
1326,6,2027-01 第6バッチ,農業交流ネットワーク,京都大学,文化系（音楽・演劇・アート）,,X/Instagram/Web,x,noko_net,https://x.com/noko_net,https://instagram.com/noko.net.official,https://noko-net.webnode.jp/about-us/,60,30,10,15,5,99,fa45e23b-8a26-4da4-9a2d-16ae44a85bef,,,
1327,6,2027-01 第6バッチ,美術部,大阪大学,文化系（音楽・演劇・アート）,,X/Instagram/Web,instagram,osaka._.uart,https://x.com/imaker_handai,https://instagram.com/osaka._.uart,https://www.osakac.ac.jp/campuslife/club/introduction/sct03_17.php,58,30,8,15,5,78,cf3fa77c-35be-4897-a7cf-4104cd1b0406,,,
1328,6,2027-01 第6バッチ,囲碁研究会,上智大学,趣味・その他,,X/Instagram/Web,x,sophia_igo_go,https://x.com/sophia_igo_go,https://instagram.com/sophia_igo_go,https://www.sports-tokyo-info.metro.tokyo.lg.jp/company/model_2020.html,62,30,17,10,5,161,c2a2df9a-b482-42fa-b7ff-2a20ce223d60,,,
1329,6,2027-01 第6バッチ,FOS,東京大学,趣味・その他,,X/Instagram/Web,x,wit,https://x.com/Wit,https://instagram.com/shibusawa,https://campus-map.jp/ut/club/389/,55,30,10,10,5,95,34a5d112-1f85-418b-9445-003609672f7a,,,
1330,6,2027-01 第6バッチ,三田文學塾生会,慶應義塾大学,趣味・その他,,X/Instagram/Web,x,jukusei_mb,https://x.com/jukusei_mb,https://instagram.com/jukushin_today,https://www.jukushin.com/archives/57636,70,30,25,10,5,237,2240e2da-9d89-4495-819f-b12b2a104cf3,,,
1331,6,2027-01 第6バッチ,東洋思想研究会,東北大学,学術・研究（ゼミ・研究会・勉強会）,21,X/Instagram/Web,x,toyo_teshiken,https://x.com/toyo_teshiken,https://instagram.com/tesiken_tesitesi,https://www.gakuyukai.ihe.tohoku.ac.jp/wp-content/uploads/2024/04/all_pamphlet_2024-1.pdf,57,30,7,10,10,65,ff6d52b3-4193-450f-bcbc-2e180c7c949a,,,
1332,6,2027-01 第6バッチ,ヤングバドミントン同好会,早稲田大学,運動系（スポーツ・アウトドア）,50,X,x,wybc0822,https://x.com/wybc0822,,,70,10,25,20,15,242,a1e7ca72-6087-4285-95bf-3c138b278c2b,,,
1333,6,2027-01 第6バッチ,アカペラサークルNoSeRA,北海道大学,文化系（音楽・演劇・アート）,,X/Instagram/Web,instagram,nosera_hokudai,https://x.com/FUTTO_KUN,https://instagram.com/nosera_hokudai,https://hubcnavi.net/noserahokudai_acappella,58,30,8,15,5,73,b784a083-d777-4074-805b-844237fcc8ee,,,
1334,6,2027-01 第6バッチ,九大祭実行委員会,九州大学,イベント・企画（インカレ・学園祭等）,,X/Web,x,kyudaisai,https://x.com/kyudaisai,,https://www.kyushu-u.ac.jp/f/45817/21_11_01_02.pdf,57,20,7,25,5,70,ae5d703d-7ccf-4854-9540-c3dc312f54b5,,,
1335,6,2027-01 第6バッチ,文芸サークル,名古屋大学,文化系（音楽・演劇・アート）,,X/Instagram/Web,x,meidaibungei,https://x.com/meidaibungei,https://instagram.com/popular,https://akasakura.komusou.jp/welcome.html,57,30,7,15,5,70,e161fe57-de98-4493-8a33-915e62fad7d9,,,
1336,6,2027-01 第6バッチ,柔道部(理工学部),慶應義塾大学,運動系（スポーツ・アウトドア）,,Instagram/Web,website,https://orientation.keio-zenkyo.net/circle2024-en/211,,https://instagram.com/popular,https://orientation.keio-zenkyo.net/circle2024-en/211,70,20,25,20,5,238,23427972-05eb-420a-918d-4a3e1436f3b5,,,
1337,6,2027-01 第6バッチ,落語研究会,早稲田大学,文化系（音楽・演劇・アート）,46,X/Web,x,waseda_rakugo,https://x.com/waseda_rakugo,,http://www.waseda-rakugo.org/,70,20,25,15,10,243,b9fd2ca7-af6a-415a-addf-c5d022984501,,,
1338,6,2027-01 第6バッチ,学生団体OVAL JAPAN,上智大学,学術・研究（ゼミ・研究会・勉強会）,,X/Instagram/Web,x,2021ovalsophia,https://x.com/2021ovalsophia,https://instagram.com/reels,https://campus-map.jp/ut/club/263/,62,30,17,10,5,162,c2aee55f-8bdb-4845-8140-152497b662f8,,,
1339,6,2027-01 第6バッチ,美術部,一橋大学,文化系（音楽・演劇・アート）,,X/Instagram/Web,x,h_t_art,https://x.com/h_t_art,https://instagram.com/hito_tsuda_art,https://campus-map.jp/hit/club/158/,58,30,8,15,5,78,fdd3f2d8-d9fe-4d64-8001-4edd03705c95,,,
1340,6,2027-01 第6バッチ,エレクトーンサークルKUES,京都大学,文化系（音楽・演劇・アート）,,X/Instagram/Web,x,kues_shinkan25,https://x.com/KUES_shinkan25,https://instagram.com/kues_info,http://kuesmembers.usamimi.info/articles/m0x63kqo-n/,60,30,10,15,5,100,fa92fbd0-cd8c-4eee-ba48-1a52a29972a3,,,
1341,6,2027-01 第6バッチ,シネマ研究会,慶應義塾大学,学術・研究（ゼミ・研究会・勉強会）,,X/Instagram/Web,x,keiocinema,https://x.com/keiocinema,https://instagram.com/keiocinema,https://keiocinemaproduction.studio.site/,70,30,25,10,5,239,23e1b473-97c2-4586-9534-b2b545055668,,,
1342,6,2027-01 第6バッチ,わせプロ,早稲田大学,イベント・企画（インカレ・学園祭等）,45,X,x,wasepro2021,https://x.com/wasepro2021,,,70,10,25,25,10,244,e2a508e0-2cf6-450e-a718-ca414920e095,,,
1343,6,2027-01 第6バッチ,フォークソングサークル,東京科学大学,文化系（音楽・演劇・アート）,,X/Instagram/Web,x,folksong_fsc,https://x.com/folksong_FSC,https://instagram.com/fsc_folksong,https://titech.info/circle/35,53,30,3,15,5,34,58bb516c-5542-4a5a-be17-23f371f36ba8,,,
1344,6,2027-01 第6バッチ,UTES,東京大学,趣味・その他,,X/Instagram/Web,x,utokyo_esports,https://x.com/UTokyo_Esports,https://instagram.com/utokyotechclub,http://utesports.jp/utes%E3%81%AB%E3%81%A4%E3%81%84%E3%81%A6/,55,30,10,10,5,96,4c282aa5-561f-4b34-bba2-dfa8cbdc1783,,,
1345,6,2027-01 第6バッチ,第２劇場,大阪大学,文化系（音楽・演劇・アート）,,X/Instagram/Web,x,dai2gekijo,https://x.com/dai2gekijo,https://instagram.com/dai2gekijo,http://dai2gekijo.net/,58,30,8,15,5,79,d174d286-525e-4237-90b6-45973988e91f,,,
1346,6,2027-01 第6バッチ,上智大学ドキュメンタリー研究会,上智大学,学術・研究（ゼミ・研究会・勉強会）,,X/Instagram/Web,instagram,bpro_sophia,https://x.com/viken_sophia,https://instagram.com/bpro_sophia,https://diversity-sustainability.sophia.ac.jp/information/,62,30,17,10,5,163,c3bd69e7-d999-44ab-acb5-8dd22b720a77,,,
1347,6,2027-01 第6バッチ,全塾ゼミナール委員会,慶應義塾大学,学術・研究（ゼミ・研究会・勉強会）,,X/Instagram/Web,x,zenjuku_keio,https://x.com/zenjuku_keio,https://instagram.com/zenjuku_keio,https://www.zenjuku-seminar.com/,70,30,25,10,5,240,25d15520-7db9-47f6-8aee-e9e6c6505dc8,,,
1348,6,2027-01 第6バッチ,KONA HAWAIIANS,早稲田大学,文化系（音楽・演劇・アート）,44,X/Instagram,x,kona_hawaiians,https://x.com/kona_hawaiians,https://instagram.com/kona_hawaiians,,70,20,25,15,10,245,47199fc7-8413-4ef0-8d26-3ded640312f7,,,
1349,6,2027-01 第6バッチ,剣道部,国際基督教大学,運動系（スポーツ・アウトドア）,40,Instagram/Web,instagram,icukendoclub,,https://instagram.com/icukendoclub,https://www.icu.ac.jp/campuslife/club/,54,20,4,20,10,36,6a71744c-e772-428d-b9fc-8d50a5ab2317,,,
1350,6,2027-01 第6バッチ,地域復興プロジェクトHARU,東北大学,ボランティア・NPO,,X/Instagram/Web,x,haru_tohoku,https://x.com/haru_tohoku,https://instagram.com/haru_tohoku.,https://www.haru-tohoku.org/about,57,30,7,15,5,66,1cbadcce-9576-44b4-931b-88b0c91e5b1c,,,
1351,6,2027-01 第6バッチ,ジャズ研究会,北海道大学,文化系（音楽・演劇・アート）,,X/Instagram/Web,x,hokudaijazz,https://x.com/HokudaiJazz,https://instagram.com/hokusei_jazz_,https://hokudaijazz.web.fc2.com/,58,30,8,15,5,74,b839c3dd-ecd0-4cae-a48e-578b6bddbb80,,,
1352,6,2027-01 第6バッチ,Ultimate Team HUSKIE,慶應義塾大学,趣味・その他,,X/Instagram/Web,instagram,keiosfc.huskies,https://x.com/Keio_Circle,https://instagram.com/keiosfc.huskies,https://circle.info-jukusei.com/%E3%82%B9%E3%83%9D%E3%83%BC%E3%83%84%E7%B3%BB/ultimate-team-huskies/,70,30,25,10,5,241,2f5832b5-3158-449d-8e8f-f69712b71bff,,,
1353,6,2027-01 第6バッチ,早稲田イルミネーションプロジェクト実行委員会,早稲田大学,イベント・企画（インカレ・学園祭等）,40,X,x,wip_kirakira,https://x.com/wip_kirakira,,,70,10,25,25,10,246,0016c6fd-a201-4e63-99f9-f532f586f304,,,
1354,6,2027-01 第6バッチ,体育会合気道部,上智大学,運動系（スポーツ・アウトドア）,,X/Instagram,x,sophia_aikido,https://x.com/sophia_aikido,https://instagram.com/sophia_aikido,,62,20,17,20,5,164,c4939123-7e79-42de-93e8-3d6d4098eecd,,,
1355,6,2027-01 第6バッチ,和太鼓華響,九州大学,文化系（音楽・演劇・アート）,,X/Instagram/Web,x,kyudai_wadaiko,https://x.com/kyudai_wadaiko,https://instagram.com/kyudai_wadaiko_kakyou,https://kyudaiwadaikokakyo.wixsite.com/kakyo,57,30,7,15,5,71,b34836fd-ed86-442d-b2a0-696e611ea248,,,
1356,6,2027-01 第6バッチ,ブルーグラスサークル,名古屋大学,文化系（音楽・演劇・アート）,,X/Instagram/Web,x,nu_bluegrass,https://x.com/nu_bluegrass,https://instagram.com/nu_bluegrass,https://sound.jp/nagoya_u_bluegrass/,57,30,7,15,5,71,e8672688-894f-474a-8f39-b31d89258bac,,,
1357,6,2027-01 第6バッチ,野生生物研究会,京都大学,学術・研究（ゼミ・研究会・勉強会）,70,X/Web,x,yaken_kyoto,https://x.com/yaken_kyoto,,https://www.kyoto-up.org/archives/11051,55,20,10,10,15,101,c0f94471-9317-4181-9b37-2006ec55a9de,,,
1358,6,2027-01 第6バッチ,籠人,一橋大学,趣味・その他,19,X/Instagram/Web,instagram,rohninshinkan2025,https://x.com/rohninshinkan23,https://instagram.com/rohninshinkan2025,https://campus-map.jp/hit/club/133/,53,30,8,10,5,79,e87984f5-a6e8-479e-bf2b-5907f270dcaa,,,
1359,6,2027-01 第6バッチ,東大VIKINGS,東京大学,趣味・その他,,X/Instagram/Web,instagram,vikings.u.tokyo,https://x.com/vikings_recruit,https://instagram.com/vikings.u.tokyo,https://campus-map.jp/ut/club/14/,55,30,10,10,5,97,6081ddd7-0f10-4ba6-b273-5e8082377ff5,,,
1360,6,2027-01 第6バッチ,鉄道研究会(理工学部),慶應義塾大学,趣味・その他,,X/Instagram/Web,instagram,keiorailwayclub,https://x.com/KeioRailwayClub,https://instagram.com/keiorailwayclub,https://www.env.go.jp/nature/onsen/pdf/list_250407.xlsx,70,30,25,10,5,242,3038e16c-d2d3-4cf3-9120-67c36133b578,,,
1361,6,2027-01 第6バッチ,早稲田大学バンザイ同盟,早稲田大学,イベント・企画（インカレ・学園祭等）,40,X,x,banzaidoumei,https://x.com/banzaidoumei,,,70,10,25,25,10,247,80cc1c8b-98b6-4998-a9ba-d8580694bb64,,,
1362,6,2027-01 第6バッチ,フロイントコール,大阪大学,文化系（音楽・演劇・アート）,,X/Instagram/Web,x,freundchor_2026,https://x.com/freundchor_2026,https://instagram.com/freund_chor,https://search.yahoo.co.jp/realtime/search/tweet/2030816327892668473?detail=1&ifr=tl_twdtl&rkf=1,58,30,8,15,5,80,d57d3423-c9e1-4380-be02-749a42cb8d96,,,
1363,6,2027-01 第6バッチ,上智大学エスペラント研究会,上智大学,国際交流・語学,,X/Web,x,esperantosophia,https://x.com/EsperantoSophia,,https://diversity-sustainability.sophia.ac.jp/efforts/853/,62,20,17,20,5,165,c65f68f5-5068-4a37-a1a0-e90aee10f4fd,,,
1364,6,2027-01 第6バッチ,KART,慶應義塾大学,趣味・その他,,X/Instagram/Web,website,https://www.unii.ac.jp/wp-content/uploads/2025/11/674c41533301eaffb9337747747987b7-1.pdf,https://x.com/keiokarutakai,https://instagram.com/keio_karutakai_official,https://www.unii.ac.jp/wp-content/uploads/2025/11/674c41533301eaffb9337747747987b7-1.pdf,70,30,25,10,5,243,30a93aa3-b623-40dc-aecb-8bd97563507f,,,
1365,6,2027-01 第6バッチ,クラシック弦楽合奏団,早稲田大学,文化系（音楽・演劇・アート）,40,X/Instagram,x,kuragenwaseda,https://x.com/kuragenwaseda,https://instagram.com/kuragen_waseda,,70,20,25,15,10,248,d238ec0b-e9b6-447b-a5a0-f4832fa9ab3e,,,
1366,6,2027-01 第6バッチ,クイズ研究会,京都大学,趣味・その他,3,X/Instagram/Web,x,mutius_kyoto,https://x.com/mutius_kyoto,https://instagram.com/mutius_kyoto,https://mutius.jimdofree.com/,55,30,10,10,5,102,1b26891a-b06e-4285-95bd-924b59269242,,,
1367,6,2027-01 第6バッチ,剣道部(医学部),慶應義塾大学,運動系（スポーツ・アウトドア）,,Instagram/Web,instagram,keio_med_kendo_club,,https://instagram.com/keio_med_kendo_club,https://keiomedathletes.wixsite.com/mysite/%E5%BD%B9%E5%93%A1%E7%B4%B9%E4%BB%8B,70,20,25,20,5,244,31be3fac-e2c8-40fe-9f43-a4563ca10852,,,
1368,6,2027-01 第6バッチ,新宿子ども会 KIDS,早稲田大学,ボランティア・NPO,37,X/Instagram,x,shinjukukids,https://x.com/Shinjukukids,https://instagram.com/shinjuku.kodomo.kids,,70,20,25,15,10,249,a2c7c870-c990-4739-b95f-a4178857e9ba,,,
1369,6,2027-01 第6バッチ,青法会,上智大学,趣味・その他,,X/Instagram/Web,x,seihoukai2021,https://x.com/seihoukai2021,https://instagram.com/seihoukai2026,https://sophia-law4.hatenablog.com/entry/sophia_study_club,62,30,17,10,5,166,cba55c54-c492-4343-9e1e-4c896a6016c8,,,
1370,6,2027-01 第6バッチ,フォークソング研究会,北海道大学,文化系（音楽・演劇・アート）,,X/Instagram/Web,x,hokudaifken,https://x.com/hokudaifken,https://instagram.com/hokudaifken,https://hubcnavi.net/hokudaifken,58,30,8,15,5,75,bc9379d0-c68a-4de4-8a5b-43d869e11aee,,,
1371,6,2027-01 第6バッチ,FOCUS,一橋大学,趣味・その他,,X/Instagram/Web,x,2022focus_,https://x.com/2022FOCUS_,https://instagram.com/focus_2023_shinkan,https://campus-map.jp/hit/club/104/,53,30,8,10,5,80,0a9115c0-8b5b-4998-aa83-749fc1254e98,,,
1372,6,2027-01 第6バッチ,東京大学法科大学院 法律実務研究サークル,東京大学,学術・研究（ゼミ・研究会・勉強会）,,X/Instagram/Web,x,utsltix,https://x.com/utsltix,https://instagram.com/utokyo_lre,https://www.itojuku.co.jp/shiken/shihou/feature/univ01/tokyo.html,55,30,10,10,5,98,731184dd-6467-470f-9316-0d24884cc0ef,,,
1373,6,2027-01 第6バッチ,クラシック音楽研究会,東北大学,文化系（音楽・演劇・アート）,,X/Instagram/Web,x,tu_cla_ken,https://x.com/tu_cla_ken,https://instagram.com/tuclaken,https://www.gakuyukai.ihe.tohoku.ac.jp/club/%E3%82%AF%E3%83%A9%E3%82%B7%E3%83%83%E3%82%AF%E9%9F%B3%E6%A5%BD%E7%A0%94%E7%A9%B6%E4%BC%9A/,57,30,7,15,5,67,2912fcc1-2897-4e55-817f-e6767cd99130,,,
1374,6,2027-01 第6バッチ,ピアノの会,九州大学,文化系（音楽・演劇・アート）,,X/Instagram/Web,x,9q_piano,https://x.com/9Q_piano,https://instagram.com/9q_piano,http://kyudaicircle.club/c030_qpiano/,57,30,7,15,5,72,b4f13d30-fa89-44c0-afcb-bf16771e776b,,,
1375,6,2027-01 第6バッチ,箏曲部,名古屋大学,文化系（音楽・演劇・アート）,,X/Instagram/Web,x,soukyoku_nu,https://x.com/soukyoku_nu,https://instagram.com/nagoya.univ_soukyoku,https://www.nua.ac.jp/teacher/detail/20174139.html,57,30,7,15,5,72,f0f34535-f777-4936-b3c9-cced59938570,,,
1376,6,2027-01 第6バッチ,全塾協議会中央機関,慶應義塾大学,趣味・その他,,X/Instagram/Web,website,https://www.keio-zenkyo.net/,https://x.com/keio_zenkyo,https://instagram.com/keio_zenkyo,https://www.keio-zenkyo.net/,70,30,25,10,5,245,32bccc6a-c5a8-46e7-9065-8521a9b857b6,,,
1377,6,2027-01 第6バッチ,早稲田うたおう会,早稲田大学,文化系（音楽・演劇・アート）,34,X/Instagram,x,weareutaoukai,https://x.com/weareutaoukai,https://instagram.com/weareutaoukai,,70,20,25,15,10,250,6f4f1ebc-9e12-42a8-8b64-acfc69b38f2d,,,
1378,6,2027-01 第6バッチ,阪大ピアノの会,大阪大学,文化系（音楽・演劇・アート）,,X/Instagram/Web,instagram,handai_piano,https://x.com/nupc_jp,https://instagram.com/handai_piano,https://handai-piano.org/,58,30,8,15,5,81,d8d0ee9a-b9ec-477d-84ed-14f5aa8dc6cd,,,
1379,6,2027-01 第6バッチ,Lupine,上智大学,趣味・その他,,X/Instagram/Web,instagram,sophia_lupine,https://x.com/sophia_lupine,https://instagram.com/sophia_lupine,https://lit.link/coverdancelupine,62,30,17,10,5,167,ce5168e8-2351-4fb1-b52d-e8ad1f1dd787,,,
1380,6,2027-01 第6バッチ,奇術研究会,京都大学,趣味・その他,,X/Instagram/Web,x,kyodai_magic,https://x.com/kyodai_magic,https://instagram.com/kuma_kyodaimagic,https://passmarket.yahoo.co.jp/event/show/detail/029zi6mn8ep21.html,55,30,10,10,5,103,0e02c4fb-cb44-49c3-b04b-17cd5d0a2b41,,,
1381,6,2027-01 第6バッチ,S.A.L.,慶應義塾大学,趣味・その他,,X/Instagram/Web,instagram,sal_shinkan,https://x.com/sal_keio,https://instagram.com/sal_shinkan,https://www.salkeio.com/celca-aboutus,70,30,25,10,5,246,33fd0bb3-87b1-49ba-8dc0-89badd5181bc,,,
1382,6,2027-01 第6バッチ,詩人会,早稲田大学,文化系（音楽・演劇・アート）,33,X/Web,x,w_shijin,https://x.com/w_shijin,,https://note.com/waseda_shijinkai/,70,20,25,15,10,251,7a35f536-b194-40e4-9552-5d866f21e346,,,
1383,6,2027-01 第6バッチ,裏千家茶道部,東京科学大学,文化系（音楽・演劇・アート）,,X/Instagram/Web,instagram,tokodaisado,https://x.com/otc,https://instagram.com/tokodaisado,https://titech.info/circle/46,53,30,3,15,5,35,747178ce-8db0-4c81-b720-33687271256b,,,
1384,6,2027-01 第6バッチ,東京大学仏教青年会,東京大学,学術・研究（ゼミ・研究会・勉強会）,,X/Instagram/Web,x,toyouniv_ymba,https://x.com/ToyoUniv_ymba,https://instagram.com/toyouniv_ymba,https://www.ehonnavi.net/author.asp?n=109948&srsltid=AfmBOoqKNDmj55fTOK77fznu6bpmNBbRLeLKxLrvSwl5ySbbqjGbKMQU,55,30,10,10,5,99,7b33efa4-0f24-423a-b94a-2571e93f7fab,,,
1385,6,2027-01 第6バッチ,Modern Music Troop （MMT）,早稲田大学,文化系（音楽・演劇・アート）,30,X/Web,x,modern_music_t,https://x.com/modern_music_t,,https://modernmusictr00p.bandcamp.com/,70,20,25,15,10,252,cc5ce1c1-0f22-4ddc-8934-cd618d2e56db,,,
1386,6,2027-01 第6バッチ,Sophia Start-up Club(SSC),上智大学,趣味・その他,,X/Instagram/Web,x,sophia_startup,https://x.com/Sophia_Startup,https://instagram.com/sophia_startup_club,https://gakusei-media.tomosuba.jp/tag/sophia-start-up-club/,62,30,17,10,5,168,ce8e7183-822f-4c23-94a4-addc727f69be,,,
1387,6,2027-01 第6バッチ,奇術愛好会,慶應義塾大学,趣味・その他,,X/Instagram/Web,x,kmsorien,https://x.com/kmsorien,https://instagram.com/keio_magic.kms,https://www.keiomagicianssociety.com/,70,30,25,10,5,247,35e6844d-0496-443a-8fc5-3aa75aad8974,,,
1388,6,2027-01 第6バッチ,サイクリング部,国際基督教大学,運動系（スポーツ・アウトドア）,40,X/Web,x,icucharibu,https://x.com/icucharibu,,https://www.icu.ac.jp/campuslife/club/,54,20,4,20,10,37,78ba90dd-659d-4a00-b3cb-fb55a4529f0d,,,
1389,6,2027-01 第6バッチ,ゆびっこ,一橋大学,趣味・その他,,X/Instagram/Web,x,ybkshinkann,https://x.com/ybkshinkann,https://instagram.com/yubikkosinkann,https://site.twstalker.com/ybkshinkann,53,30,8,10,5,81,0eb4d90c-b923-4c8c-9f61-043eca7bb9f1,,,
1390,6,2027-01 第6バッチ,書道部,北海道大学,文化系（音楽・演劇・アート）,,X/Instagram/Web,x,syodohokkaidou,https://x.com/syodoHokkaidoU,https://instagram.com/hokudai_shodo,https://hubcnavi.net/hokudai_shodo,58,30,8,15,5,76,c1e1bd84-fa1d-47b3-81f8-61e99c248914,,,
1391,6,2027-01 第6バッチ,剣舞道サークル,九州大学,文化系（音楽・演劇・アート）,,X/Instagram/Web,x,kyudai_kenbudo,https://x.com/Kyudai_Kenbudo,https://instagram.com/kyudaikenbudo,https://kikin.kyushu-u.ac.jp/info/news/view.php?page=2&r_search=&r_division=1&cId=1995,57,30,7,15,5,73,b8b603d9-8249-4743-8443-133347812a05,,,
1392,6,2027-01 第6バッチ,アカペラサークル JP-act,名古屋大学,文化系（音楽・演劇・アート）,,X/Instagram/Web,x,jpact_acappella,https://x.com/JPact_acappella,https://instagram.com/jp_nagoya_acappella,http://jp-act.jp/,57,30,7,15,5,73,f82f3751-b91b-4224-bcb3-0a4f0f427b6c,,,
1393,6,2027-01 第6バッチ,ギタークラブ,早稲田大学,文化系（音楽・演劇・アート）,29,X/Instagram,x,waseda_gitakura,https://x.com/waseda_gitakura,https://instagram.com/wasedagitakura,,70,20,25,15,10,253,15ff4be5-cd78-4ce1-a1ed-652edd04dba1,,,
1394,6,2027-01 第6バッチ,十八人会,慶應義塾大学,趣味・その他,,X/Instagram/Web,instagram,18_members,https://x.com/Keio_Circle,https://instagram.com/18_members,https://circle.info-jukusei.com/%E5%AD%A6%E8%A1%93%E3%83%BB%E6%96%87%E5%8C%96%E7%B3%BB/%E5%8D%81%E5%85%AB%E4%BA%BA%E4%BC%9A18%E3%80%81%E5%8D%81%E5%85%AB%E4%BA%BA%E3%80%8118%E4%BA%BA/,70,30,25,10,5,248,363f2886-4057-4bbf-b347-0ef6b9c1083c,,,
1395,6,2027-01 第6バッチ,お笑いサークルGYUTAN,東北大学,文化系（音楽・演劇・アート）,,X/Instagram/Web,x,gyutanowarai,https://x.com/GyutanOwarai,https://instagram.com/tohoku_gyutan,https://tohoku.2024.giving-campaign.jp/groups?id=4f6827df-2008-4559-9c43-2f0f42ffc11d,57,30,7,15,5,68,2a490e0c-ad92-4192-ad79-d33424bf6276,,,
1396,6,2027-01 第6バッチ,スキー同好会スノーパンサー,京都大学,運動系（スポーツ・アウトドア）,,X/Web,x,kandemo43th,https://x.com/kandemo43th,,https://kintaroski-1971.jimdofree.com/link/,55,20,10,20,5,104,1666180d-e4eb-4d14-9e1c-b91a9ac9a888,,,
1397,6,2027-01 第6バッチ,叡剣会,上智大学,趣味・その他,,X/Instagram/Web,x,sophiaspochan,https://x.com/sophiaspochan,https://instagram.com/sophia_spochan,https://www.gakuseichanbara.com/sophiaeiken-1,62,30,17,10,5,169,cfc2d18b-2841-403d-a9ce-e7e9082067e9,,,
1398,6,2027-01 第6バッチ,合唱団TEMPEST,大阪大学,文化系（音楽・演劇・アート）,,X/Instagram/Web,x,handaitempest,https://x.com/HandaiTEMPEST,https://instagram.com/handaitempest,http://tempestchoir.stars.ne.jp/,58,30,8,15,5,82,df3ffb55-b5ca-48b5-81a2-4498d1af7287,,,
1399,6,2027-01 第6バッチ,早稲田大学筝曲研究会,早稲田大学,文化系（音楽・演劇・アート）,28,X/Web,x,souken_w,https://x.com/souken_w,,http://soukenwaseda.web.fc2.com/,70,20,25,15,10,254,e6a01c57-864d-4031-9fc4-18eafe3723fa,,,
1400,6,2027-01 第6バッチ,シネマプラザ,慶應義塾大学,趣味・その他,,X/Instagram/Web,x,cinemaplaza_k,https://x.com/cinemaplaza_k,https://instagram.com/keiocinema_production,https://circle.info-jukusei.com/%E5%AD%A6%E8%A1%93%E3%83%BB%E6%96%87%E5%8C%96%E7%B3%BB/%E3%82%B7%E3%83%8D%E3%83%9E%E3%83%97%E3%83%A9%E3%82%B6-2/,70,30,25,10,5,249,368753e4-a8a8-4124-8f73-ce040fc4e6c3,,,
1401,,"（1,400件の対象外・claim率が良ければ追加）",ア式蹴球部女子,東京大学,運動系（スポーツ・アウトドア）,,X/Instagram,x,utashiki_women,https://x.com/utashiki_women,https://instagram.com/utashiki_women,,55,20,10,20,5,100,7f5c89b7-3fca-459b-8b08-95c6165b189c,,,
1402,,"（1,400件の対象外・claim率が良ければ追加）",稲吟会,早稲田大学,文化系（音楽・演劇・アート）,25,X/Web,x,touginkai,https://x.com/touginkai,,https://ameblo.jp/toginkai/,70,20,25,15,10,255,cc90d73c-a6d5-412b-ac3e-84c9a2c59656,,,
1403,,"（1,400件の対象外・claim率が良ければ追加）",体育会スキー部,上智大学,運動系（スポーツ・アウトドア）,,X/Instagram,x,arcadia_ski,https://x.com/ARCADIA_SKI,https://instagram.com/sophia_ski_team,,62,20,17,20,5,170,d500eead-d1f9-4cb0-bb15-8af481f43187,,,
1404,,"（1,400件の対象外・claim率が良ければ追加）",STEPS Musical Company,慶應義塾大学,趣味・その他,,X/Instagram/Web,x,stepsmc,https://x.com/stepsmc,https://instagram.com/steps_mc,http://www.stepsmc.com/,70,30,25,10,5,250,37632764-2d59-4d98-bfcb-39e97e1d798a,,,
1405,,"（1,400件の対象外・claim率が良ければ追加）",一橋創作同好会,一橋大学,趣味・その他,,X/Instagram/Web,x,hitosoudou,https://x.com/hitosoudou,https://instagram.com/iok_hit_u,https://hitosoudou.wixsite.com/hitosoudou,53,30,8,10,5,82,10afc9f7-ab10-4d3d-9e22-ffbb68dd002d,,,
1406,,"（1,400件の対象外・claim率が良ければ追加）",スカッシュラケットクラブ,北海道大学,文化系（音楽・演劇・アート）,,X/Instagram/Web,x,squash_hokudai,https://x.com/squash_hokudai,https://instagram.com/squash.hokudai,https://hubcnavi.net/squashracket,58,30,8,15,5,77,c307a490-0015-48d0-9a78-f07b5b65549e,,,
1407,,"（1,400件の対象外・claim率が良ければ追加）",心茶会,京都大学,趣味・その他,,X/Instagram/Web,x,shinya115419,https://x.com/shinya115419,https://instagram.com/shiseikai_doshisha,https://shinchakai.main.jp/,55,30,10,10,5,105,17bb15ec-2830-46cf-9e9f-d1acbbb2159f,,,
1408,,"（1,400件の対象外・claim率が良ければ追加）",早稲田大学アンサンブルギタール,早稲田大学,文化系（音楽・演劇・アート）,24,X/Instagram/LINE,x,w_guitare,https://x.com/w_guitare,https://instagram.com/ensemble_guitare,,70,20,25,15,10,256,8586b585-3b5b-4d46-82a3-a0f65ef42983,,,
1409,,"（1,400件の対象外・claim率が良ければ追加）",Dancing Crew JADE,慶應義塾大学,趣味・その他,,X/Instagram/Web,x,dancingcrewjade,https://x.com/dancingcrewjade,https://instagram.com/jadeshinkan2025,https://keiojade.jimdofree.com/,70,30,25,10,5,251,39d1a53c-6547-4ecd-ad52-a6a3617e9747,,,
1410,,"（1,400件の対象外・claim率が良ければ追加）",タップダンスサークル,九州大学,文化系（音楽・演劇・アート）,,X/Instagram/Web,x,quniv_tap,https://x.com/Quniv_tap,https://instagram.com/quniv_tap,https://fcaf.jp/program/detail.php?id=1354,57,30,7,15,5,74,ba13d930-6d8f-4bc9-bc44-571739ccdcd4,,,
1411,,"（1,400件の対象外・claim率が良ければ追加）",アマチュア無線研究会,名古屋大学,学術・研究（ゼミ・研究会・勉強会）,,X/Instagram/Web,x,ja2yka,https://x.com/ja2yka,https://instagram.com/ja2yka,http://pr.ja2yka.org/recruit.html,52,30,7,10,5,74,0bcf4cf6-7498-432c-8cb7-152f2f756306,,,
1412,,"（1,400件の対象外・claim率が良ければ追加）",Sophia Racing,上智大学,趣味・その他,,X/Instagram/Web,x,_sophiaracing_,https://x.com/_sophiaracing_,https://instagram.com/sophiaracing,https://www.sophiaracing.com/,62,30,17,10,5,171,d7ab9066-5321-4ddd-bdaf-a41f0449d121,,,
1413,,"（1,400件の対象外・claim率が良ければ追加）",創作人形劇団せせくらせ,大阪大学,文化系（音楽・演劇・アート）,,X/Instagram/Web,x,sesekurase,https://x.com/sesekurase,https://instagram.com/sesekurase,https://twstalker.com/sesekurase,58,30,8,15,5,83,e5cf4d58-5cc9-4fc0-9a88-cbb75ef7782c,,,
1414,,"（1,400件の対象外・claim率が良ければ追加）",ボランティアサークル たなぼた,東北大学,ボランティア・NPO,,X/Instagram/Web,x,tanabota_tohoku,https://x.com/tanabota_tohoku,https://instagram.com/tanabotatohoku6,https://www.tohoku.ac.jp/japanese/studentinfo/studentlife/02/studentlife0201/dantaiichiran.pdf,57,30,7,15,5,69,2e9ee2ee-93c1-421a-a9c9-80666d70ca3b,,,
1415,,"（1,400件の対象外・claim率が良ければ追加）",ベトナム人留学生会,東京大学,国際交流・語学,,Instagram/Web,instagram,wsu_vsa,,https://instagram.com/wsu_vsa,https://cuc.repo.nii.ac.jp/record/2000347/files/%E5%8D%83%E8%91%89%E5%95%86%E5%A4%A7%E8%AB%96%E5%8F%A2%E7%AC%AC62%E5%B7%BB%E7%AC%AC3%E5%8F%B7%E5%85%A81%E5%86%8A.pdf,55,20,10,20,5,101,988f9c22-c346-475e-a16f-5d26d5f4d24f,,,
1416,,"（1,400件の対象外・claim率が良ければ追加）",早稲田大学宝生会,早稲田大学,文化系（音楽・演劇・アート）,24,X/Instagram,x,w_houshoukai,https://x.com/w_houshoukai,https://instagram.com/waseda_noh_housho,,70,20,25,15,10,257,bae6fa20-0250-4ff3-b745-c2402c1644d0,,,
1417,,"（1,400件の対象外・claim率が良ければ追加）",ウインドサーフィン部,慶應義塾大学,運動系（スポーツ・アウトドア）,,X/Instagram,x,windsurfingkeio,https://x.com/windsurfingkeio,https://instagram.com/keio_windsurfing_official,,70,20,25,20,5,252,3b204210-bf83-4e19-9a16-64c8dec2907c,,,
1418,,"（1,400件の対象外・claim率が良ければ追加）",観世会,早稲田大学,文化系（音楽・演劇・アート）,22,X/Web,x,waseda_kwanze,https://x.com/waseda_kwanze,,https://wasedakwanze.com/,70,20,25,15,10,258,fadf2e02-1e5e-4041-a033-c2da9e5a4be0,,,
1419,,"（1,400件の対象外・claim率が良ければ追加）",危ノ丸文学研究会,上智大学,学術・研究（ゼミ・研究会・勉強会）,,X/Instagram/Web,x,ablit2022,https://x.com/ablit2022,https://instagram.com/ablit_2022,https://www.jbaseattle.org/whatsnew,62,30,17,10,5,172,d7f5ed73-e750-4888-9f23-a65ecb5efffc,,,
1420,,"（1,400件の対象外・claim率が良ければ追加）",軟式野球部(理工学部),慶應義塾大学,運動系（スポーツ・アウトドア）,,X/Instagram,x,keio_yagami_bbc,https://x.com/keio_yagami_bbc,https://instagram.com/st.keio_nanshiki,,70,20,25,20,5,253,3d08d1a5-c040-4738-86d7-986141dea7d2,,,
1421,,"（1,400件の対象外・claim率が良ければ追加）",京都着物企画,京都大学,趣味・その他,,X/Instagram/Web,x,decovegecafe,https://x.com/decovegecafe,https://instagram.com/kimonokikaku,https://kyotokimonokikaku.wixsite.com/kimokika,55,30,10,10,5,106,1a6dbb87-e644-4574-ad3e-761eef257048,,,
1422,,"（1,400件の対象外・claim率が良ければ追加）",映画研究部,東京科学大学,文化系（音楽・演劇・アート）,,X/Instagram/Web,x,eiga_ken2026,https://x.com/eiga_ken2026,https://instagram.com/movie_titech,https://titech.info/circle/42,53,30,3,15,5,36,75ec047d-8ba7-4125-bc6a-f02f85de73ac,,,
1423,,"（1,400件の対象外・claim率が良ければ追加）",Do!TennisTeam,一橋大学,趣味・その他,,X/Instagram/Web,x,2022dotennis,https://x.com/2022DoTennis,https://instagram.com/do.t.t_2023,https://dotenniskouhou.wixsite.com/website/do,53,30,8,10,5,83,3b57c299-1666-4be3-9b57-3364d5be1e4a,,,
1424,,"（1,400件の対象外・claim率が良ければ追加）",ディベート部,国際基督教大学,学術・研究（ゼミ・研究会・勉強会）,40,X/Instagram/Web,x,icu_ds,https://x.com/ICU_DS,https://instagram.com/icudscabinet,https://www.icu.ac.jp/campuslife/club/,54,30,4,10,10,38,7cb9c5a7-8f6b-4607-aefe-b56a46d710f0,,,
1425,,"（1,400件の対象外・claim率が良ければ追加）",ハーモニカ・ソサィアティ,早稲田大学,文化系（音楽・演劇・アート）,21,X/Web,x,wasehamo,https://x.com/wasehamo,,https://wasehamo.com/,70,20,25,15,10,259,c140481f-f208-4543-a3d9-d56e920ef213,,,
1426,,"（1,400件の対象外・claim率が良ければ追加）",文芸部,北海道大学,文化系（音楽・演劇・アート）,,X/Instagram/Web,x,hoku_bun,https://x.com/hoku_bun,https://instagram.com/hokubun_,https://www.hokudaishinbun.com/2024/06/22/8928/,58,30,8,15,5,78,c4c0815b-5acb-47ea-b14c-b77bd488aa83,,,
1427,,"（1,400件の対象外・claim率が良ければ追加）",Beatles研究会,慶應義塾大学,学術・研究（ゼミ・研究会・勉強会）,,X/Instagram/Web,x,keiobeatles,https://x.com/keiobeatles,https://instagram.com/beatles_keio,https://info-jukusei.com/keio_beatles/,70,30,25,10,5,254,41b11400-01de-482b-8183-5210bc742e41,,,
1428,,"（1,400件の対象外・claim率が良ければ追加）",+Re:,上智大学,趣味・その他,,X/Instagram/Web,website,https://diversity-sustainability.sophia.ac.jp/efforts/1347/,https://x.com/notion_sophia,https://instagram.com/purari_for_sophia,https://diversity-sustainability.sophia.ac.jp/efforts/1347/,62,30,17,10,5,173,d8afa71e-1464-4bee-a73c-19549393bd73,,,
1429,,"（1,400件の対象外・claim率が良ければ追加）",東大みかん愛好会,東京大学,趣味・その他,,X/Instagram/Web,x,mikanclub1139,https://x.com/mikanclub1139,https://instagram.com/mikanfanclub,https://campus-map.jp/ut/club/9/,55,30,10,10,5,102,98d7e8f5-f3ad-4d1c-a836-f9c903da49f7,,,
1430,,"（1,400件の対象外・claim率が良ければ追加）",書道部,大阪大学,文化系（音楽・演劇・アート）,,X/Instagram/Web,x,soraue4kai,https://x.com/soraue4kai,https://instagram.com/osaka_u.shodo,https://handaisyokai.wixsite.com/my-site/post/%E5%A4%A7%E9%98%AA%E5%A4%A7%E5%AD%A6%E6%9B%B8%E9%81%93%E9%83%A8,58,30,8,15,5,84,e92d19ff-23bf-44e3-adaa-576dd0648603,,,
1431,,"（1,400件の対象外・claim率が良ければ追加）",音楽鑑賞部,九州大学,文化系（音楽・演劇・アート）,,X/Instagram/Web,x,onkan_212,https://x.com/onkan_212,https://instagram.com/onkan_2025,https://www.design.kyushu-u.ac.jp/topics/24726/,57,30,7,15,5,75,bda8005e-f604-493e-aa80-c455f9b17173,,,
1432,,"（1,400件の対象外・claim率が良ければ追加）",ボート部,名古屋大学,運動系（スポーツ・アウトドア）,,X/Instagram,x,meidairowing,https://x.com/meidairowing,https://instagram.com/meidai.rowingshinkan,,52,20,7,20,5,75,36288c8b-d1cc-425c-b11a-acb5fa3d7933,,,
1433,,"（1,400件の対象外・claim率が良ければ追加）",学生 NGO EST,早稲田大学,ボランティア・NPO,21,X/Instagram,x,est_ngo,https://x.com/EST_ngo,https://instagram.com/est_waseda,,70,20,25,15,10,260,e71c9878-6e4e-4113-80d5-ad816f4060c7,,,
1434,,"（1,400件の対象外・claim率が良ければ追加）",声優研究会,慶應義塾大学,趣味・その他,,X/Instagram/Web,x,keio_seiken,https://x.com/keio_seiken,https://instagram.com/kbs_keio,https://circle.info-jukusei.com/%E3%82%A4%E3%83%99%E3%83%B3%E3%83%88%E7%B3%BB/%E3%81%93%E3%81%88%E3%81%91%E3%82%93%EF%BC%81%E3%82%A2%E3%83%8B%E3%83%A1%E5%A3%B0%E5%84%AA%E7%A0%94%E7%A9%B6%E4%BC%9A/,70,30,25,10,5,255,442119d8-be4a-48f4-bd0a-9a8466b21471,,,
1435,,"（1,400件の対象外・claim率が良ければ追加）",アウトドア同好会,東北大学,文化系（音楽・演劇・アート）,,X/Instagram/Web,instagram,jishinkai_tohoku,https://x.com/jishinkai,https://instagram.com/jishinkai_tohoku,https://www.tohoku.ac.jp/japanese/studentinfo/studentlife/02/studentlife0201/dantaiichiran.pdf,57,30,7,15,5,70,68e44299-d463-4d74-ae7c-62c3c260a880,,,
1436,,"（1,400件の対象外・claim率が良ければ追加）",機械研究会,京都大学,学術・研究（ゼミ・研究会・勉強会）,,X/Instagram/Web,x,kukikaiken_sk,https://x.com/KUkikaiken_SK,https://instagram.com/__d.u.f.p,https://kikaiken.org/,55,30,10,10,5,107,1ab81abc-dff1-4232-8624-d85a16d4e885,,,
1437,,"（1,400件の対象外・claim率が良ければ追加）",演劇倶楽部,早稲田大学,文化系（音楽・演劇・アート）,20,X/Web,x,waseda_enkura,https://x.com/waseda_enkura,,https://enkurasite2020.wixsite.com/enkura,70,20,25,15,10,261,9b415bfa-502b-4b9e-aad5-59868ab14ba5,,,
1438,,"（1,400件の対象外・claim率が良ければ追加）",Deutscher Ring,上智大学,趣味・その他,,X/Instagram/Web,x,so_d_ring,https://x.com/so_d_ring,https://instagram.com/tandem_circle,https://diversity-sustainability.sophia.ac.jp/efforts/1572/,62,30,17,10,5,174,daf37868-f886-4391-803f-c40c83790e02,,,
1439,,"（1,400件の対象外・claim率が良ければ追加）",バロニィテニスクラブ,慶應義塾大学,運動系（スポーツ・アウトドア）,,X/Web,website,https://www.crich-media.com/keio/circle/39,https://x.com/keio_fed,,https://www.crich-media.com/keio/circle/39,70,20,25,20,5,256,4896d7fc-df60-4a23-9fe7-e28feb2cf752,,,
1440,,"（1,400件の対象外・claim率が良ければ追加）",JOINUS,一橋大学,趣味・その他,,X/Instagram/Web,x,joinus_shinkan,https://x.com/joinus_shinkan,https://instagram.com/joinus_shinkan,https://ww.twstalker.com/JOINUS38th,53,30,8,10,5,84,3b7fa861-67b9-480f-ae77-78109e60c640,,,
1441,,"（1,400件の対象外・claim率が良ければ追加）",iGEM - Waseda,早稲田大学,学術・研究（ゼミ・研究会・勉強会）,18,X/Instagram/Web,x,wasedaigem,https://x.com/Wasedaigem,https://instagram.com/igemwaseda,https://igem-waseda.netlify.app/,70,30,25,10,5,262,9224600b-5ce7-4235-ab67-bd21f97676d7,,,
1442,,"（1,400件の対象外・claim率が良ければ追加）",東京大学大学院 情報学環教育部 自治会,東京大学,学術・研究（ゼミ・研究会・勉強会）,,X/Instagram/Web,x,iii_edu,https://x.com/iii_edu,https://instagram.com/toudai_info,https://www.akaruisenkyo.or.jp/wp/wp-content/uploads/2017/04/vo34.pdf,55,30,10,10,5,103,a54b6efe-08dd-44dc-a23f-da2a240b4cac,,,
1443,,"（1,400件の対象外・claim率が良ければ追加）",Anfield.F.C.,慶應義塾大学,趣味・その他,,X/Instagram/Web,x,audacefc,https://x.com/AudaceFc,https://instagram.com/keio_anfi_2024,https://be4do.com/column/6122/,70,30,25,10,5,257,4fef807d-fc29-457c-8f0c-87702892ac57,,,
1444,,"（1,400件の対象外・claim率が良ければ追加）",オリエンテーリングクラブ,北海道大学,文化系（音楽・演劇・アート）,,X/Instagram/Web,x,hokuolc_shinkan,https://x.com/hokuolc_shinkan,https://instagram.com/hokuolc_shinkan,https://dormy-hokkaido.com/pickup/hokudaikounin-bukatsu/,58,30,8,15,5,79,c7a152f2-ce3e-4767-ba7c-dbff724876d3,,,
1445,,"（1,400件の対象外・claim率が良ければ追加）",上智大学あるこう会,上智大学,学術・研究（ゼミ・研究会・勉強会）,,X/Instagram/Web,website,https://mixi.jp/view_community.pl?id=563300,https://x.com/arukou_info,https://instagram.com/arukou_sophia,https://mixi.jp/view_community.pl?id=563300,62,30,17,10,5,175,dbef3bea-5658-4c1a-98d0-aba034c4972a,,,
1446,,"（1,400件の対象外・claim率が良ければ追加）",吹奏楽団,大阪大学,文化系（音楽・演劇・アート）,,X/Instagram/Web,x,ouwo_handai,https://x.com/OUWO_handai,https://instagram.com/hanstagram_ouwo,https://www.osakac.ac.jp/campuslife/club/introduction/sct03_1.php,58,30,8,15,5,85,eadc65da-646b-4f66-8b1f-74f6609e5f15,,,
1447,,"（1,400件の対象外・claim率が良ければ追加）",ﾌﾗﾒﾝｺ集団 iVAMOS!,早稲田大学,運動系（スポーツ・アウトドア）,8,X/Instagram,x,vamos_flamenco,https://x.com/vamos_flamenco,https://instagram.com/vamos_flamenco,,70,20,25,20,5,263,ff656c82-6c08-4de9-a2be-b0d64d6d2515,,,
1448,,"（1,400件の対象外・claim率が良ければ追加）",CROSS STITCH,京都大学,趣味・その他,,X/Instagram/Web,x,cross_stitch_ku,https://x.com/cross_stitch_ku,https://instagram.com/cross_stitch_ku,https://lit.link/crossstitchku,55,30,10,10,5,108,1cb7ad51-6025-49d9-a49c-a543f3abd6fa,,,
1449,,"（1,400件の対象外・claim率が良ければ追加）",スティーラーズゴルフクラブ,慶應義塾大学,運動系（スポーツ・アウトドア）,,X/Instagram,instagram,keio_steelers,https://x.com/steelersdesu,https://instagram.com/keio_steelers,,70,20,25,20,5,258,507963ba-965c-4a3c-b2cb-7f3e0b91a1af,,,
1450,,"（1,400件の対象外・claim率が良ければ追加）",放送研究会,九州大学,メディア・出版,,X/Instagram/Web,x,circle2025_0059,https://x.com/circle2025_0059,https://instagram.com/kyudai_housou,https://kubcradio.jimdofree.com/%E6%96%B0%E6%AD%932024/,57,30,7,15,5,76,c1cfe1d3-f1ce-4fcb-969f-384d68694dd5,,,
1451,,"（1,400件の対象外・claim率が良ければ追加）",卓球部,名古屋大学,運動系（スポーツ・アウトドア）,,X/Instagram,x,nuttc_bot,https://x.com/nuttc_bot,https://instagram.com/numttc,,52,20,7,20,5,76,390b7dd2-74a4-4456-81dc-cd2549382dad,,,
1452,,"（1,400件の対象外・claim率が良ければ追加）",全国早稲田学生会連盟,早稲田大学,趣味・その他,1000,X,x,zensoren,https://x.com/zensoren,,,65,10,25,10,20,264,8e8fb248-11d9-44d4-91b0-cda429a15109,,,
1453,,"（1,400件の対象外・claim率が良ければ追加）",Good on,上智大学,趣味・その他,,X/Instagram/Web,x,sophia_goodon,https://x.com/sophia_goodon,https://instagram.com/sophia_goodon,https://jp.linkedin.com/in/anna-petek,62,30,17,10,5,176,e110fc24-402b-4edb-8519-a446a164656e,,,
1454,,"（1,400件の対象外・claim率が良ければ追加）",ヨット部,慶應義塾大学,運動系（スポーツ・アウトドア）,,Instagram/Web,website,https://keiozuyo1955.jimdofree.com/,,https://instagram.com/keio_cruising_club,https://keiozuyo1955.jimdofree.com/,70,20,25,20,5,259,54c57d86-889d-4273-8256-68cd2b3945b4,,,
1455,,"（1,400件の対象外・claim率が良ければ追加）",軽音楽部フォークソング研究会,東北大学,文化系（音楽・演劇・アート）,,X/Instagram/Web,x,tohokufken,https://x.com/TohokuFken,https://instagram.com/tgu_fken,https://www.gakuyukai.ihe.tohoku.ac.jp/club/%E3%83%95%E3%82%A9%E3%83%BC%E3%82%AF%E3%82%BD%E3%83%B3%E3%82%B0%E7%A0%94%E7%A9%B6%E4%BC%9A/,57,30,7,15,5,71,6b2eb3ff-257b-41bf-b1c7-4efc209e6721,,,
1456,,"（1,400件の対象外・claim率が良ければ追加）",東大経榮会,東京大学,趣味・その他,,X/Instagram/Web,x,utokyokeieikai,https://x.com/UTokyoKeieiKai,https://instagram.com/utokyokeieikai,https://campus-map.jp/ut/club/400/,55,30,10,10,5,104,a574f899-8efa-4d20-bfc0-8c3a6a8a3853,,,
1457,,"（1,400件の対象外・claim率が良ければ追加）",一橋観世会,一橋大学,趣味・その他,,X/Instagram/Web,x,hit_kanze,https://x.com/hit_kanze,https://instagram.com/ikkyokeion_shinkan2025,https://campus-map.jp/hit/club/118/,53,30,8,10,5,85,3cb4306b-3e28-428d-b38c-e4d3c0efd34d,,,
1458,,"（1,400件の対象外・claim率が良ければ追加）",緑法会,早稲田大学,学術・研究（ゼミ・研究会・勉強会）,800,X,x,ryokuhoukai2017,https://x.com/ryokuhoukai2017,,,65,10,25,10,20,265,82526cad-fbc6-4837-8546-dc04da2d9855,,,
1459,,"（1,400件の対象外・claim率が良ければ追加）",バスケットボール部(薬学部),慶應義塾大学,運動系（スポーツ・アウトドア）,,X/Instagram,x,keioyakubasu,https://x.com/keioyakubasu,https://instagram.com/keio_yakubas_2025,,70,20,25,20,5,260,5516f550-9e97-4c0b-a1a6-9ab8d347468d,,,
1460,,"（1,400件の対象外・claim率が良ければ追加）",体育会硬式庭球部（女子）,上智大学,運動系（スポーツ・アウトドア）,,X/Web,x,sophia_tennis,https://x.com/sophia_tennis,,https://sophia45363549.wordpress.com/,62,20,17,20,5,177,e352c575-d3c4-4dd2-8131-9e3da01af2e7,,,
1461,,"（1,400件の対象外・claim率が良ければ追加）",コロポックル,京都大学,趣味・その他,,X/Instagram/Web,x,ku_koropokkuru,https://x.com/ku_koropokkuru,https://instagram.com/ku_koropokkur,https://campus-map.jp/kyoto/club/36/,55,30,10,10,5,109,23608249-24a2-456e-8324-7e0438dd552c,,,
1462,,"（1,400件の対象外・claim率が良ければ追加）",混声合唱団コール・クライネス,東京科学大学,文化系（音楽・演劇・アート）,,X/Instagram/Web,x,mnt_ckovfs,https://x.com/mnt_ckovfs,https://instagram.com/chorkleines,https://eplus.jp/sf/word/0000062852,53,30,3,15,5,37,bd750fdc-686c-412b-8f76-9eb146708b1e,,,
1463,,"（1,400件の対象外・claim率が良ければ追加）",ICU Time Travelers,国際基督教大学,趣味・その他,40,X/Instagram/Web,x,itt_icu,https://x.com/ITT_ICU,https://instagram.com/icu_time_travelers,https://www.icu.ac.jp/campuslife/club/,54,30,4,10,10,39,7ec1ca38-db0e-474c-a462-6b534bd023a3,,,
1464,,"（1,400件の対象外・claim率が良ければ追加）",ピアノクラブ,北海道大学,文化系（音楽・演劇・アート）,,X/Instagram/Web,instagram,hokudai_piano,https://x.com/nupc_jp,https://instagram.com/hokudai_piano,https://university.secret.jp/,58,30,8,15,5,80,d1e8a67b-99a1-4bb0-9a37-964b11d544ea,,,
1465,,"（1,400件の対象外・claim率が良ければ追加）",ギタークラブ,大阪大学,文化系（音楽・演劇・アート）,,X/Instagram/Web,x,handai_guitar,https://x.com/handai_guitar,https://instagram.com/handai_guitar,https://beevamp.site/%E5%A4%A7%E9%98%AA%E5%A4%A7%E5%AD%A6%E3%82%AE%E3%82%BF%E3%83%BC%E9%83%A8%E7%89%B9%E8%A8%AD%E3%83%9A%E3%83%BC%E3%82%B8/,58,30,8,15,5,86,f52d5bb7-3769-44a3-8b9c-30e26126e0c5,,,
1466,,"（1,400件の対象外・claim率が良ければ追加）",e-learning コミュニケーション研究会（ELC）,早稲田大学,学術・研究（ゼミ・研究会・勉強会）,380,X,x,elc_waseda,https://x.com/elc_waseda,,,65,10,25,10,20,266,6a2a3838-9fcc-47ea-a5ee-aa579503f5c9,,,
1467,,"（1,400件の対象外・claim率が良ければ追加）",FINESTRA,慶應義塾大学,趣味・その他,,X/Instagram/Web,x,finestra2022,https://x.com/finestra2022,https://instagram.com/keio_finestagram_2026,https://circle.info-jukusei.com/%E3%82%B9%E3%83%9D%E3%83%BC%E3%83%84%E7%B3%BB/finestra%EF%BC%88%E3%83%95%E3%82%A3%E3%83%8D%EF%BC%89/,70,30,25,10,5,261,5e575c67-0ea0-4ddd-a975-b1047ba35849,,,
1468,,"（1,400件の対象外・claim率が良ければ追加）",グリーンクラブ,九州大学,文化系（音楽・演劇・アート）,,X/Instagram/Web,x,greenclub2020,https://x.com/greenclub2020,https://instagram.com/qu_greenclub,http://kyudaicircle.club/c001_greenclub/,57,30,7,15,5,77,c65376cb-739b-402c-aeaf-559f90aedf13,,,
1469,,"（1,400件の対象外・claim率が良ければ追加）",奇術研究会,名古屋大学,趣味・その他,,X/Instagram/Web,x,nu_magic_club,https://x.com/nu_magic_club,https://instagram.com/nu_magicclub,https://meidaisai.com/65th/volunteer-show/,52,30,7,10,5,77,3bec6023-9ebe-455d-8ea3-449803cbd9bc,,,
1470,,"（1,400件の対象外・claim率が良ければ追加）",広告研究会,早稲田大学,学術・研究（ゼミ・研究会・勉強会）,300,X,x,was_105th,https://x.com/was_105th,,,65,10,25,10,20,267,fab9041a-18b5-4e1c-9f73-d0ba90c963ca,,,
1471,,"（1,400件の対象外・claim率が良ければ追加）",G-Splash,上智大学,趣味・その他,,X/Instagram/Web,x,g_splash,https://x.com/g_splash,https://instagram.com/gsplash_official,http://sigmasince1987.com/circle/g-splash/,62,30,17,10,5,178,e52571d5-8da8-4342-9a6c-e292549cc5ff,,,
1472,,"（1,400件の対象外・claim率が良ければ追加）",東京大学現卒交歓部,東京大学,運動系（スポーツ・アウトドア）,,Instagram/Web,instagram,dream_compass_official,,https://instagram.com/dream_compass_official,https://theenhancedeffect.co.uk/portfolio/our-guarantee,55,20,10,20,5,105,a91dfed2-6252-4343-9d0a-7630eceda260,,,
1473,,"（1,400件の対象外・claim率が良ければ追加）",リーベンスキークラブ,慶應義塾大学,運動系（スポーツ・アウトドア）,,Instagram/Web,instagram,keio_lieben,,https://instagram.com/keio_lieben,https://news.penmark.jp/circle/19990/,70,20,25,20,5,262,5eb0b908-d202-470e-9317-7ee84a084df3,,,
1474,,"（1,400件の対象外・claim率が良ければ追加）",早稲田大学宇宙航空研究会,早稲田大学,学術・研究（ゼミ・研究会・勉強会）,172,X,x,wasainfo,https://x.com/wasainfo,,,65,10,25,10,20,268,fb146e37-cc52-41dc-a459-3e63c4a9d4de,,,
1475,,"（1,400件の対象外・claim率が良ければ追加）",立て看同好会,東北大学,文化系（音楽・演劇・アート）,,X/Instagram/Web,x,x4xty1ryea,https://x.com/X4xtY1RYea,https://instagram.com/tohoku_tatekan,https://urarozi-sendai.com/personal/6845/,57,30,7,15,5,72,7db413e1-d8e9-43fc-9a72-94a50e544b2f,,,
1476,,"（1,400件の対象外・claim率が良ければ追加）",将棋部,京都大学,趣味・その他,,X/Instagram/Web,x,1jebmilifwictwk,https://x.com/1jebmilifwictwk,https://instagram.com/kyoto_sandai_igosyogi,https://kyotoshogi.web.fc2.com/,55,30,10,10,5,110,27d236d8-77ed-4ace-9100-7e95f5a7e6b3,,,
1477,,"（1,400件の対象外・claim率が良ければ追加）",経済学研究会,一橋大学,学術・研究（ゼミ・研究会・勉強会）,,X/Instagram/Web,x,keiken_hit_u,https://x.com/keiken_hit_u,https://instagram.com/keiken_hit_u,https://campus-map.jp/hit/club/114/,53,30,8,10,5,86,3ded6ed9-0aaa-4ba2-84ff-2fdb7c9e5c21,,,
1478,,"（1,400件の対象外・claim率が良ければ追加）",Top Dogs,慶應義塾大学,趣味・その他,,X/Instagram/Web,x,sfc_topdogs,https://x.com/sfc_TopDogs,https://instagram.com/topdogs_sfc,https://orientation.keio-zenkyo.net/circle2025/314,70,30,25,10,5,263,60197707-f3d5-4be4-9de2-19e797a5b9c0,,,
1479,,"（1,400件の対象外・claim率が良ければ追加）",上智聖歌隊,上智大学,趣味・その他,,X/Instagram/Web,x,sophiachoir,https://x.com/sophiachoir,https://instagram.com/sophia_choir,https://sophia-law4.hatenablog.com/entry/sophia_music_volunteer_club,62,30,17,10,5,179,e57a6671-dd35-4695-99ad-8647b1956bfe,,,
1480,,"（1,400件の対象外・claim率が良ければ追加）",早稲田大学株式投資サークルForward,早稲田大学,学術・研究（ゼミ・研究会・勉強会）,150,X,x,forward_waseda,https://x.com/forward_waseda,,,65,10,25,10,20,269,71ba12fc-a657-4bf1-a025-7d36f251c715,,,
1481,,"（1,400件の対象外・claim率が良ければ追加）",バレーボール部,大阪大学,運動系（スポーツ・アウトドア）,,X/Instagram,x,ou_attack25,https://x.com/OU_Attack25,https://instagram.com/attack25_ou,,53,20,8,20,5,87,183a7bae-6ab5-45b2-850e-6bedd2058146,,,
1482,,"（1,400件の対象外・claim率が良ければ追加）",落語研究会,北海道大学,文化系（音楽・演劇・アート）,,X/Instagram/Web,x,hokuochi,https://x.com/hokuochi,https://instagram.com/hoku.ochi.,https://hubcnavi.net/hokuochi,58,30,8,15,5,81,e724edcc-d5fd-4f6c-a7b8-737b8b4a7707,,,
1483,,"（1,400件の対象外・claim率が良ければ追加）",釣魚会,慶應義塾大学,趣味・その他,,X/Instagram/Web,x,chogyokai,https://x.com/chogyokai,https://instagram.com/keiochogyokai,https://orientation.keio-zenkyo.net/circle2025/189,70,30,25,10,5,264,63cef813-ebbd-4b5b-9f0f-1d2c50757a70,,,
1484,,"（1,400件の対象外・claim率が良ければ追加）",UT-topos,東京大学,趣味・その他,,X/Instagram/Web,x,uttopos,https://x.com/UTtopos,https://instagram.com/uttopos,http://ut-base.info/circles/265,55,30,10,10,5,106,ad57da01-a264-4251-a0d6-c52f12637d43,,,
1485,,"（1,400件の対象外・claim率が良ければ追加）",資格ゲッターズ,早稲田大学,学術・研究（ゼミ・研究会・勉強会）,150,X,x,license_getters,https://x.com/License_Getters,,,65,10,25,10,20,270,e3438da5-a215-4d7b-ad76-b4988aa55409,,,
1486,,"（1,400件の対象外・claim率が良ければ追加）",上智大学ストーリー研究会,上智大学,学術・研究（ゼミ・研究会・勉強会）,,X/Instagram/Web,x,bpro_sophia,https://x.com/bpro_sophia,https://instagram.com/sbc_sophia,https://diversity-sustainability.sophia.ac.jp/efforts/853/,62,30,17,10,5,180,e5d01932-7ced-4118-aef6-a2387a291a23,,,
1487,,"（1,400件の対象外・claim率が良ければ追加）",マンドリンクラブ,九州大学,文化系（音楽・演劇・アート）,,X/Instagram/Web,x,kyudaimankura,https://x.com/kyudaimankura,https://instagram.com/qdai_mandolin,http://kyudaicircle.club/c033_mandrin/,57,30,7,15,5,78,dada1d07-ca23-4bbb-a8fc-07282872e899,,,
1488,,"（1,400件の対象外・claim率が良ければ追加）",天体研究会,名古屋大学,学術・研究（ゼミ・研究会・勉強会）,,X/Instagram/Web,x,_nuasa,https://x.com/_NuASA,https://instagram.com/_nuasa,https://www.nuasa.org/?page_id=263,52,30,7,10,5,78,49411a33-a096-4c84-8461-ce81ff04f25d,,,
1489,,"（1,400件の対象外・claim率が良ければ追加）",探検部,慶應義塾大学,趣味・その他,,X/Instagram/Web,x,kotanken,https://x.com/kotanken,https://instagram.com/keio.tanken,https://kotanken.wixsite.com/home,70,30,25,10,5,265,676f786c-853b-46f5-a1c1-5bd705d88248,,,
1490,,"（1,400件の対象外・claim率が良ければ追加）",ユネスコ学生クラブ,京都大学,学術・研究（ゼミ・研究会・勉強会）,,X/Instagram/Web,x,kyotoyunesuko,https://x.com/kyotoyunesuko,https://instagram.com/kwu.unesco2024,https://www.kyoto-wu.ac.jp/student/club/club/cul_yunesuko.html,55,30,10,10,5,111,303a1a95-4232-4328-b5b6-d9a12b6b18f7,,,
1491,,"（1,400件の対象外・claim率が良ければ追加）",民法研究会,早稲田大学,学術・研究（ゼミ・研究会・勉強会）,120,X,x,minken2016,https://x.com/minken2016,,,65,10,25,10,20,271,5bbe5b49-4e96-456a-a766-fbe5444409ca,,,
1492,,"（1,400件の対象外・claim率が良ければ追加）",まれひと,一橋大学,趣味・その他,,X/Instagram/Web,x,marehit_u,https://x.com/marehit_u,https://instagram.com/marehito_hit,https://campus-map.jp/hit/club/50/,53,30,8,10,5,87,41972fa4-96ae-4d55-81c4-778305aa538d,,,
1493,,"（1,400件の対象外・claim率が良ければ追加）",剣道部(理工学部),慶應義塾大学,運動系（スポーツ・アウトドア）,,Instagram/Web,website,https://info-jukusei.com/rikotai_ken2020-2/,,https://instagram.com/keiorikotaikendo,https://info-jukusei.com/rikotai_ken2020-2/,70,20,25,20,5,266,67a8ee1c-c57c-49ae-b06b-f65bd231177c,,,
1494,,"（1,400件の対象外・claim率が良ければ追加）",学生団体alku,上智大学,学術・研究（ゼミ・研究会・勉強会）,,X/Instagram/Web,instagram,alku_0519,https://x.com/arukou_info,https://instagram.com/alku_0519,https://diversity-sustainability.sophia.ac.jp/wp/wp-content/uploads/2026/03/Sophia-University-SDGs-and-Sustainability-Report-2024-2025.pdf,62,30,17,10,5,181,ea54b5ca-e5a1-4d4b-b9e5-56fe1c4eea72,,,
1495,,"（1,400件の対象外・claim率が良ければ追加）",創作和太鼓集団 鼓箔,東北大学,文化系（音楽・演劇・アート）,,X/Instagram/Web,x,pe_ton_tohoku,https://x.com/pe_ton_tohoku,https://instagram.com/kohaku_wadaiko_drum,http://nohgaku.fan.coocan.jp/schedule/sche36.cgi?cm=&mode=&year=2023&mon=10,57,30,7,15,5,73,8032c4ef-b73e-4035-a7d6-77a745270809,,,
1496,,"（1,400件の対象外・claim率が良ければ追加）",オリジナルソング研究会 オールウェイズ,早稲田大学,学術・研究（ゼミ・研究会・勉強会）,120,X,x,allways_w,https://x.com/ALLWAYS_W,,,65,10,25,10,20,272,5efee6b5-cea0-49c8-a162-51146b3fc3c1,,,
1497,,"（1,400件の対象外・claim率が良ければ追加）",E.S.S,大阪大学,趣味・その他,,X/Instagram/Web,x,ess_dm,https://x.com/ess_dm,https://instagram.com/e.s.s_oue,https://handaisyokai.wixsite.com/my-site/post/%E5%A4%A7%E9%98%AA%E5%A4%A7%E5%AD%A6e-s-s,53,30,8,10,5,88,1b92ddca-100e-408d-b3e2-d9a9362d62f4,,,
1498,,"（1,400件の対象外・claim率が良ければ追加）",第76期駒場祭委員会,東京大学,趣味・その他,,X/Instagram/Web,x,komabasai,https://x.com/komabasai,https://instagram.com/komabasai_pr,https://ut-orientation.net/25/welcome/circle/144,55,30,10,10,5,107,aebd1802-e663-4981-bbb4-cacf50c4ecf3,,,
1499,,"（1,400件の対象外・claim率が良ければ追加）",硬式庭球部(理工学部),慶應義塾大学,運動系（スポーツ・アウトドア）,,X/Web,x,slc_tennis,https://x.com/slc_tennis,,https://lit.link/slcshinkan,70,20,25,20,5,267,6c98192b-90a5-48b9-bfd4-543fae765ef4,,,
1500,,"（1,400件の対象外・claim率が良ければ追加）",合唱団,北海道大学,文化系（音楽・演劇・アート）,,X/Instagram/Web,x,gassyo_hmc,https://x.com/Gassyo_hmc,https://instagram.com/hmc__2025,https://twstalker.com/Gassyo_hmc,58,30,8,15,5,82,f2eb06a8-275b-44ea-b619-47c486d0b1eb,,,
1501,,"（1,400件の対象外・claim率が良ければ追加）",ゴルフ部,国際基督教大学,運動系（スポーツ・アウトドア）,40,X/Web,x,icugolfclub,https://x.com/icugolfclub,,https://www.icu.ac.jp/campuslife/club/,54,20,4,20,10,40,99f0af6c-76a5-47ed-8575-d122e3157e39,,,
1502,,"（1,400件の対象外・claim率が良ければ追加）",将棋部,東京科学大学,趣味・その他,80,X/Web,x,titech_shogi,https://x.com/titech_shogi,,https://www.gakusei-walker.jp/s/51/club/?srsltid=AfmBOorDJW9o8hhcaG2JKa4G44995nCz_mReHkwtUeCn8Z99eVZVnsUJ,48,20,3,10,15,38,668724dd-6cf9-4236-9d64-59aecc6fb2a0,,,
1503,,"（1,400件の対象外・claim率が良ければ追加）",散策の会,京都大学,趣味・その他,,X/Instagram/Web,x,sansaku44,https://x.com/sansaku44,https://instagram.com/sansaku_2021,https://www.kyoto-gakuseisaiten.com/shinkan_group/4202,55,30,10,10,5,112,3b46314c-f27f-4ad9-9ac3-5cee80106433,,,
1504,,"（1,400件の対象外・claim率が良ければ追加）",New Music Club （NMC）,早稲田大学,趣味・その他,106,X,x,nmc_waseda,https://x.com/NMC_waseda,,,65,10,25,10,20,273,30941ff0-5fcd-4656-bc6a-36dd1817db1e,,,
1505,,"（1,400件の対象外・claim率が良ければ追加）",Selas,上智大学,趣味・その他,,X/Instagram/Web,x,e,https://x.com/e,https://instagram.com/f.c.lexus,https://hiroshima.repo.nii.ac.jp/record/2019682/files/RIHE163.pdf,62,30,17,10,5,182,ecbff3ad-a864-4199-865b-019319d0955f,,,
1506,,"（1,400件の対象外・claim率が良ければ追加）",日仏学生会,慶應義塾大学,学術・研究（ゼミ・研究会・勉強会）,,X/Instagram/Web,x,ofjofficielle,https://x.com/OfjOfficielle,https://instagram.com/ofj_officiel,https://orientation.keio-zenkyo.net/schedule-2025,70,30,25,10,5,268,6d9e8faa-7793-4886-ac36-edf4376f22c9,,,
1507,,"（1,400件の対象外・claim率が良ければ追加）",吹奏楽団,九州大学,文化系（音楽・演劇・アート）,,X/Instagram/Web,x,kusb_official,https://x.com/kusb_official,https://instagram.com/kusb_official,http://www.design.kyushu-u.ac.jp/~g-winds/,57,30,7,15,5,79,e7d885a8-0ec7-4aab-8d94-29b4849f9a72,,,
1508,,"（1,400件の対象外・claim率が良ければ追加）",鉄道研究会,名古屋大学,趣味・その他,,X/Instagram/Web,x,ncu_tekken,https://x.com/ncu_tekken,https://instagram.com/ncu_tekken,http://chuorikotrain.g2.xrea.com/,52,30,7,10,5,79,55ffbae6-9669-42f1-81de-6507c1bf476b,,,
1509,,"（1,400件の対象外・claim率が良ければ追加）",創法会,早稲田大学,学術・研究（ゼミ・研究会・勉強会）,100,X,x,sohokai_waseda,https://x.com/sohokai_waseda,,,65,10,25,10,20,274,f75b0022-4e3b-49d0-918d-ef50af2767cc,,,
1510,,"（1,400件の対象外・claim率が良ければ追加）",フィールドホッケー部,一橋大学,運動系（スポーツ・アウトドア）,,X/Instagram,x,hit_hockey_2022,https://x.com/hit_hockey_2022,https://instagram.com/hit_field_hockey,,53,20,8,20,5,88,55c44239-1139-482a-b73e-8178ea2cd735,,,
1511,,"（1,400件の対象外・claim率が良ければ追加）",dance crew es,慶應義塾大学,趣味・その他,,X/Instagram/Web,x,dance_crew_es,https://x.com/dance_crew_es,https://instagram.com/dance_crew_es,http://dancecrewes.web.fc2.com/,70,30,25,10,5,269,723c6fa0-2ade-49fb-9e37-694a4dea90c7,,,
1512,,"（1,400件の対象外・claim率が良ければ追加）",NFL愛好会,上智大学,趣味・その他,,X/Instagram/Web,x,suite_voice,https://x.com/SUITE_VOICE,https://instagram.com/sophia_goldeneagles,https://dot.asahi.com/list/tag,62,30,17,10,5,183,ecf2633a-03fb-4605-b71a-93ef3520932c,,,
1513,,"（1,400件の対象外・claim率が良ければ追加）",東京大学Jazz Junk Workshop,東京大学,学術・研究（ゼミ・研究会・勉強会）,,X/Instagram/Web,x,utjjw,https://x.com/utjjw,https://instagram.com/ut_jjw,https://campus-map.jp/ut/club/215/,55,30,10,10,5,108,b81c6bd2-dd8c-4ece-a68e-8e547e7bdf81,,,
1514,,"（1,400件の対象外・claim率が良ければ追加）",早稲田大学書道会,早稲田大学,文化系（音楽・演劇・アート）,89,X,x,wase_sho,https://x.com/wase_sho,,,65,10,25,15,15,275,ec4cdb10-dcd0-4c3f-bdca-ea1594f6f66c,,,
1515,,"（1,400件の対象外・claim率が良ければ追加）",囲碁部,大阪大学,趣味・その他,,X/Instagram/Web,x,handai,https://x.com/handai,https://instagram.com/kagaya_kaga,https://search.yahoo.co.jp/realtime/search?rkf=1&p=%E6%98%A5%E3%81%8B%E3%82%89%E9%98%AA%E5%A4%A7&btid=MjAzMDgwMjAzODgzNDIwNDgwNA%3D%3D&ifr=tp_bz,53,30,8,10,5,89,1c8dca10-caac-47ed-a826-b8b224a412b8,,,
1516,,"（1,400件の対象外・claim率が良ければ追加）",鉄道研究会,京都大学,趣味・その他,,X/Instagram/Web,x,kyodaitekken,https://x.com/kyodaitekken,https://instagram.com/tetsuken_kg,https://kurcnet.web.fc2.com/contact.html,55,30,10,10,5,113,49eccbd0-5222-4c6a-838f-f3b6bdbbb4d5,,,
1517,,"（1,400件の対象外・claim率が良ければ追加）",ピアノサークルsemplice,東北大学,文化系（音楽・演劇・アート）,,X/Instagram/Web,x,semplice_tohoku,https://x.com/semplice_tohoku,https://instagram.com/semplice.tohoku,https://sempliceadvertise.wixsite.com/semplice-tohoku,57,30,7,15,5,74,9d20f8e7-cb95-49ef-b93e-36146b7da7c0,,,
1518,,"（1,400件の対象外・claim率が良ければ追加）",慶吟会,慶應義塾大学,趣味・その他,,X/Instagram/Web,x,keiginkai,https://x.com/keiginkai,https://instagram.com/popular,https://orientation.keio-zenkyo.net/circle2025/342,70,30,25,10,5,270,73fa4e1b-1b3c-4b92-b8fa-1ef143acec14,,,
1519,,"（1,400件の対象外・claim率が良ければ追加）",クイズ研究会,北海道大学,趣味・その他,,X/Instagram/Web,x,hokudai_quiz,https://x.com/Hokudai_quiz,https://instagram.com/gqs_2025,https://w.atwiki.jp/qqqnoq/pages/100.html,53,30,8,10,5,83,04072a79-439a-4a81-8392-0b03dc9e31c6,,,
1520,,"（1,400件の対象外・claim率が良ければ追加）",美術研究創作会,早稲田大学,文化系（音楽・演劇・アート）,80,X,x,w_biken,https://x.com/w_biken,,,65,10,25,15,15,276,2b86d343-899a-4138-a417-8bfb9fcf16be,,,
1521,,"（1,400件の対象外・claim率が良ければ追加）",体育会フェンシング部,上智大学,運動系（スポーツ・アウトドア）,,Instagram/Web,instagram,sophia_fencing,,https://instagram.com/sophia_fencing,https://sophiafencing.wixsite.com/sophia-fencing,62,20,17,20,5,184,f5f06d99-5d12-471d-842e-d5a420038ef2,,,
1522,,"（1,400件の対象外・claim率が良ければ追加）",UNREAL,慶應義塾大学,趣味・その他,,X/Instagram/Web,x,unreal_sfc,https://x.com/UNREAL_SFC,https://instagram.com/unreal__japan,https://www.futabatosho.co.jp/wp-content/uploads/2025/08/%E9%AB%98%E4%BE%A1%E8%B2%B7%E5%8F%96_%E6%9C%AC_%E3%81%9D%E3%81%AE%E4%BB%96_20250808.pdf,70,30,25,10,5,271,759be4bd-a460-445b-9cfb-1363881a0d0c,,,
1523,,"（1,400件の対象外・claim率が良ければ追加）",マンドリン楽部,早稲田大学,文化系（音楽・演劇・アート）,80,X,x,wasedamandolin,https://x.com/wasedamandolin,,,65,10,25,15,15,277,9fca233f-e4c6-4f46-8217-1dbd84c49375,,,
1524,,"（1,400件の対象外・claim率が良ければ追加）",ラテンサークル,九州大学,文化系（音楽・演劇・アート）,,X/Instagram/Web,x,quespa1,https://x.com/QUESPA1,https://instagram.com/quespa1,https://www.isc.kyushu-u.ac.jp/intlweb/web/wp-content/uploads/2024/12/2024-%E6%97%A5%E6%9C%AC%E8%AA%9E%E5%9B%BD%E9%9A%9B%E4%BA%A4%E6%B5%81%E7%B3%BB%E3%82%B5%E3%83%BC%E3%82%AF%E3%83%AB%E3%82%AC%E3%82%A4%E3%83%89%E3%83%96%E3%83%83%E3%82%AF.pdf,57,30,7,15,5,80,f11b20d7-af84-49e4-a589-e28cffd7ed66,,,
1525,,"（1,400件の対象外・claim率が良ければ追加）",E.S.S.,名古屋大学,趣味・その他,,X/Instagram/Web,x,nu_ess,https://x.com/nu_ess,https://instagram.com/nu_ess_,https://homepageessnagoyau.wixstudio.com/nuess,52,30,7,10,5,80,5a07ae8f-d91c-4854-8c23-faed6081dd8e,,,
1526,,"（1,400件の対象外・claim率が良ければ追加）",ホッケー部,東京大学,運動系（スポーツ・アウトドア）,,X/Instagram,x,2025_ulysses,https://x.com/2025_ulysses,https://instagram.com/utokyo_hockey,,55,20,10,20,5,109,b8e5dacc-c2c4-4fc7-82ec-7115ebc31bc2,,,
1527,,"（1,400件の対象外・claim率が良ければ追加）",Fut-Bashi,一橋大学,趣味・その他,,X/Instagram/Web,x,fak97adstp,https://x.com/faK97aDstP,https://instagram.com/v,https://3rd-place-lab.com/club-hitotsubashi/,53,30,8,10,5,89,58c39dd9-82e4-4726-9d30-86b824d40e14,,,
1528,,"（1,400件の対象外・claim率が良ければ追加）",上智大学インカレチアダンスサークルJESTY,上智大学,運動系（スポーツ・アウトドア）,,X/Instagram,x,jestysophia,https://x.com/JestySophia,https://instagram.com/jestysophia,,62,20,17,20,5,185,f951cc23-7eb1-4976-9214-497dab589f89,,,
1529,,"（1,400件の対象外・claim率が良ければ追加）",無線工学研究会,慶應義塾大学,学術・研究（ゼミ・研究会・勉強会）,,X/Instagram/Web,x,ja1ycg,https://x.com/JA1YCG,https://instagram.com/ja1ycg,https://twstalker.com/unidenjapan,70,30,25,10,5,272,7d97b06f-6d3a-4a9c-bf1a-a6f8084e0d7a,,,
1530,,"（1,400件の対象外・claim率が良ければ追加）",自動車部,京都大学,趣味・その他,,X/Instagram/Web,x,rmckuac,https://x.com/rmckuac,https://instagram.com/rmckuac.1951,https://highschool.sukifull.jp/future-college/kyoto-u/club/,55,30,10,10,5,114,5c29e065-cf82-4bd8-9f79-e6e80b9f4ca8,,,
1531,,"（1,400件の対象外・claim率が良ければ追加）",ワセダミステリ・クラブ,早稲田大学,文化系（音楽・演劇・アート）,80,X,x,wasemisu,https://x.com/wasemisu,,,65,10,25,15,15,278,ce662dd3-f654-46fb-af03-1f82551f425f,,,
1532,,"（1,400件の対象外・claim率が良ければ追加）",Bible Club,大阪大学,趣味・その他,,X/Instagram/Web,x,oubibleclub,https://x.com/oubibleclub,https://instagram.com/bibleclubosaka,https://www.yelp.com/biz_photos/bible-club-osaka-%E5%A4%A7%E9%98%AA%E5%B8%82?select_video=dGL3E48iP_nMnC9pFzTa6g,53,30,8,10,5,90,1dc3ea70-d8c6-4830-8f00-8c17d4f165f5,,,
1533,,"（1,400件の対象外・claim率が良ければ追加）",考古学研究会,慶應義塾大学,学術・研究（ゼミ・研究会・勉強会）,,X/Instagram/Web,x,kouken_keio,https://x.com/kouken_keio,https://instagram.com/kouken_keio,https://circle.info-jukusei.com/%E5%AD%A6%E8%A1%93%E3%83%BB%E6%96%87%E5%8C%96%E7%B3%BB/%E8%80%83%E5%8F%A4%E5%AD%A6%E7%A0%94%E7%A9%B6%E4%BC%9A/,70,30,25,10,5,273,7f2d1ba4-a5fe-4831-bb7c-5920d0cc4713,,,
1534,,"（1,400件の対象外・claim率が良ければ追加）",FM waseda,早稲田大学,メディア・出版,79,X,x,fmwaseda,https://x.com/fmwaseda,,,65,10,25,15,15,279,10e4c960-8cef-4af7-9bae-3b8d9f76c1e2,,,
1535,,"（1,400件の対象外・claim率が良ければ追加）",心動,上智大学,趣味・その他,121,Web,website,https://unistyleinc.com/companies/138/iseslist,,,https://unistyleinc.com/companies/138/iseslist,57,10,17,10,20,186,f92bf36e-eaf9-4165-a146-b7c102f00914,,,
1536,,"（1,400件の対象外・claim率が良ければ追加）",野鳥研究会,北海道大学,学術・研究（ゼミ・研究会・勉強会）,,X/Instagram/Web,x,toriken_hokudai,https://x.com/Toriken_hokudai,https://instagram.com/toriken_hokudai,https://sasaru.media/article/weather/20240331_003/,53,30,8,10,5,84,351d6155-0eef-467e-892f-d2f19959e7d8,,,
1537,,"（1,400件の対象外・claim率が良ければ追加）",軽音楽部モダンジャズ研究会,東北大学,文化系（音楽・演劇・アート）,,X/Instagram/Web,x,2024tohoku_jazz,https://x.com/2024tohoku_jazz,https://instagram.com/tohokujazzken,https://www.gakuyukai.ihe.tohoku.ac.jp/club/%E3%83%A2%E3%83%80%E3%83%B3%E3%82%B8%E3%83%A3%E3%82%BA%E9%83%A8/,57,30,7,15,5,75,9e396dd4-6e74-448f-b25a-35f1cd226212,,,
1538,,"（1,400件の対象外・claim率が良ければ追加）",ESS,国際基督教大学,国際交流・語学,40,Instagram/Web,instagram,icuchessclub,,https://instagram.com/icuchessclub,https://www.icu.ac.jp/campuslife/club/,54,20,4,20,10,41,c0359a13-1853-4257-b018-7bf57bfb2548,,,
1539,,"（1,400件の対象外・claim率が良ければ追加）",仏教青年会,慶應義塾大学,趣味・その他,,X/Instagram/Web,x,keiobussei,https://x.com/keiobussei,https://instagram.com/keiobussei_official,https://www.keiobussei.jp/,70,30,25,10,5,274,81302e5d-b73e-493a-a520-86965a3e7cdb,,,
1540,,"（1,400件の対象外・claim率が良ければ追加）",KARURA Project,東京大学,趣味・その他,,X/Instagram/Web,x,karura_urc,https://x.com/karura_urc,https://instagram.com/karura_project,https://linktr.ee/karuraproject,55,30,10,10,5,110,c040a656-6303-41d7-be51-b6e40e8f3c46,,,
1541,,"（1,400件の対象外・claim率が良ければ追加）",サッカー部,東京科学大学,運動系（スポーツ・アウトドア）,,X/Instagram,x,sciencetokyo_fc,https://x.com/sciencetokyo_fc,https://instagram.com/sciencetokyo_fc,,48,20,3,20,5,39,1d973936-07a8-4179-b2d3-ae08237d9ab6,,,
1542,,"（1,400件の対象外・claim率が良ければ追加）",早稲田大学アニメ声優会,早稲田大学,文化系（音楽・演劇・アート）,78,X,x,w_anisei,https://x.com/w_anisei,,,65,10,25,15,15,280,13e2ee48-f083-4418-bc83-147c54dec8ef,,,
1543,,"（1,400件の対象外・claim率が良ければ追加）",さいもんめ,京都大学,趣味・その他,,X/Instagram/Web,x,saimomme2020,https://x.com/saimomme2020,https://instagram.com/ithea_myse,https://www.kyoto-gakuseisaiten.com/shinkan_group/4208,55,30,10,10,5,115,6191d9fd-0dc0-4b12-b82f-8bc598424852,,,
1544,,"（1,400件の対象外・claim率が良ければ追加）",旅行研究会,一橋大学,趣味・その他,,X/Instagram/Web,x,ryokentabinokai,https://x.com/ryokentabinokai,https://instagram.com/ryoken_tabinokai,https://campus-map.jp/hit/club/145/,53,30,8,10,5,90,5e9545b4-d677-4d4a-a11f-12b7f35ba764,,,
1545,,"（1,400件の対象外・claim率が良ければ追加）",上智大学グリークラブ（SGC）,上智大学,文化系（音楽・演劇・アート）,6,Instagram/Web,instagram,sophiaglee,,https://instagram.com/sophiaglee,https://www.sophiakai.gr.jp/issue/sophiansnow/doc/sophiansnow185.pdf,57,20,17,15,5,187,d90968a0-5848-42f5-8157-0056c8620d2d,,,
1546,,"（1,400件の対象外・claim率が良ければ追加）",SFC Campus Village,慶應義塾大学,趣味・その他,,X/Instagram/Web,x,sfc_cavi,https://x.com/sfc_cavi,https://instagram.com/sfc_hvillage,https://note.com/sfcunion/n/n234db5a46e48,70,30,25,10,5,275,81b5af21-2a26-43a2-a498-16be31424039,,,
1547,,"（1,400件の対象外・claim率が良ければ追加）",女子ラクロス部,名古屋大学,運動系（スポーツ・アウトドア）,,X/Instagram,x,willaws_ai,https://x.com/willaws_ai,https://instagram.com/nu_willaws_lax,,52,20,7,20,5,81,6061de44-1c3f-41fd-8a20-66396619e725,,,
1548,,"（1,400件の対象外・claim率が良ければ追加）",生物研究部,九州大学,学術・研究（ゼミ・研究会・勉強会）,13,X/Instagram/Web,x,qubrc,https://x.com/QUBRC,https://instagram.com/79_ikimono_circle,https://tamahiyo2020.jimdofree.com/%E3%82%B5%E3%83%BC%E3%82%AF%E3%83%AB%E7%B4%B9%E4%BB%8B/%E6%96%87%E5%8C%96%E7%B3%BB%E3%82%B5%E3%83%BC%E3%82%AF%E3%83%AB%E7%B4%B9%E4%BB%8B-%E3%81%9D%E3%81%AE%EF%BC%94/,52,30,7,10,5,81,b862fbf0-d81c-42f4-8fca-4ad25e5b6aa4,,,
1549,,"（1,400件の対象外・claim率が良ければ追加）",早稲田文芸会,早稲田大学,文化系（音楽・演劇・アート）,75,X,x,wasebun,https://x.com/wasebun,,,65,10,25,15,15,281,7113464c-6d4f-4b88-937e-3d000a9150ff,,,
1550,,"（1,400件の対象外・claim率が良ければ追加）",生物研究会,大阪大学,学術・研究（ゼミ・研究会・勉強会）,,X/Instagram/Web,x,ouseibutsu,https://x.com/ouseibutsu,https://instagram.com/ouseibutsu,https://handaisyokai.wixsite.com/my-site/post/%E5%A4%A7%E9%98%AA%E5%A4%A7%E5%AD%A6%E7%94%9F%E7%89%A9%E7%A0%94%E7%A9%B6%E4%BC%9A,53,30,8,10,5,91,1dc5793d-1a17-4b63-b3cf-8a279212f67d,,,
1551,,"（1,400件の対象外・claim率が良ければ追加）",カメラクラブ,慶應義塾大学,趣味・その他,,X/Instagram/Web,website,https://keiocameraclub.wordpress.com/about/,https://x.com/keiocameraclub,https://instagram.com/keio.camera.club,https://keiocameraclub.wordpress.com/about/,70,30,25,10,5,276,854508d1-7094-4098-8ec0-479010aeddfb,,,
1552,,"（1,400件の対象外・claim率が良ければ追加）",ひまわり子ども会,早稲田大学,ボランティア・NPO,73,X,x,himawari_waseda,https://x.com/himawari_waseda,,,65,10,25,15,15,282,bd49c78c-59eb-488b-87b4-c24ec7af9988,,,
1553,,"（1,400件の対象外・claim率が良ければ追加）",上智大学競馬サークルHalo,上智大学,文化系（音楽・演劇・アート）,4,X/Web,x,sophiaunivhr,https://x.com/SophiaUnivHR,,https://findsophia.jp/club_list/%E4%B8%8A%E6%99%BA%E5%A4%A7%E5%AD%A6%E7%AB%B6%E9%A6%AC%E3%82%B5%E3%83%BC%E3%82%AF%E3%83%ABhalo/,57,20,17,15,5,188,f336e3d4-a737-4121-9135-90ba22b5bd19,,,
1554,,"（1,400件の対象外・claim率が良ければ追加）",植物同好会,北海道大学,趣味・その他,,X/Instagram/Web,x,shokudou2024,https://x.com/shokudou2024,https://instagram.com/shokudou2025,https://hokudaiwiki.net/wiki/%E5%8C%97%E5%A4%A7%E3%81%AE%E5%8B%95%E7%89%A9%E7%B3%BB%E3%82%B5%E3%83%BC%E3%82%AF%E3%83%AB,53,30,8,10,5,85,483106ee-c4e5-435b-8080-aa641fef724f,,,
1555,,"（1,400件の対象外・claim率が良ければ追加）",東京大学高等学校進学教育研究会,東京大学,学術・研究（ゼミ・研究会・勉強会）,,X/Instagram/Web,x,ut_high_edc,https://x.com/ut_high_edc,https://instagram.com/ut_high_edc,https://note.com/ut_high_edc/n/n100e9c8d460d,55,30,10,10,5,111,c0c5c16c-ea7d-4de6-ba4c-98c3f271b0b3,,,
1556,,"（1,400件の対象外・claim率が良ければ追加）",バスケットボールサークルフリークラブ,京都大学,運動系（スポーツ・アウトドア）,,X/Instagram,x,freeclubbasket,https://x.com/freeclubbasket,https://instagram.com/freeclub_official,,55,20,10,20,5,116,64c1234a-0247-4d8e-a0f9-cc81f5c7b6e4,,,
1557,,"（1,400件の対象外・claim率が良ければ追加）",竹之会,慶應義塾大学,趣味・その他,,X/Instagram/Web,instagram,keio_takenokai,https://x.com/takenokai,https://instagram.com/keio_takenokai,https://keiotakenokai.web.fc2.com/,70,30,25,10,5,277,86867d50-3d69-4c73-bd43-8ba9717a4957,,,
1558,,"（1,400件の対象外・claim率が良ければ追加）",キャンパスアート同好会,東北大学,文化系（音楽・演劇・アート）,,X/Instagram/Web,instagram,bibou307,https://x.com/suikyu_toh,https://instagram.com/bibou307,https://www.tohoku.ac.jp/japanese/studentinfo/studentlife/02/studentlife0201/dantaiichiran.pdf,57,30,7,15,5,76,a9a0245b-40a3-41ed-925a-ed130b92529a,,,
1559,,"（1,400件の対象外・claim率が良ければ追加）",（劇団）くるめるシアター,早稲田大学,文化系（音楽・演劇・アート）,70,X,x,kurumeru_11,https://x.com/kurumeru_11,,,65,10,25,15,15,283,057620a2-9268-4e4a-be00-9edba369aca0,,,
1560,,"（1,400件の対象外・claim率が良ければ追加）",演劇協議会本部,上智大学,文化系（音楽・演劇・アート）,,Instagram/Web,website,https://www.tuat.ac.jp/outline/disclosure/pressrelease/2025/20260309_01.html,,https://instagram.com/sophia_engeki2023,https://www.tuat.ac.jp/outline/disclosure/pressrelease/2025/20260309_01.html,57,20,17,15,5,189,03e2a258-d061-4c32-b876-e87400e02988,,,
1561,,"（1,400件の対象外・claim率が良ければ追加）",たまこまち,一橋大学,趣味・その他,,X/Instagram/Web,x,tamakomatch,https://x.com/tamakomatch,https://instagram.com/tamakomatch,https://campus-map.jp/hit/club/58/,53,30,8,10,5,91,739c8763-2200-431f-a089-e48e840f0d29,,,
1562,,"（1,400件の対象外・claim率が良ければ追加）",数物交流会 Maphycs,慶應義塾大学,趣味・その他,,X/Instagram/Web,website,https://orientation.keio-zenkyo.net/circle2024,https://x.com/keio_circle,https://instagram.com/iir.official,https://orientation.keio-zenkyo.net/circle2024,70,30,25,10,5,278,8912a6ce-9ae2-432b-b5aa-8d535b874527,,,
1563,,"（1,400件の対象外・claim率が良ければ追加）",（劇団）森,早稲田大学,文化系（音楽・演劇・アート）,70,X,x,gekidan_shin,https://x.com/gekidan_shin,,,65,10,25,15,15,284,3b35c185-ade7-45cd-b336-cc091d81a8cc,,,
1564,,"（1,400件の対象外・claim率が良ければ追加）",PLANET-Q,九州大学,趣味・その他,,X/Instagram/Web,x,ku_planetq,https://x.com/KU_PLANETQ,https://instagram.com/qu_planetq,http://kyudaicircle.club/c013_planet-q/,52,30,7,10,5,82,01727f2c-13bc-4632-9c19-77a704ab6147,,,
1565,,"（1,400件の対象外・claim率が良ければ追加）",自動車部,名古屋大学,趣味・その他,,X/Instagram/Web,x,nitech_406,https://x.com/nitech_406,https://instagram.com/nuac_tarodai,https://ac-406motorworks.club.nitech.ac.jp/,52,30,7,10,5,82,66baf13e-de6e-47bd-8e85-027c97e4ab60,,,
1566,,"（1,400件の対象外・claim率が良ければ追加）",ボードゲーム研究会,大阪大学,趣味・その他,,X/Instagram/Web,x,daigaku_ibara,https://x.com/daigaku_ibara,https://instagram.com/rpgsociety.osaka_u,https://www.osaka-u.ac.jp/ja/event/2024/02/10705,53,30,8,10,5,92,1dd0486f-1d38-4538-8833-5059b0b85bce,,,
1567,,"（1,400件の対象外・claim率が良ければ追加）",弓術部,慶應義塾大学,運動系（スポーツ・アウトドア）,,X/Instagram,instagram,keio_kyujutsu,https://x.com/kqc_shinkan,https://instagram.com/keio_kyujutsu,,70,20,25,20,5,279,8ae3c566-aa1f-4c65-b2f5-719a559c59f8,,,
1568,,"（1,400件の対象外・claim率が良ければ追加）",UTPoker,東京大学,趣味・その他,,X/Instagram/Web,x,ut_poker_club,https://x.com/ut_poker_club,https://instagram.com/ut_poker,https://ut-orientation.net/25/welcome/circle/463,55,30,10,10,5,112,caf0742a-75e6-460e-bd00-aea87463abcd,,,
1569,,"（1,400件の対象外・claim率が良ければ追加）",愁文会,早稲田大学,文化系（音楽・演劇・アート）,70,X,x,shuubunkai_1005,https://x.com/shuubunkai_1005,,,65,10,25,15,15,285,51986a88-71f7-409b-b060-0bc249577400,,,
1570,,"（1,400件の対象外・claim率が良ければ追加）",オタマトーンサークル,上智大学,文化系（音楽・演劇・アート）,,X/Web,website,https://kyodonewsprwire.jp/release/202203048202,https://x.com/sophia_arioso,,https://kyodonewsprwire.jp/release/202203048202,57,20,17,15,5,190,0d702f2b-fc87-45dd-87df-5703478e2217,,,
1571,,"（1,400件の対象外・claim率が良ければ追加）",雪だるまプロ,京都大学,趣味・その他,,X/Instagram/Web,x,yukishinkan2023,https://x.com/yukishinkan2023,https://instagram.com/yukidarumapro,https://www.kyoto-gakuseisaiten.com/2025/shinkan_group/4324,55,30,10,10,5,117,6e63db26-dbcb-4866-a58a-0ec7873e81f8,,,
1572,,"（1,400件の対象外・claim率が良ければ追加）",児童文化研究会,慶應義塾大学,学術・研究（ゼミ・研究会・勉強会）,,X/Instagram/Web,x,keio_jiken,https://x.com/keio_jiken,https://instagram.com/keio_jiken,https://www3.bunren.keio-zenkyo.net/organizations/children-culture,70,30,25,10,5,280,8ce4cb5f-11c7-4fab-a567-c4af3f4624f7,,,
1573,,"（1,400件の対象外・claim率が良ければ追加）",アメリカンフットボール部,北海道大学,運動系（スポーツ・アウトドア）,,X/Web,x,first_molars,https://x.com/First_Molars,,https://dormy-hokkaido.com/pickup/hokudaikounin-bukatsu/,53,20,8,20,5,86,4e41748e-8e48-439e-99ad-e3f6e76dde5c,,,
1574,,"（1,400件の対象外・claim率が良ければ追加）",シネサイクル　叛頭脳,早稲田大学,文化系（音楽・演劇・アート）,64,X,x,hands_no,https://x.com/Hands_no,,,65,10,25,15,15,286,13264b62-030d-4489-985d-03b8581f4661,,,
1575,,"（1,400件の対象外・claim率が良ければ追加）",ICU LAMBS（サンバ）,国際基督教大学,趣味・その他,40,X/Instagram/Web,x,iculambs,https://x.com/IcuLambs,https://instagram.com/iculambs,https://www.icu.ac.jp/campuslife/club/,54,30,4,10,10,42,d0aed813-46cf-4a32-bc30-6648011eae64,,,
1576,,"（1,400件の対象外・claim率が良ければ追加）",Tandemサークル,上智大学,文化系（音楽・演劇・アート）,,Instagram/Web,website,http://www.sahoterao.com/live/,,https://instagram.com/tandem_circle,http://www.sahoterao.com/live/,57,20,17,15,5,191,0de9c821-62f7-4009-9f93-54b84b499c7f,,,
1577,,"（1,400件の対象外・claim率が良ければ追加）",インクストーンズ,東北大学,文化系（音楽・演劇・アート）,,X/Instagram/Web,instagram,inkstones2026,https://x.com/suikyu_toh,https://instagram.com/inkstones2026,https://www.tohoku.ac.jp/japanese/studentinfo/studentlife/02/studentlife0201/dantaiichiran.pdf,57,30,7,15,5,77,ba7824eb-39e7-4516-9bce-1a080722f18b,,,
1578,,"（1,400件の対象外・claim率が良ければ追加）",学生団体澁澤塾,一橋大学,学術・研究（ゼミ・研究会・勉強会）,,X/Instagram/Web,x,shibusawajyuku,https://x.com/shibusawajyuku,https://instagram.com/shibusawa_jyuku,https://campus-map.jp/hit/club/70/,53,30,8,10,5,92,7ef0c433-3e03-4e1b-8453-a26849782816,,,
1579,,"（1,400件の対象外・claim率が良ければ追加）",Tennis Lovers' Association,慶應義塾大学,趣味・その他,,X/Instagram/Web,x,keiotla,https://x.com/keiotla,https://instagram.com/yamada_ymkn,https://orientation.keio-zenkyo.net/circle2025/232,70,30,25,10,5,281,8efb3184-d199-4343-8878-81b9e0abb91a,,,
1580,,"（1,400件の対象外・claim率が良ければ追加）",わかものきもの会,早稲田大学,文化系（音楽・演劇・アート）,60,X,x,wakamono_kimono,https://x.com/wakamono_kimono,,,65,10,25,15,15,287,86d14cdc-3f6d-4ea2-b4ae-158d986732f8,,,
1581,,"（1,400件の対象外・claim率が良ければ追加）",ソフトテニス部（大岡山）,東京科学大学,運動系（スポーツ・アウトドア）,,X/Web,x,campuslife,https://x.com/campuslife,,https://www.sgu.ac.jp/campuslife/club/sports/do050b0000000506.html,48,20,3,20,5,40,3e7e7b8c-b016-4208-9ba2-b56122a3c4fa,,,
1582,,"（1,400件の対象外・claim率が良ければ追加）",少林寺拳法部,京都大学,運動系（スポーツ・アウトドア）,,X/Web,x,kushorinji,https://x.com/KUshorinji,,http://teclabo.xsrv.jp/biraroad2020/?attachment_id=674,55,20,10,20,5,118,7409b38c-face-4f84-8790-198668436d41,,,
1583,,"（1,400件の対象外・claim率が良ければ追加）",UTokyo Store,東京大学,趣味・その他,,X/Instagram/Web,instagram,utbc_utokyobusinessclub,https://x.com/utokyo_gxsn,https://instagram.com/utbc_utokyobusinessclub,https://u-tokyo.2025.giving-campaign.jp/groups?id=66564629-acac-4372-b68d-27474d147ffd,55,30,10,10,5,113,d4b8a7c2-35ad-4562-8632-3217b96e3e20,,,
1584,,"（1,400件の対象外・claim率が良ければ追加）",推理小説研究会,大阪大学,学術・研究（ゼミ・研究会・勉強会）,,X/Instagram/Web,x,osaka_u_mys,https://x.com/osaka_u_mys,https://instagram.com/osaka_u_mys,https://mystery5648.wixsite.com/ou-mystery,53,30,8,10,5,93,2a9d1dd9-d30e-48b5-8ad5-032d679c61dc,,,
1585,,"（1,400件の対象外・claim率が良ければ追加）",物理研究部,九州大学,学術・研究（ゼミ・研究会・勉強会）,,X/Instagram/Web,x,qpic_official,https://x.com/Qpic_Official,https://instagram.com/physikyu_kyudai,https://kikin.kyushu-u.ac.jp/info/news/view.php?page=8&r_search=&r_division=1&cId=2008,52,30,7,10,5,83,059833f9-9a62-4cc3-bcfa-f9d86d7866e7,,,
1586,,"（1,400件の対象外・claim率が良ければ追加）",全学会,名古屋大学,学術・研究（ゼミ・研究会・勉強会）,,X/Instagram/Web,x,nu_zengakukai,https://x.com/nu_zengakukai,https://instagram.com/air_nagoya_uni,https://www.japan.dentsu.com/jp/news.html,52,30,7,10,5,83,7257fa13-007d-4bf9-a5bd-746b6e5120cf,,,
1587,,"（1,400件の対象外・claim率が良ければ追加）",学生健康保険委員会,慶應義塾大学,学術・研究（ゼミ・研究会・勉強会）,,X/Instagram/Web,x,keio_kenpo,https://x.com/KEIO_KENPO,https://instagram.com/keio__kenpo,https://keio-kenpo.amebaownd.com/,70,30,25,10,5,282,909b9610-6c28-44f8-9288-a75968ac912f,,,
1588,,"（1,400件の対象外・claim率が良ければ追加）",シネマプロダクション（シネプロ）,早稲田大学,文化系（音楽・演劇・アート）,60,X,x,cineprocinepro,https://x.com/cineprocinepro,,,65,10,25,15,15,288,c856e9b4-620f-4311-9a36-cba194cab617,,,
1589,,"（1,400件の対象外・claim率が良ければ追加）",華道部,上智大学,文化系（音楽・演劇・アート）,,X/Instagram,x,sophiakadou,https://x.com/SophiaKadou,https://instagram.com/sophiakadobu,,57,20,17,15,5,192,308a1ea0-6c6b-474e-b85f-2145fbf2c0aa,,,
1590,,"（1,400件の対象外・claim率が良ければ追加）",創像工房 in front of.,慶應義塾大学,趣味・その他,,X/Instagram/Web,x,sozo_orien2026,https://x.com/sozo_orien2026,https://instagram.com/sozo_orien2025,https://sozokobo.com/amirah/,70,30,25,10,5,283,91203080-8499-4b72-b345-b9c18ee57e47,,,
1591,,"（1,400件の対象外・claim率が良ければ追加）",舞台美術研究会,早稲田大学,文化系（音楽・演劇・アート）,50,X,x,butabi_w,https://x.com/butabi_w,,,65,10,25,15,15,289,d92d6820-4cdb-4305-a106-7eeafb92315e,,,
1592,,"（1,400件の対象外・claim率が良ければ追加）",航空部,北海道大学,運動系（スポーツ・アウトドア）,,X/Web,x,hokudai_glider,https://x.com/hokudai_glider,,https://hokudai-glider.jimdofree.com/%E9%83%A8%E5%93%A1%E7%B4%B9%E4%BB%8B/,53,20,8,20,5,87,62684831-444a-4dfb-a80e-5b4ffbfca533,,,
1593,,"（1,400件の対象外・claim率が良ければ追加）",上智大学ヴィーガンサークル,上智大学,文化系（音楽・演劇・アート）,,Instagram/Web,instagram,sophiavegansociety,,https://instagram.com/sophiavegansociety,https://diversity-sustainability.sophia.ac.jp/information/3306/,57,20,17,15,5,193,36da6bbb-8e82-42f5-bd1f-df67f7f710ac,,,
1594,,"（1,400件の対象外・claim率が良ければ追加）",L'oeuf Tennis Club,慶應義塾大学,趣味・その他,,X/Instagram/Web,x,loeuf2025,https://x.com/loeuf2025,https://instagram.com/loeuf_tennisclub,https://orientation.keio-zenkyo.net/circle2025/317,70,30,25,10,5,284,9398d2bc-86d7-464e-9f09-724c81d581b5,,,
1595,,"（1,400件の対象外・claim率が良ければ追加）",杖道部,一橋大学,運動系（スポーツ・アウトドア）,,X/Web,x,muro_poke,https://x.com/muro_poke,,https://campus-map.jp/hit/club/32/,53,20,8,20,5,93,7fd9a5aa-290f-41ef-9d37-f2f411e5df99,,,
1596,,"（1,400件の対象外・claim率が良ければ追加）",日本拳法部,京都大学,運動系（スポーツ・アウトドア）,,X/Web,x,nichidainikken,https://x.com/nichidainikken,,https://www.kuas.ac.jp/en/assets/pdf/downloads/p-l/2024_clubactivitiesguide.pdf,55,20,10,20,5,119,7a50c519-61a4-454e-9b7a-21a8fb38b406,,,
1597,,"（1,400件の対象外・claim率が良ければ追加）",バスケットボールサークルＪＡＷＳ,早稲田大学,運動系（スポーツ・アウトドア）,48,X,x,jaws_waseda,https://x.com/jaws_waseda,,,65,10,25,20,10,290,fbbe6fca-95e0-4ad2-b5a0-41d671650a16,,,
1598,,"（1,400件の対象外・claim率が良ければ追加）",東大あぐりえこん。,東京大学,趣味・その他,,X/Instagram/Web,x,agri_econ_,https://x.com/agri_econ_,https://instagram.com/agri.econ,https://ww.twstalker.com/agri_econ_,55,30,10,10,5,114,d8dc84c2-31b1-4893-a400-4691c6519742,,,
1599,,"（1,400件の対象外・claim率が良ければ追加）",猫サークル とんねこ,東北大学,文化系（音楽・演劇・アート）,,X/Instagram/Web,x,_tonneko,https://x.com/_tonneko,https://instagram.com/tonneko_tohoku_univ,https://tonneko2014.wixsite.com/tonneko,57,30,7,15,5,78,bded8bff-4769-452b-abff-f49a6198e031,,,
1600,,"（1,400件の対象外・claim率が良ければ追加）",学生団体Flagship,大阪大学,学術・研究（ゼミ・研究会・勉強会）,,X/Instagram/Web,x,ou_flagship,https://x.com/ou_flagship,https://instagram.com/ou_flagship.official,https://flagshipoct12021.wixsite.com/----flagship,53,30,8,10,5,94,35f2b9db-0f22-4ca9-bb34-5127c6e470c5,,,
1601,,"（1,400件の対象外・claim率が良ければ追加）",SVRC,慶應義塾大学,趣味・その他,,X/Instagram/Web,x,sfcvr,https://x.com/sfcvr,https://instagram.com/keio_kuroken,https://www.keio-zenkyo.net/about-member-organizations,70,30,25,10,5,285,950c2472-14e0-411b-b0b7-1bf27ed89f1e,,,
1602,,"（1,400件の対象外・claim率が良ければ追加）",軟式野球部,早稲田大学,運動系（スポーツ・アウトドア）,46,X,x,agouwaseda,https://x.com/AgouWASEDA,,,65,10,25,20,10,291,e3028dbc-f962-44bc-bbe0-3b158ff5aa53,,,
1603,,"（1,400件の対象外・claim率が良ければ追加）",上智大学サーフライフセービングクラブ（SophiaSLSC）,上智大学,文化系（音楽・演劇・アート）,,Instagram/Web,instagram,sophia_slsc,,https://instagram.com/sophia_slsc,https://diversity-sustainability.sophia.ac.jp/efforts/838/,57,20,17,15,5,194,3a3196be-cf9b-4c60-b16a-cb1a3496a7f5,,,
1604,,"（1,400件の対象外・claim率が良ければ追加）",自動車部,九州大学,趣味・その他,,X/Instagram/Web,x,qucc_official,https://x.com/qucc_official,https://instagram.com/qucc_official,http://kyudaicircle.club/s023_car/,52,30,7,10,5,84,05e47e0d-92fb-4d0b-86f0-ae0027b26bb0,,,
1605,,"（1,400件の対象外・claim率が良ければ追加）",Chess Circle,名古屋大学,趣味・その他,,X/Instagram/Web,x,nuchesscircle,https://x.com/NUChessCircle,https://instagram.com/nuchesscircle,https://meidaisai.com/autumn/47th/nuchesscircle/,52,30,7,10,5,84,72a2510f-dc1f-4dd0-8697-03a73b54bed5,,,
1606,,"（1,400件の対象外・claim率が良ければ追加）",英語会(医学部),慶應義塾大学,国際交流・語学,,Instagram/Web,instagram,keiomed.athletes.,,https://instagram.com/keiomed.athletes.,https://orientation.keio-zenkyo.net/for-freshman/medical-student,70,20,25,20,5,286,97380edf-0bb6-492b-a830-5d8e31cc1fe9,,,
1607,,"（1,400件の対象外・claim率が良ければ追加）",山小屋研究会,早稲田大学,学術・研究（ゼミ・研究会・勉強会）,45,X/Instagram,x,sodaiyamaken2,https://x.com/sodaiyamaken2,https://instagram.com/waseda.yamaken,,65,20,25,10,10,292,4dccfb4a-5cc0-423c-8bfd-4e420ef1ee1a,,,
1608,,"（1,400件の対象外・claim率が良ければ追加）",RPG研究会,京都大学,学術・研究（ゼミ・研究会・勉強会）,,X/Instagram/Web,x,kyotou_trpg,https://x.com/kyotou_trpg,https://instagram.com/bocs.kyodai,https://www.kyoto-gakuseisaiten.com/shinkan_group/4333,55,30,10,10,5,120,9b0b05f8-54c6-4cf9-aea2-a3bf9b571c06,,,
1609,,"（1,400件の対象外・claim率が良ければ追加）",アルティメットサークルPADDY,北海道大学,運動系（スポーツ・アウトドア）,,X/Instagram,x,hu_ulti_paddy,https://x.com/hu_ulti_paddy,https://instagram.com/huc.paddy,,53,20,8,20,5,88,7026bc15-717c-400a-9440-26ff49b42779,,,
1610,,"（1,400件の対象外・claim率が良ければ追加）",Sophia Language Exchange Club (SLE) 上智大学言語交換サークル,上智大学,文化系（音楽・演劇・アート）,,Instagram/Web,instagram,sophialanguageexchangeclub,,https://instagram.com/sophialanguageexchangeclub,https://www.sophia-cler.jp/llc/exchange.html,57,20,17,15,5,195,3cc705e9-0dd7-4db4-8a80-8a908d8aa705,,,
1611,,"（1,400件の対象外・claim率が良ければ追加）",五月祭常任委員会,東京大学,趣味・その他,,X/Instagram/Web,x,gogatsusai,https://x.com/gogatsusai,https://instagram.com/gogatsusai,https://linktr.ee/gogatsusai,55,30,10,10,5,115,e098b29d-089b-49d6-976f-b50a6770284a,,,
1612,,"（1,400件の対象外・claim率が良ければ追加）",チェスクラブ,慶應義塾大学,趣味・その他,,X/Instagram/Web,x,keio_kucc,https://x.com/keio_kucc,https://instagram.com/yamada_ymkn,https://orientation.keio-zenkyo.net/circle2024-en/235,70,30,25,10,5,287,993e6166-4bf9-410a-a032-56215216a00c,,,
1613,,"（1,400件の対象外・claim率が良ければ追加）",コンピュータ研究会Bashi.com,一橋大学,学術・研究（ゼミ・研究会・勉強会）,,X/Instagram/Web,x,hitcomputerclub,https://x.com/HitComputerClub,https://instagram.com/bashi_seka,https://mobile.twstalker.com/Pkichi5211,53,30,8,10,5,94,8214015a-5cdb-4c2b-b7bf-36cf81976853,,,
1614,,"（1,400件の対象外・claim率が良ければ追加）",料理サークル,国際基督教大学,趣味・その他,40,X/Instagram/Web,x,tablefortwo_icu,https://x.com/tablefortwo_icu,https://instagram.com/icu__prism_23,https://www.icu.ac.jp/campuslife/club/,54,30,4,10,10,43,edf7fa10-91d5-4c72-9eb8-9dda86c0407e,,,
1615,,"（1,400件の対象外・claim率が良ければ追加）",早稲田大学作問サークル,早稲田大学,学術・研究（ゼミ・研究会・勉強会）,44,X/Instagram,x,wu_sakumon,https://x.com/WU_sakumon,https://instagram.com/waseda_sakumon,,65,20,25,10,10,293,66d087da-2db1-45b4-adca-b7a1d76f4043,,,
1616,,"（1,400件の対象外・claim率が良ければ追加）",鉄道研究会,大阪大学,趣味・その他,,X/Instagram/Web,x,osussr1,https://x.com/osussr1,https://instagram.com/handai_tekken,https://www.osaka-sandai.ac.jp/club_circle/club/227,53,30,8,10,5,95,3be6bd96-753f-4400-a56d-a2001f024a19,,,
1617,,"（1,400件の対象外・claim率が良ければ追加）",Front Runner,慶應義塾大学,趣味・その他,,X/Instagram/Web,x,fr_keio25,https://x.com/fr_keio25,https://instagram.com/fr_keio,https://front-runner1.jimdoweb.com/home/,70,30,25,10,5,288,9948012a-e6c0-4c8a-98fd-b27a7da505e7,,,
1618,,"（1,400件の対象外・claim率が良ければ追加）",早稲田大学占い研究会,早稲田大学,学術・研究（ゼミ・研究会・勉強会）,43,X/Instagram,x,waseda_uraken,https://x.com/Waseda_Uraken,https://instagram.com/waseda_uraken,,65,20,25,10,10,294,819bfa12-90eb-4892-9c6e-8d07740d8c73,,,
1619,,"（1,400件の対象外・claim率が良ければ追加）",ソフィアカントリークラブ,上智大学,文化系（音楽・演劇・アート）,,X/Instagram,x,sophia___cc,https://x.com/Sophia___CC,https://instagram.com/sophia___cc,,57,20,17,15,5,196,4762fd8c-866a-40a3-af9c-d9d882089e71,,,
1620,,"（1,400件の対象外・claim率が良ければ追加）",人形劇団星座,東北大学,文化系（音楽・演劇・アート）,,X/Instagram/Web,x,hoshiza10,https://x.com/hoshiza10,https://instagram.com/hoshiza.tohoku,https://www.tohoku.ac.jp/japanese/studentinfo/studentlife/02/studentlife0201/dantaiichiran.pdf,57,30,7,15,5,79,dcccbab0-024f-4d09-be75-e2e4f9a67ba5,,,
1621,,"（1,400件の対象外・claim率が良ければ追加）",心身統一合氣道部,東京科学大学,運動系（スポーツ・アウトドア）,,X/Web,x,icuaikidoclub,https://x.com/icuaikidoclub,,https://titech.info/circle/82,48,20,3,20,5,41,563998f6-08d5-4406-9031-47c51533bd51,,,
1622,,"（1,400件の対象外・claim率が良ければ追加）",パン同好会,九州大学,趣味・その他,,X/Instagram/Web,x,qu_bread,https://x.com/QU_bread,https://instagram.com/qu_bread,https://qubread.1web.jp/,52,30,7,10,5,85,0f215caa-0cc8-41b7-8f23-2882ba9f68f8,,,
1623,,"（1,400件の対象外・claim率が良ければ追加）",かるたサークル,名古屋大学,趣味・その他,,X/Instagram/Web,x,karutatoro,https://x.com/karutatoro,https://instagram.com/meidaikaruta,https://ww.twstalker.com/karutatoro,52,30,7,10,5,85,7550bb1e-3538-4f55-81b2-16a0ec215d50,,,
1624,,"（1,400件の対象外・claim率が良ければ追加）",舞踏研究会,京都大学,学術・研究（ゼミ・研究会・勉強会）,,X/Instagram/Web,x,kyobuken,https://x.com/kyobuken,https://instagram.com/kyobuken2021,https://www.kyoto-gakuseisaiten.com/shinkan_group/4277,55,30,10,10,5,121,9ed10445-517b-4ad5-9062-84f5e5b680af,,,
1625,,"（1,400件の対象外・claim率が良ければ追加）",教育学検討会,慶應義塾大学,学術・研究（ゼミ・研究会・勉強会）,,X/Instagram/Web,website,https://www.kyorin-u.ac.jp/univ/faculty/medicine/education/staff/detail/?id=med32001,https://x.com/Keio_Circle,https://instagram.com/keiofukuken,https://www.kyorin-u.ac.jp/univ/faculty/medicine/education/staff/detail/?id=med32001,70,30,25,10,5,289,9c5f2c3b-4020-45f0-a654-df93bdfb96c4,,,
1626,,"（1,400件の対象外・claim率が良ければ追加）",WASElele,早稲田大学,趣味・その他,43,X/Instagram,x,waselele,https://x.com/WASElele,https://instagram.com/waselele,,65,20,25,10,10,295,d88a0238-22c3-4d8b-ac36-7353542f2d69,,,
1627,,"（1,400件の対象外・claim率が良ければ追加）",OIKOS 東大,東京大学,趣味・その他,,X/Instagram/Web,x,ooosawaaa,https://x.com/ooosawaaa,https://instagram.com/oikos_todai,https://campus-map.jp/ut/club/285/,55,30,10,10,5,116,e0c8ab8c-c90d-4a10-a7b2-3f5a53e30af6,,,
1628,,"（1,400件の対象外・claim率が良ければ追加）",MLTこどもプロジェクト,上智大学,文化系（音楽・演劇・アート）,,Instagram/Web,website,https://mltkodomo.wixsite.com/chiyoda,,https://instagram.com/sircle_sophia,https://mltkodomo.wixsite.com/chiyoda,57,20,17,15,5,197,516faac3-0d59-443e-aed3-99c4420a5b23,,,
1629,,"（1,400件の対象外・claim率が良ければ追加）",天文同好会,北海道大学,学術・研究（ゼミ・研究会・勉強会）,,X/Instagram/Web,x,otenki_hokkikai,https://x.com/otenki_hokkikai,https://instagram.com/hokudaitenmon,https://tenten-monmon-hokudai.org/,53,30,8,10,5,89,749484d7-0646-456d-be32-533466dfc011,,,
1630,,"（1,400件の対象外・claim率が良ければ追加）",ASHIZARU,慶應義塾大学,趣味・その他,,X/Instagram/Web,x,ashizaru2,https://x.com/Ashizaru2,https://instagram.com/ashizaru_sfc,https://issuu.com/vietnamsketch/docs/sketch_202307_all,70,30,25,10,5,290,9f6f5bdb-ba26-4369-afbd-6023c4dff12b,,,
1631,,"（1,400件の対象外・claim率が良ければ追加）",早稲田農業サークルこだま,早稲田大学,趣味・その他,42,X/Instagram,x,waseda_kodama,https://x.com/waseda_kodama,https://instagram.com/waseda_kodama,,65,20,25,10,10,296,830887b4-7dd7-4e07-9041-2f14626223e3,,,
1632,,"（1,400件の対象外・claim率が良ければ追加）",Pro-K,一橋大学,趣味・その他,,X/Instagram/Web,x,prok_shinkan,https://x.com/prok_shinkan,https://instagram.com/prok_shinkan,https://campus-map.jp/hit/club/64/,53,30,8,10,5,95,907a9f02-175a-451f-9794-a93cb4452a9b,,,
1633,,"（1,400件の対象外・claim率が良ければ追加）",法律相談部,大阪大学,学術・研究（ゼミ・研究会・勉強会）,,X/Instagram/Web,x,handai_housou,https://x.com/handai_housou,https://instagram.com/handai_housou,https://www.twstalker.com/handai_housou,53,30,8,10,5,96,4fe62afb-794a-457c-8599-f25bbe3abda9,,,
1634,,"（1,400件の対象外・claim率が良ければ追加）",福澤先生研究会,慶應義塾大学,学術・研究（ゼミ・研究会・勉強会）,,X/Instagram/Web,x,keiofukuken,https://x.com/keiofukuken,https://instagram.com/keiofukuken,https://orientation.keio-zenkyo.net/circle2025/62,70,30,25,10,5,291,a16e03d1-ec53-4763-a866-24de05b16e70,,,
1635,,"（1,400件の対象外・claim率が良ければ追加）",早稲田大学戦史研究会,早稲田大学,学術・研究（ゼミ・研究会・勉強会）,41,X/Web,x,wsenshiken,https://x.com/wsenshiken,,https://sites.google.com/site/wsenshiken/home,65,20,25,10,10,297,14660ad4-881d-4e23-b890-59158a04d787,,,
1636,,"（1,400件の対象外・claim率が良ければ追加）",上智大学吹奏楽団（SMB）,上智大学,文化系（音楽・演劇・アート）,,X/Instagram,x,smb_sophia,https://x.com/smb_sophia,https://instagram.com/sophia_marching_band,,57,20,17,15,5,198,54207024-91f3-434f-b102-f1496cfdf59f,,,
1637,,"（1,400件の対象外・claim率が良ければ追加）",Egoistic Dancers,京都大学,趣味・その他,,X/Instagram/Web,x,egoisticdancers,https://x.com/egoisticdancers,https://instagram.com/egoisticdancers.shinkan,https://www.kyoto-gakuseisaiten.com/shinkan_group/4128,55,30,10,10,5,122,a07795bd-fc6f-42e8-af9a-813d229ffadc,,,
1638,,"（1,400件の対象外・claim率が良ければ追加）",東京大学 English Speaking Society,東京大学,学術・研究（ゼミ・研究会・勉強会）,,X/Instagram/Web,x,utess_speech,https://x.com/utess_speech,https://instagram.com/utess2021,https://ut-ess.com/links/,55,30,10,10,5,117,e9173fcd-5e12-44df-be89-09c1c3d7ef02,,,
1639,,"（1,400件の対象外・claim率が良ければ追加）",自動車部,東北大学,趣味・その他,,X/Instagram/Web,x,tumc132,https://x.com/TUMC132,https://instagram.com/tgu_automobile_club,https://tohoku-gakuin.com/%E8%87%AA%E5%8B%95%E8%BB%8A%E9%83%A8-2/,52,30,7,10,5,80,04b62fd1-1197-4246-86ea-ac56ef6629b8,,,
1640,,"（1,400件の対象外・claim率が良ければ追加）",シャンソン研究会,慶應義塾大学,学術・研究（ゼミ・研究会・勉強会）,,X/Instagram/Web,instagram,keio_chanson,https://x.com/keio_zenkyo,https://instagram.com/keio_chanson,https://ryunen.net/teikei,70,30,25,10,5,292,a5eb2d01-8fbf-4825-9cb4-ebb5b0419dd8,,,
1641,,"（1,400件の対象外・claim率が良ければ追加）",囲碁会,早稲田大学,趣味・その他,40,X/Instagram,x,waseda15kai,https://x.com/waseda15kai,https://instagram.com/waseda15kai,,65,20,25,10,10,298,3087f9d6-ee2e-4d40-86c1-7aca6edf9a04,,,
1642,,"（1,400件の対象外・claim率が良ければ追加）",マジックサークル,九州大学,趣味・その他,,X/Instagram/Web,x,kyudaimagic,https://x.com/kyudaimagic,https://instagram.com/qu_magic_club,https://webqmc.wixsite.com/homepage,52,30,7,10,5,86,10c279c3-0935-4d2c-82d1-82ee82a513d0,,,
1643,,"（1,400件の対象外・claim率が良ければ追加）",トライアスロン部,名古屋大学,運動系（スポーツ・アウトドア）,,X/Instagram,x,eranyaa1991,https://x.com/eranyaa1991,https://instagram.com/eranyaa1991,,52,20,7,20,5,86,80bcdd15-8873-414c-ac47-d3ce1202332e,,,
1644,,"（1,400件の対象外・claim率が良ければ追加）",宝塚歌劇同好会,上智大学,文化系（音楽・演劇・アート）,,Instagram/Web,website,https://lit.link/tkrsophia,,https://instagram.com/sophia_k_on,https://lit.link/tkrsophia,57,20,17,15,5,199,5772a4c4-d9d2-4405-a283-22fc691f6af5,,,
1645,,"（1,400件の対象外・claim率が良ければ追加）",経済学部ゼミナール委員会,慶應義塾大学,学術・研究（ゼミ・研究会・勉強会）,,X/Instagram/Web,x,keizemi_offical,https://x.com/keizemi_offical,https://instagram.com/keizemi_official,https://keizemi-keio.info/seminar/,70,30,25,10,5,293,a7163134-c3fe-4545-bec5-d8480534ce57,,,
1646,,"（1,400件の対象外・claim率が良ければ追加）",早稲田大学理工英語会,早稲田大学,国際交流・語学,40,X,x,webwress,https://x.com/webwress,,,65,10,25,20,10,299,3fa290bf-0d02-48e7-8a20-42bc35ba0ff4,,,
1647,,"（1,400件の対象外・claim率が良ければ追加）",自動車部,北海道大学,趣味・その他,,X/Instagram/Web,x,bb_hokkaido,https://x.com/bb_hokkaido,https://instagram.com/huac____,https://www.nodai.ac.jp/campus/club/setagaya/3/sns/,53,30,8,10,5,90,75870449-244d-4481-adc6-2fa2bf141a39,,,
1648,,"（1,400件の対象外・claim率が良ければ追加）",ソフトボールサークル ピーナッツ,一橋大学,運動系（スポーツ・アウトドア）,,X/Web,x,hittsudapeanuts,https://x.com/HitTsudaPeanuts,,https://3rd-place-lab.com/club-hitotsubashi/,53,20,8,20,5,96,a909b714-c962-41de-8040-8f6b25678c5f,,,
1649,,"（1,400件の対象外・claim率が良ければ追加）",現代社会研究会,京都大学,学術・研究（ゼミ・研究会・勉強会）,,X/Instagram/Web,x,genzemi,https://x.com/genzemi,https://instagram.com/bocs.kyodai,https://www.kyoto-su.ac.jp/faculty/fs/fs_sns/,55,30,10,10,5,123,a0f116fa-8275-428b-a9b2-6acdbbe17ae7,,,
1650,,"（1,400件の対象外・claim率が良ければ追加）",ゴスペルサークル,国際基督教大学,文化系（音楽・演劇・アート）,,X/Instagram/Web,instagram,the_clumsy_official,https://x.com/ICU_clumsy,https://instagram.com/the_clumsy_official,https://theclumsychorus.wixsite.com/the-clumsy-chorus,54,30,4,15,5,44,7382c04a-40e6-4cea-8329-5606d2ded9f4,,,
1651,,"（1,400件の対象外・claim率が良ければ追加）",サッカー部,大阪大学,運動系（スポーツ・アウトドア）,,X/Instagram,x,osakaunivsoccer,https://x.com/OsakaUnivsoccer,https://instagram.com/makihalala,,53,20,8,20,5,97,51feb674-5de0-4ca9-8009-67c8f63baee0,,,
1652,,"（1,400件の対象外・claim率が良ければ追加）",法学部法律学科ゼミナール委員会,慶應義塾大学,学術・研究（ゼミ・研究会・勉強会）,,X/Instagram/Web,x,keio_houzemi,https://x.com/keio_houzemi,https://instagram.com/2025hozeminyuzemi,https://keiolaw.org/houritsu-iinkai/,70,30,25,10,5,294,a9062be5-16f8-460a-ad08-b561b2060ea3,,,
1653,,"（1,400件の対象外・claim率が良ければ追加）",WASEDA　BALLERS,早稲田大学,運動系（スポーツ・アウトドア）,40,X,x,waseda_ballers,https://x.com/waseda_ballers,,,65,10,25,20,10,300,c18c26de-32af-4633-ac3e-3c42b70964f6,,,
1654,,"（1,400件の対象外・claim率が良ければ追加）",バーガータウンサバゲー,上智大学,文化系（音楽・演劇・アート）,,X/Web,x,sophia_sabage,https://x.com/sophia_sabage,,http://www.maya-fwe.com/cat14/,57,20,17,15,5,200,5edf8a08-9622-4cfa-8f12-ee30e42f2d58,,,
1655,,"（1,400件の対象外・claim率が良ければ追加）",ラクロス部女子,東京大学,運動系（スポーツ・アウトドア）,,X/Instagram,x,tus_w_lax,https://x.com/tus_w_lax,https://instagram.com/tokyo_girls_lax,,55,20,10,20,5,118,eb7fbc79-801f-4009-bc9b-6226725f0d33,,,
1656,,"（1,400件の対象外・claim率が良ければ追加）",バドミントン部（薬学部）,慶應義塾大学,運動系（スポーツ・アウトドア）,,X/Instagram,x,yakubado2020,https://x.com/yakubado2020,https://instagram.com/keiobadsmash,,70,20,25,20,5,295,a90ffa64-b6e2-4a98-a943-cea423876882,,,
1657,,"（1,400件の対象外・claim率が良ければ追加）",早稲田レゴブロック研究会,早稲田大学,学術・研究（ゼミ・研究会・勉強会）,40,X/Instagram,x,w_legob,https://x.com/w_Legob,https://instagram.com/w.legoblock,,65,20,25,10,10,301,d2fa1b6f-915c-408f-afa4-6401c553b8f0,,,
1658,,"（1,400件の対象外・claim率が良ければ追加）",上智大学フォークソング愛好会,上智大学,文化系（音楽・演劇・アート）,,X/Instagram,x,todaionkan2023,https://x.com/todaionkan2023,https://instagram.com/sophiafolksong,,57,20,17,15,5,201,6c1e9b21-ab54-4182-9d37-237d7c048444,,,
1659,,"（1,400件の対象外・claim率が良ければ追加）",都市・まちづくり研究会,東北大学,学術・研究（ゼミ・研究会・勉強会）,,X/Instagram/Web,x,toshiken2026,https://x.com/toshiken2026,https://instagram.com/toshiken.tohoku,https://www.arc-navi.shikaku.co.jp/column/details.php?column_id=2706,52,30,7,10,5,81,0bf70ada-f7d1-41ab-889c-217bcf650d39,,,
1660,,"（1,400件の対象外・claim率が良ければ追加）",クイズ研究会,九州大学,趣味・その他,,X/Instagram/Web,x,qdaiquiz,https://x.com/qdaiquiz,https://instagram.com/k.u.i.f.a,https://twilog.togetter.com/qdaiquiz,52,30,7,10,5,87,1d7ed70b-d38f-4457-94b3-0014b5e56afd,,,
1661,,"（1,400件の対象外・claim率が良ければ追加）",ソフトテニス部,名古屋大学,運動系（スポーツ・アウトドア）,,X/Instagram,x,parabol85350984,https://x.com/parabol85350984,https://instagram.com/flat_ncu_softtennis,,52,20,7,20,5,87,8b8f4ce8-6c03-46a2-8b23-2f904f125d77,,,
1662,,"（1,400件の対象外・claim率が良ければ追加）",ロック研究会,東京科学大学,学術・研究（ゼミ・研究会・勉強会）,,X/Instagram/Web,x,rockken_titech,https://x.com/Rockken_titech,https://instagram.com/tusrockken,https://titech.info/circle/32,48,30,3,10,5,42,696db658-61c1-4a0a-8ee5-36b5d2ad25fb,,,
1663,,"（1,400件の対象外・claim率が良ければ追加）",早稲田大学VTuber研究会,早稲田大学,学術・研究（ゼミ・研究会・勉強会）,39,X/Web,x,waseda_virtual,https://x.com/waseda_Virtual,,https://waseda.vken.org/,65,20,25,10,10,302,7ef3f941-7486-4bf9-83c5-7933037cf54f,,,
1664,,"（1,400件の対象外・claim率が良ければ追加）",クイズ研究会,慶應義塾大学,趣味・その他,,X/Instagram/Web,x,kqkquiz,https://x.com/kqkquiz,https://instagram.com/kqk_quiz,https://news.penmark.jp/community-kqk/,70,30,25,10,5,296,aca12fbc-5da9-4b1d-a683-be0327ed0d39,,,
1665,,"（1,400件の対象外・claim率が良ければ追加）",全学学生自治会同学会,京都大学,学術・研究（ゼミ・研究会・勉強会）,,X/Instagram/Web,x,ku_saikenjunbi,https://x.com/KU_SaikenJunbi,https://instagram.com/ku_asic,https://kyoto-univ-dgk.mystrikingly.com/,55,30,10,10,5,124,acb55696-8fd1-473e-ad4d-8c2b058c0d2f,,,
1666,,"（1,400件の対象外・claim率が良ければ追加）",Swings,一橋大学,趣味・その他,,X/Instagram/Web,x,swings_hit,https://x.com/Swings_Hit,https://instagram.com/swings_hit2024,https://campus-map.jp/hit/club/41/,53,30,8,10,5,97,b2be2906-a8a7-40df-95af-7dfdae2cce4f,,,
1667,,"（1,400件の対象外・claim率が良ければ追加）",推理小説研究会,北海道大学,学術・研究（ゼミ・研究会・勉強会）,,X/Instagram/Web,x,hokudai_mmc,https://x.com/hokudai_mmc,https://instagram.com/hokudai_mmc,https://hubcnavi.net/hokudai_mmc,53,30,8,10,5,91,7e5fd869-7a03-479c-b721-4bd46e761ae4,,,
1668,,"（1,400件の対象外・claim率が良ければ追加）",東京大学中国留学生学友会,東京大学,国際交流・語学,,X/Web,website,https://www.oita-pjc.ac.jp/files/book_6482db4a-68b0-473e-85ed-4ef86440001f_file.pdf,https://x.com/UTokyoDiligent,,https://www.oita-pjc.ac.jp/files/Book_6482db4a-68b0-473e-85ed-4ef86440001f_file.pdf,55,20,10,20,5,119,f551426d-2519-4cd3-944b-b5118d82b456,,,
1669,,"（1,400件の対象外・claim率が良ければ追加）",早大M+,早稲田大学,運動系（スポーツ・アウトドア）,38,X,x,wasedamplus,https://x.com/wasedamplus,,,65,10,25,20,10,303,303d69ec-d797-47ec-9ab8-096e84cfa842,,,
1670,,"（1,400件の対象外・claim率が良ければ追加）",Acoustic Studio(アコスタ),上智大学,文化系（音楽・演劇・アート）,,X/Web,x,acosta_music_,https://x.com/Acosta_Music_,,https://mobile.twstalker.com/hashtag/%23%E6%98%A5%E3%81%8B%E3%82%89%E4%B8%8A%E6%99%BA,57,20,17,15,5,202,79f6919d-761c-4832-9fe2-30d31da8068f,,,
1671,,"（1,400件の対象外・claim率が良ければ追加）",囲碁部,慶應義塾大学,趣味・その他,,X/Instagram/Web,x,keioigobu,https://x.com/keioigobu,https://instagram.com/keio_igo,https://info-jukusei.com/miusig/,70,30,25,10,5,297,b0231627-3653-4d0e-b522-29ec0f3975b5,,,
1672,,"（1,400件の対象外・claim率が良ければ追加）",RPG研究会,大阪大学,学術・研究（ゼミ・研究会・勉強会）,,X/Instagram/Web,x,trpginou,https://x.com/trpginou,https://instagram.com/rpgsociety.osaka_u,https://machikanesai.com/archive/22/event/kannai/detail/f940842f-0583-11ed-9076-00163e18c256/,53,30,8,10,5,98,5b641eec-b9b0-4173-b0e9-a89220aaa895,,,
1673,,"（1,400件の対象外・claim率が良ければ追加）",歴史文化研究会,早稲田大学,学術・研究（ゼミ・研究会・勉強会）,36,X/Web/LINE,x,wrekibunken,https://x.com/wrekibunken,,https://w-rekibunken.amebaownd.com/,65,20,25,10,10,304,91647a85-1e9b-4521-a9fc-cb017b5cecd6,,,
1674,,"（1,400件の対象外・claim率が良ければ追加）",K.I.Cバスケットボール同好会,慶應義塾大学,運動系（スポーツ・アウトドア）,,Instagram/Web,instagram,kic_basketball_2025,,https://instagram.com/kic_basketball_2025,https://huggingface.co/spaces/Rayzggz/hanser-Bert-VITS2/commit/e526878cb458dae60d39432f16556cce18bc6af3.diff,70,20,25,20,5,298,b0d984c2-00fe-47c3-af49-1f6c606320ca,,,
1675,,"（1,400件の対象外・claim率が良ければ追加）",上智大学表千家茶道部,上智大学,文化系（音楽・演劇・アート）,,X/Instagram,instagram,omote_sado_sophia,https://x.com/sophia_sadou,https://instagram.com/omote_sado_sophia,,57,20,17,15,5,203,7e909ef5-30de-442a-bd48-ea9a7e68647a,,,
1676,,"（1,400件の対象外・claim率が良ければ追加）",地理同好会,京都大学,趣味・その他,,X/Instagram/Web,x,kugra_kuchiri,https://x.com/KUGRA_KUchiri,https://instagram.com/kyodai_chiriken,https://campus-map.jp/kyoto/club/111/,55,30,10,10,5,125,b125df34-9c64-4ed7-8753-e6991299280e,,,
1677,,"（1,400件の対象外・claim率が良ければ追加）",ロボット技術研究会,九州大学,学術・研究（ゼミ・研究会・勉強会）,,X/Instagram/Web,website,https://kikin.kyushu-u.ac.jp/info/news/view.php?page=1&r_search=&r_division=1&cid=2029,https://x.com/kurt_Qdai,https://instagram.com/qu_planetq,https://kikin.kyushu-u.ac.jp/info/news/view.php?page=1&r_search=&r_division=1&cId=2029,52,30,7,10,5,88,2294fc53-d935-46a5-8f2e-fcffb8a4e06f,,,
1678,,"（1,400件の対象外・claim率が良ければ追加）",舞踏研究会,名古屋大学,学術・研究（ゼミ・研究会・勉強会）,,X/Instagram/Web,x,meidaibuken,https://x.com/meidaibuken,https://instagram.com/meijobuken,https://www.ameba.jp/profile/general/meidaibuken/,52,30,7,10,5,88,8c1503c6-7218-452c-be5b-e0709a1cdc0b,,,
1679,,"（1,400件の対象外・claim率が良ければ追加）",教育・教職サークルT-team(T-team),早稲田大学,学術・研究（ゼミ・研究会・勉強会）,36,X/Instagram,x,tteam_kyousyoku,https://x.com/Tteam_kyousyoku,https://instagram.com/waseda_tteam,,65,20,25,10,10,305,f4569877-b373-47dc-b9f6-4d40eabca341,,,
1680,,"（1,400件の対象外・claim率が良ければ追加）",日本文化研究会,慶應義塾大学,学術・研究（ゼミ・研究会・勉強会）,,X/Instagram/Web,website,https://info-jukusei.com/nichibunkenkeio/,https://x.com/TitanZz_Esports,https://instagram.com/keio_nichibu,https://info-jukusei.com/nichibunkenkeio/,70,30,25,10,5,299,b0dceb68-5d3c-4c02-aa87-8a214fac4f53,,,
1681,,"（1,400件の対象外・claim率が良ければ追加）",AC.SCHWARZ,東北大学,趣味・その他,,X/Instagram/Web,x,ac_schwarz,https://x.com/AC_SCHWARZ,https://instagram.com/tohoku_squash,https://twstalker.com/AC_SCHWARZ,52,30,7,10,5,82,0cfd7abf-9f7f-4285-99c2-197353cbd436,,,
1682,,"（1,400件の対象外・claim率が良ければ追加）",カイ・アルファ東大,東京大学,文化系（音楽・演劇・アート）,2,X/Web,x,1cdd5beud1,https://x.com/1Cdd5BeUD1,,https://www.tufs.ac.jp/blog/ts/p/tanana/2016/07/,50,20,10,15,5,120,1585202c-7d5d-4c21-a09a-f3fa3efa1a2d,,,
1683,,"（1,400件の対象外・claim率が良ければ追加）",広告研究会HASC,一橋大学,学術・研究（ゼミ・研究会・勉強会）,,X/Instagram/Web,x,hasc_09,https://x.com/HASC_09,https://instagram.com/hasc_09,https://campus-map.jp/hit/club/116/,53,30,8,10,5,98,c6878249-767d-45b9-8d2e-b56a365b31a4,,,
1684,,"（1,400件の対象外・claim率が良ければ追加）",探検部,北海道大学,趣味・その他,,X/Instagram/Web,x,hokudai_tanken,https://x.com/hokudai_tanken,https://instagram.com/hokudai_explorers,https://www.hokudaishinbun.com/2021/04/06/5233/,53,30,8,10,5,92,8e75123a-82de-432e-a736-adc40182b855,,,
1685,,"（1,400件の対象外・claim率が良ければ追加）",旅の会,早稲田大学,運動系（スポーツ・アウトドア）,35,X,x,wasetabi,https://x.com/wasetabi,,,65,10,25,20,10,306,033eadba-859a-4c3a-89c6-dfbd9db85703,,,
1686,,"（1,400件の対象外・claim率が良ければ追加）",アリオーゾ,上智大学,文化系（音楽・演劇・アート）,,X/Web,website,https://ariosoweb.com/about/,https://x.com/sophia_arioso,,https://ariosoweb.com/about/,57,20,17,15,5,204,83ce24c0-eaf3-4eb8-aafe-3d589de784ad,,,
1687,,"（1,400件の対象外・claim率が良ければ追加）",芝学友会,慶應義塾大学,学術・研究（ゼミ・研究会・勉強会）,,X/Instagram/Web,x,shibagakuyukai,https://x.com/shibagakuyukai,https://instagram.com/shibagakuyukai,https://www.gakuyukai-keio.org/projects/%E6%BC%A2%E6%96%B9%E9%83%A8,70,30,25,10,5,300,b2a84ce4-5e02-4915-bdea-5e4c8a670d9e,,,
1688,,"（1,400件の対象外・claim率が良ければ追加）",体育会,大阪大学,趣味・その他,,X/Instagram/Web,website,https://ou-orientation.com/search/180/,https://x.com/oudc3000,https://instagram.com/ou_archery,https://ou-orientation.com/search/180/,53,30,8,10,5,99,6490daab-0111-4657-89fe-978f13748d5a,,,
1689,,"（1,400件の対象外・claim率が良ければ追加）",落語研究会,国際基督教大学,文化系（音楽・演劇・アート）,,X/Instagram/Web,x,icurakugo,https://x.com/icurakugo,https://instagram.com/icurakugo,https://linktr.ee/icurakugomatome,54,30,4,15,5,45,ce8b7eab-b389-47cc-b121-59c93b3d96a6,,,
1690,,"（1,400件の対象外・claim率が良ければ追加）",推理小説研究会,京都大学,学術・研究（ゼミ・研究会・勉強会）,,X/Instagram/Web,x,doshisha_mys,https://x.com/doshisha_mys,https://instagram.com/soajo_kumc,https://soajo.jimdofree.com/,55,30,10,10,5,126,c252fdb6-95a8-40f9-ad20-48f04beb17a8,,,
1691,,"（1,400件の対象外・claim率が良ければ追加）",政治経済攻究会,早稲田大学,学術・研究（ゼミ・研究会・勉強会）,35,X/Web,x,kokyukaiwaseda,https://x.com/KokyukaiWaseda,,https://sites.google.com/view/kokyukai,65,20,25,10,10,307,9d25d801-803c-4ba8-9fb7-a0197dcce7a4,,,
1692,,"（1,400件の対象外・claim率が良ければ追加）",霞会,慶應義塾大学,趣味・その他,,X/Instagram/Web,instagram,kasumi_society,https://x.com/Keio_Circle,https://instagram.com/kasumi_society,https://circle.info-jukusei.com/%E5%AD%A6%E8%A1%93%E3%83%BB%E6%96%87%E5%8C%96%E7%B3%BB/%E9%9C%9E%E4%BC%9A/,70,30,25,10,5,301,b378caee-05a1-4fce-b026-16daa63b0530,,,
1693,,"（1,400件の対象外・claim率が良ければ追加）",茶道部,上智大学,文化系（音楽・演劇・アート）,,X/Instagram,instagram,sophia.teaceremony,https://x.com/sophia_sadou,https://instagram.com/sophia.teaceremony,,57,20,17,15,5,205,889aaaef-c03b-4163-ac70-8e18e2218523,,,
1694,,"（1,400件の対象外・claim率が良ければ追加）",東京大学復興ボランティア会議,東京大学,ボランティア・NPO,,X/Web,x,utvc_pr,https://x.com/UTVC_PR,,https://campus-map.jp/ut/club/63/,50,20,10,15,5,121,2a02f946-f43d-4256-ae84-94a0a0766be0,,,
1695,,"（1,400件の対象外・claim率が良ければ追加）",ネージュ・スキークラブ,早稲田大学,運動系（スポーツ・アウトドア）,35,X,x,neigeskiclub,https://x.com/neigeskiclub,,,65,10,25,20,10,308,fcb437c4-2fb8-449a-87b7-34d118cf0991,,,
1696,,"（1,400件の対象外・claim率が良ければ追加）",バスケットボールフリーク鳩バス,慶應義塾大学,運動系（スポーツ・アウトドア）,,X/Instagram,x,hatobas_keio,https://x.com/hatobas_keio,https://instagram.com/hatobas.keio.2020,,70,20,25,20,5,302,b3c4d0ac-ddd7-455f-aeb2-3e0c1fc0ff1c,,,
1697,,"（1,400件の対象外・claim率が良ければ追加）",QCOM,九州大学,趣味・その他,,X/Instagram/Web,x,qcionzoom,https://x.com/qcionzoom,https://instagram.com/qu_compost,http://kyudaicircle.club/t005_qu_compost/,52,30,7,10,5,89,27e41601-a2bb-435b-a6ea-3c29f1fa4e82,,,
1698,,"（1,400件の対象外・claim率が良ければ追加）",男子ラクロス部,名古屋大学,運動系（スポーツ・アウトドア）,,X/Instagram,x,nul_shinkan,https://x.com/nul_shinkan,https://instagram.com/nu_lizards,,52,20,7,20,5,89,8f835eb4-683e-4d30-b775-0d97edd31735,,,
1699,,"（1,400件の対象外・claim率が良ければ追加）",クイズ研究会,一橋大学,趣味・その他,,X/Instagram/Web,x,hqs_quiz,https://x.com/hqs_quiz,https://instagram.com/cherish__2020,https://ikkyosai.com/magazine/wordpress/archives/166,53,30,8,10,5,99,c6b56cc3-d49b-47b8-9b2e-ee360f8e4105,,,
1700,,"（1,400件の対象外・claim率が良ければ追加）",ロス・ガラチェロス,東京科学大学,趣味・その他,,X/Instagram/Web,x,losguarajr,https://x.com/losguaraJr,https://instagram.com/los_guaracheros.official,https://www.gakusei-walker.jp/s/51/club/detail/480/?srsltid=AfmBOoq2Iu_9iwKu-TfvoQWM4lXFMzFP7bnZxSepZ8kKxcfHck5pJlY3,48,30,3,10,5,43,92dd4837-7339-45f5-afba-4697ccff172b,,,
1701,,"（1,400件の対象外・claim率が良ければ追加）",クロースアップマジック同好会,東北大学,趣味・その他,,X/Instagram/Web,x,closeuptohoku,https://x.com/closeuptohoku,https://instagram.com/tohoku_magic,https://www.festa-tohoku.org/77/?page_id=937&utm_source=rss&utm_medium=rss&utm_campaign=%25e3%2582%25af%25e3%2583%25ad%25e3%2583%25bc%25e3%2582%25b9%25e3%2582%25a2%25e3%2583%2583%25e3%2583%2597%25e3%2583%259e%25e3%2582%25b8%25e3%2583%2583%25e3%2582%25af,52,30,7,10,5,83,163c2a57-c50e-4418-b872-eec66df7c158,,,
1702,,"（1,400件の対象外・claim率が良ければ追加）",将棋部,北海道大学,趣味・その他,,X/Instagram/Web,x,hokudai_shogi,https://x.com/hokudai_shogi,https://instagram.com/shogi.hokudai,https://hokudai.2024.giving-campaign.jp/groups?id=58e9549d-936b-4fc8-a00f-3b1fffdb0df3,53,30,8,10,5,93,91f88368-9111-403b-91c1-f2caabdfe114,,,
1703,,"（1,400件の対象外・claim率が良ければ追加）",早稲田大学幻想郷研究会,早稲田大学,学術・研究（ゼミ・研究会・勉強会）,34,X/Web,x,studyoftoho,https://x.com/studyoftoho,,http://blog.livedoor.jp/studyoftoho/,65,20,25,10,10,309,6c4b3a50-8311-47a3-8969-8d0bffe0d4ca,,,
1704,,"（1,400件の対象外・claim率が良ければ追加）",上智大学ロシア語劇団ТЕАТРАЛ,上智大学,文化系（音楽・演劇・アート）,,Instagram/Web,instagram,russian_theatrical_company,,https://instagram.com/russian_theatrical_company,https://stage.corich.jp/stage/101456/done,57,20,17,15,5,206,8d6d2534-954e-4a4f-92f6-e045767388a8,,,
1705,,"（1,400件の対象外・claim率が良ければ追加）",旅行研究会,慶應義塾大学,趣味・その他,,X/Instagram/Web,x,tabiken_keio,https://x.com/tabiken_keio,https://instagram.com/k_flips2018,https://tabiken2018.wixsite.com/website,70,30,25,10,5,303,b572c964-92ee-4fd6-a652-f87ed8885f26,,,
1706,,"（1,400件の対象外・claim率が良ければ追加）",飛行機制作研究albatross,大阪大学,学術・研究（ゼミ・研究会・勉強会）,,X/Instagram/Web,x,alba_handai,https://x.com/alba_handai,https://instagram.com/albatross_2005,https://www.osaka-u.ac.jp/ja/news/topics/2025/09/04001,53,30,8,10,5,100,6fd399cf-43a3-4cad-afdd-0f27e7681c92,,,
1707,,"（1,400件の対象外・claim率が良ければ追加）",マイコンクラブ,京都大学,趣味・その他,,X/Instagram/Web,x,kmc_jp,https://x.com/KMC_JP,https://instagram.com/kmc_jp,https://www.kmc.gr.jp/about/,55,30,10,10,5,127,c426dc17-f840-4b9d-9b08-c4981a024dc1,,,
1708,,"（1,400件の対象外・claim率が良ければ追加）",ソービズ～ソーシャルビジネスプロジェクト～,早稲田大学,学術・研究（ゼミ・研究会・勉強会）,34,Instagram/Web,instagram,wavoc_social_business_,,https://instagram.com/wavoc_social_business_,https://wavoc-social-business.vercel.app/,65,20,25,10,10,310,a3368609-e64e-4472-872e-ee700b7b6160,,,
1709,,"（1,400件の対象外・claim率が良ければ追加）",洋弓部,慶應義塾大学,運動系（スポーツ・アウトドア）,,Instagram/Web,instagram,keio_archery,,https://instagram.com/keio_archery,https://www.jukushin.com/archives/45263,70,20,25,20,5,304,b5f824bd-46c5-4418-a045-d4d69d71a8fb,,,
1710,,"（1,400件の対象外・claim率が良ければ追加）",公益財団法人 東京大学学生キリスト教青年会,東京大学,文化系（音楽・演劇・アート）,,X/Web,x,todai_ymca,https://x.com/Todai_YMCA,,https://todaiymca.or.jp/about-us/,50,20,10,15,5,122,398d9965-b3ad-4746-a884-444b1d76f4b7,,,
1711,,"（1,400件の対象外・claim率が良ければ追加）",美術研究会,上智大学,文化系（音楽・演劇・アート）,,X/Instagram,instagram,sophia_artclub.official,https://x.com/viken_sophia,https://instagram.com/sophia_artclub.official,,57,20,17,15,5,207,a31bc65e-718e-44a7-96ba-cfd14e61c738,,,
1712,,"（1,400件の対象外・claim率が良ければ追加）",化石鉱物研究会(化鉱研),早稲田大学,学術・研究（ゼミ・研究会・勉強会）,30,X/Web,x,kakoken2013,https://x.com/kakoken2013,,https://kasekikoubutu.wixsite.com/kakouken,65,20,25,10,10,311,027d6beb-592f-4601-979c-8b72093935b3,,,
1713,,"（1,400件の対象外・claim率が良ければ追加）",SHAMGOD～freestyleballers～,慶應義塾大学,趣味・その他,,X/Instagram/Web,instagram,keio_shamgod,https://x.com/keio_shamgod,https://instagram.com/keio_shamgod,https://circle.info-jukusei.com/%E3%83%91%E3%83%95%E3%82%A9%E3%83%BC%E3%83%9E%E3%83%B3%E3%82%B9%E7%B3%BB/shamgodfreestyle-ballers/,70,30,25,10,5,305,b624d4bc-c4d4-4b52-9f44-a9f87c5a9470,,,
1714,,"（1,400件の対象外・claim率が良ければ追加）",TEDxHitotsubashiU,一橋大学,趣味・その他,,X/Instagram/Web,x,tedxhitu,https://x.com/tedxhitu,https://instagram.com/tedxhitotsubashiu,https://campus-map.jp/hit/club/120/,53,30,8,10,5,100,cb3b1bcf-1dee-4dca-a34d-4037e9352ec6,,,
1715,,"（1,400件の対象外・claim率が良ければ追加）",グッドサマリタンクラブ,京都大学,趣味・その他,,X/Instagram/Web,instagram,goodsamaritanclub_ku2024,https://x.com/kyoto_fish_life,https://instagram.com/goodsamaritanclub_ku2024,https://goodsamaritanclub.org/for_japanese,55,30,10,10,5,128,d1355092-ed46-485d-9fa8-377c3e71c692,,,
1716,,"（1,400件の対象外・claim率が良ければ追加）",CHANCE,九州大学,趣味・その他,,X/Instagram/Web,x,chance_qed,https://x.com/chance_qed,https://instagram.com/chance_qed,http://kyudaicircle.club/c003_chance/,52,30,7,10,5,90,3a40a765-2d40-435d-b87c-fada2491519e,,,
1717,,"（1,400件の対象外・claim率が良ければ追加）",女子ソフトボール部,名古屋大学,運動系（スポーツ・アウトドア）,,X/Instagram,x,m_softball_m,https://x.com/m_softball_m,https://instagram.com/m_softball_mm,,52,20,7,20,5,90,a19aa86c-7053-475e-848a-eec8db1bea20,,,
1718,,"（1,400件の対象外・claim率が良ければ追加）",早稲田大学理工ラグビー部,早稲田大学,運動系（スポーツ・アウトドア）,30,X,x,uec_waseda,https://x.com/uec_waseda,,,65,10,25,20,10,312,74b9d615-a27a-4c0c-9782-635c95e19799,,,
1719,,"（1,400件の対象外・claim率が良ければ追加）",ソフィア・マンドリーノ,上智大学,文化系（音楽・演劇・アート）,,X/Web,x,sophiamandolino,https://x.com/SophiaMandolino,,https://sophiamandolino.wixsite.com/sophia-mandolino,57,20,17,15,5,208,bbed9d27-fac8-4e72-8d12-6946ceae87aa,,,
1720,,"（1,400件の対象外・claim率が良ければ追加）",商学部ゼミナール委員会,慶應義塾大学,学術・研究（ゼミ・研究会・勉強会）,,X/Instagram/Web,x,keio_shozemi,https://x.com/keio_shozemi,https://instagram.com/shozemi2019,https://shozemi.keio-zenkyo.net/committee/,70,30,25,10,5,306,bb817c89-aac3-41e9-9af1-0ed7d11f6e54,,,
1721,,"（1,400件の対象外・claim率が良ければ追加）",武田流中村派合気道部,北海道大学,運動系（スポーツ・アウトドア）,,X/Web,x,hokuseiaikido,https://x.com/hokuseiaikido,,https://hubcnavi.net/takeda_aikido,53,20,8,20,5,94,a6fc4470-4607-4c73-b4b9-a360a40542b7,,,
1722,,"（1,400件の対象外・claim率が良ければ追加）",バスケットボール部,大阪大学,運動系（スポーツ・アウトドア）,,X/Instagram,x,m61219120,https://x.com/m61219120,https://instagram.com/labatts_osaka_u,,53,20,8,20,5,101,787af633-7aee-4195-a794-e85354d90acf,,,
1723,,"（1,400件の対象外・claim率が良ければ追加）",天文同好会,東北大学,学術・研究（ゼミ・研究会・勉強会）,,X/Instagram/Web,x,tohoku10mon,https://x.com/tohoku10mon,https://instagram.com/tgu.tenmon,https://www.tohoku.ac.jp/japanese/studentinfo/studentlife/02/studentlife0201/dantaiichiran.pdf,52,30,7,10,5,84,16af8e04-8125-405c-be6a-b1d298b7e0e5,,,
1724,,"（1,400件の対象外・claim率が良ければ追加）",東京大学吹奏楽部,東京大学,文化系（音楽・演劇・アート）,,X/Instagram,x,utwe,https://x.com/utwe,https://instagram.com/_brassacademy_,,50,20,10,15,5,123,6e86129d-020d-47fa-aa33-215c9c02cad3,,,
1725,,"（1,400件の対象外・claim率が良ければ追加）",ハング・パラグライダークラブ,早稲田大学,運動系（スポーツ・アウトドア）,30,X,x,wasehan,https://x.com/wasehan,,,65,10,25,20,10,313,8ea0d4fa-e48c-4f0a-a4f5-da4cf5d4f37e,,,
1726,,"（1,400件の対象外・claim率が良ければ追加）",Computer Society,慶應義塾大学,趣味・その他,,X/Instagram/Web,x,kcs1959,https://x.com/kcs1959,https://instagram.com/kcs1959,https://info-jukusei.com/keio-programming-community/,70,30,25,10,5,307,c223fb68-40f4-4e1f-ac95-fa87dd172af5,,,
1727,,"（1,400件の対象外・claim率が良ければ追加）",華道部,国際基督教大学,文化系（音楽・演劇・アート）,,X/Instagram/Web,instagram,icuikebana,https://x.com/icu_sadou,https://instagram.com/icuikebana,https://www.icu.ac.jp/campuslife/club/cultural_activities.html,54,30,4,15,5,46,f804a2d1-bb5c-4ad3-9ebe-f14a1fb565eb,,,
1728,,"（1,400件の対象外・claim率が良ければ追加）",動物愛護サークルにゃんわん,上智大学,文化系（音楽・演劇・アート）,,X/Web,website,http://www.takusoffice.jp/works_tv.php,https://x.com/sophia_tierheim,,http://www.takusoffice.jp/works_tv.php,57,20,17,15,5,209,bcee5c12-bc5d-4939-a3b5-d1e7389b31fc,,,
1729,,"（1,400件の対象外・claim率が良ければ追加）",雄弁会,早稲田大学,学術・研究（ゼミ・研究会・勉強会）,30,X/Web,x,yubenkai,https://x.com/yubenkai,,https://www.yu-ben.com,65,20,25,10,10,314,ca913029-3ed5-4d95-9de7-b3c49dd7392d,,,
1730,,"（1,400件の対象外・claim率が良ければ追加）",アフリカ医療研究会,慶應義塾大学,学術・研究（ゼミ・研究会・勉強会）,,X/Instagram/Web,x,africa_ko_medi,https://x.com/africa_ko_medi,https://instagram.com/africa_sfc,https://keiomed-africa.jimdofree.com/about-us/,70,30,25,10,5,308,c36887ec-c326-4dd8-9435-6f851f0d803d,,,
1731,,"（1,400件の対象外・claim率が良ければ追加）",考古学研究会,京都大学,学術・研究（ゼミ・研究会・勉強会）,,X/Instagram/Web,instagram,kyotokoukoken,https://x.com/KyoudaiKoukoken,https://instagram.com/kyotokoukoken,https://kukoukoken.wixsite.com/mysite/welcome,55,30,10,10,5,129,d6e30f96-c3c0-436e-87ce-f9a4a5b43a7c,,,
1732,,"（1,400件の対象外・claim率が良ければ追加）",天文部,一橋大学,学術・研究（ゼミ・研究会・勉強会）,,X/Instagram/Web,x,astro_hit,https://x.com/astro_hit,https://instagram.com/hitu_astronomy,https://campus-map.jp/hit/club/1/,53,30,8,10,5,101,ddbf5d52-03cd-4183-aeeb-5ce5416c26e8,,,
1733,,"（1,400件の対象外・claim率が良ければ追加）",早稲田マイケル・ジャクソン研究会,早稲田大学,学術・研究（ゼミ・研究会・勉強会）,30,X/Instagram,x,mj_waseda,https://x.com/mj_waseda,https://instagram.com/mj.waseda,,65,20,25,10,10,315,ea60d4be-dce1-4a23-b4ad-f2ae69ba5516,,,
1734,,"（1,400件の対象外・claim率が良ければ追加）",上智大学イルミネーションサークルイルミロード,上智大学,文化系（音楽・演劇・アート）,,X/Instagram,instagram,sophia_illumiroad,https://x.com/sophia_arioso,https://instagram.com/sophia_illumiroad,,57,20,17,15,5,210,c00ae9ba-7cfb-4db7-a4ab-239f60f7cc9c,,,
1735,,"（1,400件の対象外・claim率が良ければ追加）",uniぼらんて,慶應義塾大学,趣味・その他,,X/Instagram/Web,x,volunteuni,https://x.com/VolunteUni,https://instagram.com/volunteuni,https://circle.info-jukusei.com/%E5%AD%A6%E8%A1%93%E3%83%BB%E6%96%87%E5%8C%96%E7%B3%BB/uni%E3%81%BC%E3%82%89%E3%82%93%E3%81%A6%EF%BC%88%E3%82%86%E3%81%AB%E3%81%BC%E3%82%89%EF%BC%89/,70,30,25,10,5,309,c44a7f1f-8b00-4a9f-8761-bc4f5b4d3d48,,,
1736,,"（1,400件の対象外・claim率が良ければ追加）",ロック研究会,九州大学,学術・研究（ゼミ・研究会・勉強会）,,X/Instagram/Web,x,berock_inform,https://x.com/berock_inform,https://instagram.com/berock_inform,https://autumn2023.kyushu-u.giving-campaign.jp/participants?group=6963c67c-4b8f-437e-99a6-846d45e722f4,52,30,7,10,5,91,3dddf881-b0ee-4b44-9257-463acb4428b3,,,
1737,,"（1,400件の対象外・claim率が良ければ追加）",アイスホッケー部,名古屋大学,運動系（スポーツ・アウトドア）,,X/Instagram,x,nu_icehockey25,https://x.com/nu_icehockey25,https://instagram.com/nagoyauni.icehockeyteam,,52,20,7,20,5,91,a8a7d321-85af-4176-8156-482922f8a3be,,,
1738,,"（1,400件の対象外・claim率が良ければ追加）",探検部,大阪大学,趣味・その他,,X/Instagram/Web,x,ouec_tankenbu,https://x.com/OUEC_tankenbu,https://instagram.com/ouec_tanken,https://www.omu.ac.jp/campus-life/activities/list/explore/index.html,53,30,8,10,5,102,7a28d7a0-1d5b-448e-8508-2c403383c4fa,,,
1739,,"（1,400件の対象外・claim率が良ければ追加）",東京大学アマチュア無線クラブ,東京大学,文化系（音楽・演劇・アート）,,X/Web,x,ja1zlo,https://x.com/JA1ZLO,,https://www.fbnews.jp/202212/musennosekai/,50,20,10,15,5,124,7141ff55-7b44-4622-87f2-9d6ee9fed2d1,,,
1740,,"（1,400件の対象外・claim率が良ければ追加）",自然研究会,北海道大学,学術・研究（ゼミ・研究会・勉強会）,,X/Instagram/Web,x,shizenken,https://x.com/shizenken,https://instagram.com/shizenken_,https://hubcnavi.net/shizenken,53,30,8,10,5,95,a9209616-f6f2-4ba6-bcbc-2dfeb7dffc8a,,,
1741,,"（1,400件の対象外・claim率が良ければ追加）",英語研究部（ESS）,東京科学大学,国際交流・語学,,X/Web,x,scitokyoess,https://x.com/scitokyoess,,https://www.ferris.ac.jp/life/union_club/15.html,48,20,3,20,5,44,9dfebaad-9a9c-43f2-9ade-eacd2c230020,,,
1742,,"（1,400件の対象外・claim率が良ければ追加）",空手道誠心会,早稲田大学,運動系（スポーツ・アウトドア）,30,X,x,seishinkai_w,https://x.com/seishinkai_w,,,65,10,25,20,10,316,f0a3599c-077f-4997-afdb-699ed66ccf28,,,
1743,,"（1,400件の対象外・claim率が良ければ追加）",塾生会館運営委員会,慶應義塾大学,趣味・その他,,X/Instagram/Web,website,https://www.keio-zenkyo.net/post/20250108-001,https://x.com/keio_zenkyo,https://instagram.com/jukushin_today,https://www.keio-zenkyo.net/post/20250108-001,70,30,25,10,5,310,c6652246-4198-4949-b099-8c1ebeda99af,,,
1744,,"（1,400件の対象外・claim率が良ければ追加）",Volts,東北大学,趣味・その他,,X/Instagram/Web,website,https://ameblo.jp/volts-tohokuuniv/entry-12601450978.html,https://x.com/suikyu_toh,https://instagram.com/drop_outs_baseball,https://ameblo.jp/volts-tohokuuniv/entry-12601450978.html,52,30,7,10,5,85,254d3c74-f004-4f44-bf40-f93e3a15affe,,,
1745,,"（1,400件の対象外・claim率が良ければ追加）",上智大学東南アジア人会 (SEAS),上智大学,文化系（音楽・演劇・アート）,,Instagram/Web,instagram,southeastasia.club_jp,,https://instagram.com/southeastasia.club_jp,https://diversity-sustainability.sophia.ac.jp/efforts/4638/,57,20,17,15,5,211,c2add0f2-346b-49c3-943d-37fba3fa6a5e,,,
1746,,"（1,400件の対象外・claim率が良ければ追加）",聖書研究会,京都大学,学術・研究（ゼミ・研究会・勉強会）,,X/Instagram/Web,instagram,ksu_bible,https://x.com/KU_KGK,https://instagram.com/ksu_bible,https://portal.rikkyo.ac.jp/sites/default/files/pages/parents/information/magazine/rikkyo_information_2026.pdf,55,30,10,10,5,130,d72f770d-7701-4bcd-8ccd-9588cd940d17,,,
1747,,"（1,400件の対象外・claim率が良ければ追加）",北海道学生稲門会,早稲田大学,趣味・その他,30,X/Instagram,x,hokkaitoumon,https://x.com/hokkaitoumon,https://instagram.com/hokkaidostudentstomonkai,,65,20,25,10,10,317,f400b340-8e08-4deb-b8ec-5cb3ba4c9337,,,
1748,,"（1,400件の対象外・claim率が良ければ追加）",模型クラブ,慶應義塾大学,趣味・その他,,X/Instagram/Web,x,keio_mokei,https://x.com/keio_mokei,https://instagram.com/keio_mokei,https://orientation.keio-zenkyo.net/circle2025/81,70,30,25,10,5,311,cc76835d-3f6b-40e2-85f4-6f9bbfaf90d5,,,
1749,,"（1,400件の対象外・claim率が良ければ追加）",一橋ポケモンだいすきクラブ,一橋大学,趣味・その他,,X/Instagram/Web,x,hit_pdc,https://x.com/Hit_PDC,https://instagram.com/hitotsubashi_poke,https://campus-map.jp/hit/club/14/,53,30,8,10,5,102,ddd741cb-611a-47af-b5a3-f061b9bb28a6,,,
1750,,"（1,400件の対象外・claim率が良ければ追加）",カラーガードサークル ワセガシラ,早稲田大学,趣味・その他,28,X/Instagram,x,wasegashira,https://x.com/WASEGASHIRA,https://instagram.com/wasegashira_info,,65,20,25,10,10,318,c2ef17c3-6bba-42ea-a134-c25137c3e934,,,
1751,,"（1,400件の対象外・claim率が良ければ追加）",性教育サークルSEeA,上智大学,文化系（音楽・演劇・アート）,,Instagram/Web,instagram,seea_sophia,,https://instagram.com/seea_sophia,https://diversity-sustainability.sophia.ac.jp/efforts/853/,57,20,17,15,5,212,c9f958ef-cc0f-4437-99af-35ea3cd38e0d,,,
1752,,"（1,400件の対象外・claim率が良ければ追加）",東大生地方創生コンソーシアム,東京大学,文化系（音楽・演劇・アート）,,X/Instagram,x,ut_local_cons,https://x.com/ut_local_cons,https://instagram.com/ut_local_cons,,50,20,10,15,5,125,db5e0c7f-cc22-43b5-915e-ea01e54e0b20,,,
1753,,"（1,400件の対象外・claim率が良ければ追加）",将棋研究会,慶應義塾大学,趣味・その他,,X/Instagram/Web,x,keioooshogi,https://x.com/keioooshogi,https://instagram.com/keioshogi,https://www.yokohama-cu.ac.jp/admissions/admissions/documents/pdf/YCUdaigakuannnai2024.pdf,70,30,25,10,5,312,ceb66fea-e16e-4159-b95b-8156f245d90a,,,
1754,,"（1,400件の対象外・claim率が良ければ追加）",女子ラクロス部,大阪大学,運動系（スポーツ・アウトドア）,,X/Instagram,instagram,osaka.w.lacrosse,https://x.com/osaka_lacrosse,https://instagram.com/osaka.w.lacrosse,,53,20,8,20,5,103,7b19a5ae-3094-4944-9993-f62f876ea6b1,,,
1755,,"（1,400件の対象外・claim率が良ければ追加）",水泳部,九州大学,運動系（スポーツ・アウトドア）,,X/Instagram,x,kyushuswim,https://x.com/kyushuswim,https://instagram.com/kyushu_univ.swimteam,,52,20,7,20,5,92,4403412e-c3f5-47cf-b348-fe4088f59d7a,,,
1756,,"（1,400件の対象外・claim率が良ければ追加）",陸上競技部,名古屋大学,運動系（スポーツ・アウトドア）,,X/Instagram,x,nu_tf,https://x.com/NU_TF,https://instagram.com/nagoyau_tf,,52,20,7,20,5,92,ba1ba69a-4098-4a2d-8bed-2f05b989f8e5,,,
1757,,"（1,400件の対象外・claim率が良ければ追加）",クラーク聖書研究会,北海道大学,学術・研究（ゼミ・研究会・勉強会）,,X/Instagram/Web,x,clark_bible,https://x.com/clark_bible,https://instagram.com/hokudai_kgk,https://hubcnavi.net/cultural/study,53,30,8,10,5,96,aeb7c3d6-1150-4b7d-a85c-be27ee3d6857,,,
1758,,"（1,400件の対象外・claim率が良ければ追加）",古寺仏研究会,早稲田大学,学術・研究（ゼミ・研究会・勉強会）,26,X/Instagram,x,kojibutsu,https://x.com/kojibutsu,https://instagram.com/wabisabi_waseda,,65,20,25,10,10,319,24578155-8a04-4a53-b3f5-ddc81dbae7f7,,,
1759,,"（1,400件の対象外・claim率が良ければ追加）",準硬式野球部,京都大学,運動系（スポーツ・アウトドア）,,Instagram/Web,instagram,kyodai.junko_official,,https://instagram.com/kyodai.junko_official,http://kyodai-junkobaseball.com/member/,55,20,10,20,5,131,d786451d-6741-46bd-88f8-a3d0a445a2b1,,,
1760,,"（1,400件の対象外・claim率が良ければ追加）",ビートポップス研究会,慶應義塾大学,学術・研究（ゼミ・研究会・勉強会）,,X/Instagram/Web,x,popsken_bot,https://x.com/popsken_bot,https://instagram.com/beat.pops,https://w.twstalker.com/popsken_bot,70,30,25,10,5,313,cf66c1e3-810c-46c8-bec0-740992a6bc6c,,,
1761,,"（1,400件の対象外・claim率が良ければ追加）",上智大学謎解きサークル,上智大学,文化系（音楽・演劇・アート）,,X/Web,x,sophianazo,https://x.com/sophianazo,,https://www.ho-yu.ed.jp/life/club_dynamic/,57,20,17,15,5,213,db15d0ad-e488-468e-9932-bac9d29edd6d,,,
1762,,"（1,400件の対象外・claim率が良ければ追加）",トランポリン同好会,早稲田大学,運動系（スポーツ・アウトドア）,26,X,x,tra_waseda,https://x.com/tra_waseda,,,65,10,25,20,10,320,841ab245-c60f-46d2-a006-d7597abd54ec,,,
1763,,"（1,400件の対象外・claim率が良ければ追加）",旅行研究会,東北大学,趣味・その他,,X/Instagram/Web,x,ryokenn_tohoku,https://x.com/ryokenn_tohoku,https://instagram.com/ryoken__tohoku,https://tohoku-gakuin.com/%E6%97%85%E8%A1%8C%E7%A0%94%E7%A9%B6%E4%BC%9A/,52,30,7,10,5,86,27655321-008a-45c5-bfa6-d2f90b97d624,,,
1764,,"（1,400件の対象外・claim率が良ければ追加）",ボランティアサークル,国際基督教大学,ボランティア・NPO,40,Instagram/Web,instagram,icu_borasen,,https://instagram.com/icu_borasen,https://www.icu.ac.jp/campuslife/club/,49,20,4,15,10,47,71c9067a-a694-4488-92b2-296d7d95755e,,,
1765,,"（1,400件の対象外・claim率が良ければ追加）",律法会,慶應義塾大学,趣味・その他,,X/Instagram/Web,x,rippou5657,https://x.com/rippou5657,https://instagram.com/rippoureikai,https://info-jukusei.com/rippou5354/,70,30,25,10,5,314,d024c193-e9a4-4c6e-ad23-8819cabc1983,,,
1766,,"（1,400件の対象外・claim率が良ければ追加）",柏の葉山歩会,東京大学,運動系（スポーツ・アウトドア）,9,Web,website,http://www.kayokai.net/kayo/39/39_all.pdf,,,http://www.kayokai.net/kayo/39/39_all.pdf,45,10,10,20,5,126,422c42f0-aab1-4525-a16f-4bd56db78e90,,,
1767,,"（1,400件の対象外・claim率が良ければ追加）",一橋かるた会,一橋大学,趣味・その他,,X/Instagram/Web,x,hitkaruta2025,https://x.com/hitkaruta2025,https://instagram.com/hitkaruta,https://campus-map.jp/hit/club/45/,53,30,8,10,5,103,df1f2bd8-2d73-4e6c-8303-c25d4b306e32,,,
1768,,"（1,400件の対象外・claim率が良ければ追加）",早稲田大学装束研究会,早稲田大学,学術・研究（ゼミ・研究会・勉強会）,25,X/Instagram,x,shozoku_wsd,https://x.com/shozoku_wsd,https://instagram.com/shokenwaseda,,65,20,25,10,10,321,1a44a280-449c-4c36-91b5-0e1974adb9ed,,,
1769,,"（1,400件の対象外・claim率が良ければ追加）",上智生の声プロジェクト,上智大学,文化系（音楽・演劇・アート）,,X/Instagram,x,sophia___voice,https://x.com/sophia___voice,https://instagram.com/sophia._.voiceproject,,57,20,17,15,5,214,def84456-a9cd-4571-bbd0-06bfedd04028,,,
1770,,"（1,400件の対象外・claim率が良ければ追加）",湘南自治会,慶應義塾大学,趣味・その他,,X/Instagram/Web,x,sfcunion,https://x.com/SFCUNION,https://instagram.com/sfcunion,https://orientation.keio-zenkyo.net/circle2025/7,70,30,25,10,5,315,d0d4c111-9301-4390-8adc-42e159d59ffb,,,
1771,,"（1,400件の対象外・claim率が良ければ追加）",バスケットボール部,京都大学,運動系（スポーツ・アウトドア）,,X/Instagram,x,kook_ku_bsk,https://x.com/kook_ku_bsk,https://instagram.com/kook_basket,,55,20,10,20,5,132,dbcde443-af62-4c63-a1d8-e67636ef20b4,,,
1772,,"（1,400件の対象外・claim率が良ければ追加）",ウインドサーフィン部,大阪大学,運動系（スポーツ・アウトドア）,,X/Web,x,osakawind87,https://x.com/osakawind87,,https://www.johnsnews.com/entry/wind,53,20,8,20,5,104,80e09fac-e88e-4eb0-88bb-fdac846f627c,,,
1773,,"（1,400件の対象外・claim率が良ければ追加）",なべの会,早稲田大学,運動系（スポーツ・アウトドア）,25,X,x,soudainabenokai,https://x.com/soudainabenokai,,,65,10,25,20,10,322,4a4d3b97-2ea8-4817-ab62-87377956e51a,,,
1774,,"（1,400件の対象外・claim率が良ければ追加）",奇術研究会,北海道大学,趣味・その他,,X/Instagram/Web,x,hokudai_magic,https://x.com/hokudai_magic,https://instagram.com/hokudai_magic,https://hubcnavi.net/cultural/study,53,30,8,10,5,97,b3a496a7-29a2-4985-8fad-150542b88342,,,
1775,,"（1,400件の対象外・claim率が良ければ追加）",地学研究部,九州大学,学術・研究（ゼミ・研究会・勉強会）,,X/Instagram/Web,x,q_chiken,https://x.com/Q_chiken,https://instagram.com/qu_chiken,https://kyudaicirclehp.wixsite.com/info/ito-cultural/%E5%9C%B0%E5%AD%A6%E7%A0%94%E7%A9%B6%E9%83%A8,52,30,7,10,5,93,4a2fe6ec-79af-4ff7-b398-a9501c97dd91,,,
1776,,"（1,400件の対象外・claim率が良ければ追加）",バドミントン部,名古屋大学,運動系（スポーツ・アウトドア）,,X/Instagram,x,bee__2023,https://x.com/bee__2023,https://instagram.com/bee_badminton,,52,20,7,20,5,93,c7062597-d172-4ad9-aca3-23b68487e3ea,,,
1777,,"（1,400件の対象外・claim率が良ければ追加）",山岳同好会やまびこ,慶應義塾大学,運動系（スポーツ・アウトドア）,,Instagram/Web,instagram,keio_yamabiko,,https://instagram.com/keio_yamabiko,https://www.city.tosu.lg.jp/uploaded/attachment/32440.pdf,70,20,25,20,5,316,d5275703-90e2-45b6-a46f-2cda1f1fb665,,,
1778,,"（1,400件の対象外・claim率が良ければ追加）",チアバトンサークルLily,上智大学,文化系（音楽・演劇・アート）,,X/Instagram,x,lily_cheerbaton,https://x.com/Lily_cheerbaton,https://instagram.com/lily_sophia_cheerbaton,,57,20,17,15,5,215,e081f69b-3f38-49d1-b47a-0c7665ea814b,,,
1779,,"（1,400件の対象外・claim率が良ければ追加）",防具空手道会,早稲田大学,運動系（スポーツ・アウトドア）,23,X,x,waseda_boukukai,https://x.com/waseda_boukukai,,,65,10,25,20,10,323,b9d842e6-fad0-4e60-bc2a-f770a984f44b,,,
1780,,"（1,400件の対象外・claim率が良ければ追加）",つばめワンダーフォーゲル部,東京科学大学,運動系（スポーツ・アウトドア）,,X/Web,x,titech_wv,https://x.com/titech_wv,,https://scitokyowv.notion.site/,48,20,3,20,5,45,af11003a-26c1-4150-9a38-9a980dfd5e0c,,,
1781,,"（1,400件の対象外・claim率が良ければ追加）",東京大学メルボルン交友会,東京大学,学術・研究（ゼミ・研究会・勉強会）,,Instagram/Web,instagram,melbkoyukai_25,,https://instagram.com/melbkoyukai_25,https://utokyomelkoyukai.wixsite.com/utmea,45,20,10,10,5,127,0aa7fc20-4289-492d-88a8-a0a7bc022478,,,
1782,,"（1,400件の対象外・claim率が良ければ追加）",ボウリングクラブ,慶應義塾大学,趣味・その他,,X/Instagram/Web,x,keio_bowling,https://x.com/keio_bowling,https://instagram.com/yamada_ymkn,https://circle.info-jukusei.com/%E3%82%B9%E3%83%9D%E3%83%BC%E3%83%84%E7%B3%BB/%E6%85%B6%E6%87%89%E3%83%9C%E3%82%A6%E3%83%AA%E3%83%B3%E3%82%B0%E3%82%AF%E3%83%A9%E3%83%96%EF%BC%88kbc%EF%BC%89/,70,30,25,10,5,317,d68d3082-7cf9-4641-9795-3280c7187770,,,
1783,,"（1,400件の対象外・claim率が良ければ追加）",数学サークル,東北大学,学術・研究（ゼミ・研究会・勉強会）,,X/Instagram/Web,instagram,ink.stones,https://x.com/suikyu_toh,https://instagram.com/ink.stones,https://www.tohoku.ac.jp/japanese/studentinfo/studentlife/02/studentlife0201/dantaiichiran.pdf,52,30,7,10,5,87,3c943aec-9fdd-4d06-916e-03feae64a673,,,
1784,,"（1,400件の対象外・claim率が良ければ追加）",邦文速記研究会,早稲田大学,学術・研究（ゼミ・研究会・勉強会）,23,X/Instagram,x,waseda_steno,https://x.com/waseda_steno,https://instagram.com/waseda_steno,,65,20,25,10,10,324,cef7ef0b-549a-4813-804a-fe2d7a25e5a5,,,
1785,,"（1,400件の対象外・claim率が良ければ追加）",上智ヨガサークルRati,上智大学,文化系（音楽・演劇・アート）,,Instagram/Web,instagram,yoga_rati,,https://instagram.com/yoga_rati,https://sophiayorarati.wixsite.com/sophia-yogarati,57,20,17,15,5,216,e6d542eb-4170-4d08-aab7-52a57d803195,,,
1786,,"（1,400件の対象外・claim率が良ければ追加）",エスペラント語研究会,京都大学,国際交流・語学,,X/Web,website,https://esperanto-societo-de-kioto-universitato.github.io/,https://x.com/kyoto_fish_life,,https://esperanto-societo-de-kioto-universitato.github.io/,55,20,10,20,5,133,e4521980-7504-411c-8518-17061cae7845,,,
1787,,"（1,400件の対象外・claim率が良ければ追加）",映創会,一橋大学,趣味・その他,,X/Instagram/Web,x,eisoukai,https://x.com/eisoukai,https://instagram.com/eisou_kai,https://campus-map.jp/hit/club/158/,53,30,8,10,5,104,eb3b4a3e-6536-4820-89ae-1500c9d59b3f,,,
1788,,"（1,400件の対象外・claim率が良ければ追加）",CroQuies,慶應義塾大学,趣味・その他,,X/Instagram/Web,x,croquies_sfc,https://x.com/CroQuies_sfc,https://instagram.com/croquies_sfc,https://crich-media.com/keio/circle/list/croquies/,70,30,25,10,5,318,d6a8231b-43d8-4105-9ff8-0085658c9876,,,
1789,,"（1,400件の対象外・claim率が良ければ追加）",SF研究会,大阪大学,学術・研究（ゼミ・研究会・勉強会）,,X/Instagram/Web,x,ousf1,https://x.com/ousf1,https://instagram.com/cinema_osaka_u,https://ousf.net/,53,30,8,10,5,105,877c0540-d069-4b2c-947b-833681912bfc,,,
1790,,"（1,400件の対象外・claim率が良ければ追加）",スクーバダイビングチームあんこう,早稲田大学,運動系（スポーツ・アウトドア）,23,X,x,waseda_ankou,https://x.com/waseda_ankou,,,65,10,25,20,10,325,ed21637c-2847-4cca-bfb5-328c2466c93f,,,
1791,,"（1,400件の対象外・claim率が良ければ追加）",K.B.R. Society THE KALUA,慶應義塾大学,趣味・その他,,X/Instagram/Web,x,keio_kalua,https://x.com/keio_KALUA,https://instagram.com/kbrsocietythekalua,https://www.kalua.org/aboutus.php,70,30,25,10,5,319,d989324c-a4be-48cf-8f87-8192409de213,,,
1792,,"（1,400件の対象外・claim率が良ければ追加）",上智大学バーベルクラブ（SUBC）,上智大学,文化系（音楽・演劇・アート）,,X/Instagram,x,sophiabarbell,https://x.com/sophiabarbell,https://instagram.com/sophia_barbell,,57,20,17,15,5,217,ec3e125b-4cb0-412c-9226-8e1b6894178d,,,
1793,,"（1,400件の対象外・claim率が良ければ追加）",歩く会,北海道大学,趣味・その他,,X/Instagram/Web,x,huwa2024hu,https://x.com/HUWA2024HU,https://instagram.com/huwa_arukukai,https://hubcnavi.net/yorupic,53,30,8,10,5,98,ba88982d-c372-4407-afaa-4b2a92c4a219,,,
1794,,"（1,400件の対象外・claim率が良ければ追加）",International Development Youth Forum,東京大学,趣味・その他,,Instagram/Web,instagram,idyf,,https://instagram.com/idyf,https://campus-map.jp/ut/club/417/,45,20,10,10,5,128,2b554153-237e-4906-9119-0aa289281fe7,,,
1795,,"（1,400件の対象外・claim率が良ければ追加）",国際親善会,九州大学,国際交流・語学,,Instagram/Web,website,https://www.kansaigaidai-dousou.jp/links/,,https://instagram.com/k.u.i.f.a,https://www.kansaigaidai-dousou.jp/links/,52,20,7,20,5,94,5c64b1a2-1f4f-4958-938f-45b5adab3ab3,,,
1796,,"（1,400件の対象外・claim率が良ければ追加）",古楽研究会,名古屋大学,学術・研究（ゼミ・研究会・勉強会）,,X/Instagram/Web,x,nkogakuken,https://x.com/nkogakuken,https://instagram.com/nu_kogaku,https://site.twstalker.com/NU_konsei,52,30,7,10,5,94,d3e58243-2cfc-4cc0-90ad-888962c24183,,,
1797,,"（1,400件の対象外・claim率が良ければ追加）",早稲田大学水上スキー部,早稲田大学,運動系（スポーツ・アウトドア）,22,X,x,waterski_waseda,https://x.com/waterski_waseda,,,65,10,25,20,10,326,5bea35e6-0b32-424d-ae95-1ee1b2cdd0c2,,,
1798,,"（1,400件の対象外・claim率が良ければ追加）",刑事法研究会,京都大学,学術・研究（ゼミ・研究会・勉強会）,,X/Instagram/Web,instagram,kyodaihoso,https://x.com/kyoto_fish_life,https://instagram.com/kyodaihoso,https://www.kyoto-su.ac.jp/ccinfo/first_step/internet_guide-line/index.html,55,30,10,10,5,134,f3633597-1f18-41bd-897d-6b10577c8980,,,
1799,,"（1,400件の対象外・claim率が良ければ追加）",古文書研究会,慶應義塾大学,学術・研究（ゼミ・研究会・勉強会）,,X/Instagram/Web,x,komoken210,https://x.com/komoken210,https://instagram.com/kouken_keio,https://www.samukawa-kankou.jp/,70,30,25,10,5,320,dbe4c71f-6455-4f1f-9514-5e1dfa0c76d9,,,
1800,,"（1,400件の対象外・claim率が良ければ追加）",戦争・貧困・環境を考える会,早稲田大学,学術・研究（ゼミ・研究会・勉強会）,21,X/Web,x,senhinkan23,https://x.com/senhinkan23,,https://w-senhinkan.jimdo.com,65,20,25,10,10,327,b4c36135-a2be-48cb-931b-835499345960,,,
1801,,"（1,400件の対象外・claim率が良ければ追加）",上智大学軽音楽同好会,上智大学,文化系（音楽・演劇・アート）,,X/Instagram,x,keion_2024,https://x.com/keion_2024,https://instagram.com/sophia_k_on,,57,20,17,15,5,218,ef5fca8d-5afa-4747-adaa-63ba0c6e4676,,,
1802,,"（1,400件の対象外・claim率が良ければ追加）",写真部,国際基督教大学,文化系（音楽・演劇・アート）,40,X/Web,x,icu_lucida,https://x.com/icu_lucida,,https://www.icu.ac.jp/campuslife/club/,49,20,4,15,10,48,7467fd02-0f20-44ba-a369-c67d46f21a27,,,
1803,,"（1,400件の対象外・claim率が良ければ追加）",一橋ALWAYS,一橋大学,趣味・その他,,X/Instagram/Web,x,2020_always,https://x.com/2020_always,https://instagram.com/2020_always,https://campus-map.jp/hit/club/112/,53,30,8,10,5,105,efd22ed5-f1a9-4f2e-9e80-8afa8188c699,,,
1804,,"（1,400件の対象外・claim率が良ければ追加）",K-dush2,慶應義塾大学,趣味・その他,,X/Instagram/Web,x,k_dush2,https://x.com/K_dush2,https://instagram.com/k_dush2,https://www.ielove-group.jp/news/detail-1074,70,30,25,10,5,321,dbe4fb9b-2d91-46da-9c7f-ec5f7685bbb6,,,
1805,,"（1,400件の対象外・claim率が良ければ追加）",フットサル部,東北大学,運動系（スポーツ・アウトドア）,,X/Instagram,instagram,tohoku_futsal,https://x.com/hototogishu0,https://instagram.com/tohoku_futsal,,52,20,7,20,5,88,56ee9996-5ebb-49b7-b067-01e976b19674,,,
1806,,"（1,400件の対象外・claim率が良ければ追加）",人権哲学研究会,大阪大学,学術・研究（ゼミ・研究会・勉強会）,,X/Instagram/Web,x,philosophoi_ou,https://x.com/philosophoi_ou,https://instagram.com/heechul_ju,https://itami-cs.or.jp/wordpress/wp-content/uploads/2023/07/c5ade5a59df131b4ca64646b15dfac4e.pdf,53,30,8,10,5,106,8d4d2982-3239-4b90-a195-32e8236eecf7,,,
1807,,"（1,400件の対象外・claim率が良ければ追加）",和歌山学生稲門会,早稲田大学,趣味・その他,20,X/Instagram,x,wakayamagakusei,https://x.com/wakayamagakusei,https://instagram.com/wakayamagakuseitomon,,65,20,25,10,10,328,0ed3d409-3749-4c17-994c-62fc7eb8691a,,,
1808,,"（1,400件の対象外・claim率が良ければ追加）",学生団体ALOHA,東京大学,学術・研究（ゼミ・研究会・勉強会）,,X/Web,x,aloha_u_tokyo,https://x.com/aloha_u_tokyo,,https://aloha.yabi-works.com/,45,20,10,10,5,129,32f268ed-4354-4f2c-8596-de56df0a26f0,,,
1809,,"（1,400件の対象外・claim率が良ければ追加）",学生NGO HaLuz,上智大学,ボランティア・NPO,,X/Web,x,haluz_timor,https://x.com/HaLuz_Timor,,https://w.twstalker.com/hashtag/%23%E6%9D%B1%E3%83%86%E3%82%A3%E3%83%A2%E3%83%BC%E3%83%AB,57,20,17,15,5,219,f45e6edd-dfe9-40d8-9938-685fe57ade5a,,,
1810,,"（1,400件の対象外・claim率が良ければ追加）",慶政会,慶應義塾大学,趣味・その他,,X/Instagram/Web,x,keiopolitics2,https://x.com/keiopolitics2,https://instagram.com/keiseikai.keio,https://circle.info-jukusei.com/%E5%AD%A6%E8%A1%93%E3%83%BB%E6%96%87%E5%8C%96%E7%B3%BB/%E6%85%B6%E6%94%BF%E4%BC%9Akpc/,70,30,25,10,5,322,df1fbec3-cdd1-496b-92f4-969a9bd289d9,,,
1811,,"（1,400件の対象外・claim率が良ければ追加）",天文同好会,京都大学,学術・研究（ゼミ・研究会・勉強会）,,X/Instagram/Web,x,kyodai_tenmon,https://x.com/kyodai_tenmon,https://instagram.com/kuala_hp,https://www.kyoto-gakuseisaiten.com/shinkan_group/4065,55,30,10,10,5,135,f68e4abd-ae06-46c2-a5d6-a9ba508f8a65,,,
1812,,"（1,400件の対象外・claim率が良ければ追加）",パイプオルガン研究会,北海道大学,学術・研究（ゼミ・研究会・勉強会）,,X/Instagram/Web,x,hokudai_organ,https://x.com/hokudai_organ,https://instagram.com/hokudai_organ,https://pipeorgan.work/,53,30,8,10,5,99,c934b79f-26a3-4552-af01-7060e228ee67,,,
1813,,"（1,400件の対象外・claim率が良ければ追加）",生花研究会,早稲田大学,学術・研究（ゼミ・研究会・勉強会）,20,X/Instagram,x,ikeken_waseda,https://x.com/ikeken_waseda,https://instagram.com/ikeken_waseda,,65,20,25,10,10,329,25d3598d-f426-49f2-a821-4c2c10e74fb1,,,
1814,,"（1,400件の対象外・claim率が良ければ追加）",サッカー部,九州大学,運動系（スポーツ・アウトドア）,,X/Instagram,x,diego_kyushu_u,https://x.com/diego_kyushu_u,https://instagram.com/kyudaisoccer_official,,52,20,7,20,5,95,63ba18fb-033a-4498-ac37-52d97373bf16,,,
1815,,"（1,400件の対象外・claim率が良ければ追加）",児童文化研究会ほーきぼし,名古屋大学,学術・研究（ゼミ・研究会・勉強会）,,X/Instagram/Web,website,https://meidaisai.com/66th/food-stalls/,https://x.com/hokiboshi_nu,https://instagram.com/hokiboshi_nu,https://meidaisai.com/66th/food-stalls/,52,30,7,10,5,95,dfffdc27-b132-484d-9fee-d692df298408,,,
1816,,"（1,400件の対象外・claim率が良ければ追加）",フォーエバー硬式庭球会,慶應義塾大学,運動系（スポーツ・アウトドア）,,X/Instagram,x,keioforever2021,https://x.com/KeioForever2021,https://instagram.com/keioforever2026,,70,20,25,20,5,323,e0e1a5c0-68f8-44af-b03f-14c4aca2d10d,,,
1817,,"（1,400件の対象外・claim率が良ければ追加）",早稲田大学ジャグリングサークル〜infinity〜,早稲田大学,趣味・その他,96,X,x,w_infinity,https://x.com/w_infinity,,,60,10,25,10,15,330,dde721ad-8296-414f-b8d4-869eb1651cd1,,,
1818,,"（1,400件の対象外・claim率が良ければ追加）",Sophia Our New Environment (Sophia ONE),上智大学,趣味・その他,4,Instagram/Web,website,https://findsophia.jp/club_list/sophia-our-new-environment-sophia-one/,,https://instagram.com/sophia.srsg,https://findsophia.jp/club_list/sophia-our-new-environment-sophia-one/,52,20,17,10,5,220,c5e4290f-1756-49aa-b400-a5bec8d47e01,,,
1819,,"（1,400件の対象外・claim率が良ければ追加）",少林寺拳法部,東京科学大学,運動系（スポーツ・アウトドア）,,X/Web,x,titechshorinji,https://x.com/titechshorinji,,https://www.chuo-u.ac.jp/connect/campus_life/activity.html,48,20,3,20,5,46,b7b9b7e4-ba09-4d3e-a5e0-03de2a1a645e,,,
1820,,"（1,400件の対象外・claim率が良ければ追加）",新入生歓迎委員会,一橋大学,趣味・その他,,X/Instagram/Web,x,hit_u_ski,https://x.com/hit_u_ski,https://instagram.com/hit_u_ski,https://hit-shinkan.com/,53,30,8,10,5,106,f67769fd-b4e5-4503-b408-2ef51304776b,,,
1821,,"（1,400件の対象外・claim率が良ければ追加）",日本国際学生技術研修協会,慶應義塾大学,国際交流・語学,,Instagram/Web,website,https://circle.info-jukusei.com/%e5%9b%bd%e9%9a%9b%e7%b3%bb/first-hand/,,https://instagram.com/aiesec_jp_keio,https://circle.info-jukusei.com/%E5%9B%BD%E9%9A%9B%E7%B3%BB/first-hand/,70,20,25,20,5,324,e2cc6e52-adce-480f-bef7-f3e816882239,,,
1822,,"（1,400件の対象外・claim率が良ければ追加）",Tokyo University Islamic Culture Society,東京大学,趣味・その他,,Instagram/Web,instagram,tiumsa,,https://instagram.com/tiumsa,http://tuics.com/,45,20,10,10,5,130,45880daf-c9fb-4b90-b389-939ce8fde7ea,,,
1823,,"（1,400件の対象外・claim率が良ければ追加）",ラクロス部,大阪大学,運動系（スポーツ・アウトドア）,,X/Instagram,instagram,osakalax_shinkan2026,https://x.com/osaka_lacrosse,https://instagram.com/osakalax_shinkan2026,,53,20,8,20,5,107,a19531b7-9c0d-4bf6-9bda-e1f1eaf3edec,,,
1824,,"（1,400件の対象外・claim率が良ければ追加）",経営情報学会(MISW),早稲田大学,学術・研究（ゼミ・研究会・勉強会）,86,X,x,misw_info,https://x.com/misw_info,,,60,10,25,10,15,331,3b4d839f-4bf9-4b6c-b796-dfd55f3c8f9b,,,
1825,,"（1,400件の対象外・claim率が良ければ追加）",手芸同好会,東北大学,趣味・その他,,X/Instagram/Web,x,dongbei_shugei,https://x.com/dongbei_shugei,https://instagram.com/dongbei_shugei,https://www6.twstalker.com/dongbei_shugei,52,30,7,10,5,89,5b456bc5-3c8c-4d65-92a8-fa9a17ed9328,,,
1826,,"（1,400件の対象外・claim率が良ければ追加）",有機農業研究会,京都大学,学術・研究（ゼミ・研究会・勉強会）,,X/Instagram/Web,instagram,ku_minori,https://x.com/kyoto_fish_life,https://instagram.com/ku_minori,https://campus-map.jp/kyoto/club/76/,55,30,10,10,5,136,fb33cca0-bf36-4a4d-ac7c-274b981fa833,,,
1827,,"（1,400件の対象外・claim率が良ければ追加）",Google Developer Group on Campus: 上智大学 (GDG),上智大学,学術・研究（ゼミ・研究会・勉強会）,4,Instagram/Web,website,https://findsophia.jp/club_list/google-developer-group-on-campus-%e4%b8%8a%e6%99%ba%e5%a4%a7%e5%ad%a6-gdg/,,https://instagram.com/sophiauniversity,https://findsophia.jp/club_list/google-developer-group-on-campus-%E4%B8%8A%E6%99%BA%E5%A4%A7%E5%AD%A6-gdg/,52,20,17,10,5,221,dc9d26ce-7bb6-48a4-a281-b28aa3ac6bed,,,
1828,,"（1,400件の対象外・claim率が良ければ追加）",Twinkles,慶應義塾大学,趣味・その他,,X/Instagram/Web,x,sfc_twinkles,https://x.com/sfc_twinkles,https://instagram.com/sfc_badminton,https://scrapbox.io/SFCHelp/SFC%E3%81%A7%E3%83%90%E3%83%89%E3%83%9F%E3%83%B3%E3%83%88%E3%83%B3%E3%81%AA%E3%82%89Twinkles.,70,30,25,10,5,325,e38bedde-0884-4eff-b69e-a2fe3b75252e,,,
1829,,"（1,400件の対象外・claim率が良ければ追加）",繊維研究会,早稲田大学,学術・研究（ゼミ・研究会・勉強会）,80,X,x,sen_i_lab,https://x.com/sen_i_lab,,,60,10,25,10,15,332,48dc1af3-18f6-4933-80fc-0f9bbf298466,,,
1830,,"（1,400件の対象外・claim率が良ければ追加）",鉄道研究会,北海道大学,趣味・その他,,X/Instagram/Web,x,hokudaitetsuken,https://x.com/hokudaitetsuken,https://instagram.com/hokudaitetsuken,https://mobile.twstalker.com/hokudaitetsuken,53,30,8,10,5,100,ca37d854-87cc-43e3-9c46-b73e7bc71729,,,
1831,,"（1,400件の対象外・claim率が良ければ追加）",法学部政治学科ゼミナール委員会,慶應義塾大学,学術・研究（ゼミ・研究会・勉強会）,,X/Instagram/Web,x,seizemi_keio,https://x.com/seizemi_keio,https://instagram.com/seizemi_keio,https://keiolaw.org/seiji-iinkai/,70,30,25,10,5,326,e49d8505-2a19-42e2-acfc-dcab087ffb66,,,
1832,,"（1,400件の対象外・claim率が良ければ追加）",ジャグリング部,九州大学,趣味・その他,,X/Instagram/Web,x,ninejuc,https://x.com/ninejuc,https://instagram.com/kitaq_juggling,http://kyudaicircle.club/%E2%85%BD035_juggling/,52,30,7,10,5,96,a72a18ba-ba71-44dc-9d02-03aefda5aad0,,,
1833,,"（1,400件の対象外・claim率が良ければ追加）",クイズ研究会,名古屋大学,趣味・その他,,X/Instagram/Web,x,nu_quiz,https://x.com/NU_Quiz,https://instagram.com/nitecq,https://w.atwiki.jp/qqqnoq/pages/173.html,52,30,7,10,5,96,e46f6e5e-3964-4c58-b5b3-e728aa6cde33,,,
1834,,"（1,400件の対象外・claim率が良ければ追加）",児童文学研究会,早稲田大学,学術・研究（ゼミ・研究会・勉強会）,77,X,x,jibunken_waseda,https://x.com/jibunken_waseda,,,60,10,25,10,15,333,e95511f3-5657-4af1-81b5-b7bb696947ad,,,
1835,,"（1,400件の対象外・claim率が良ければ追加）",上智大学化粧品研究会 DaIsy,上智大学,学術・研究（ゼミ・研究会・勉強会）,3,Instagram/Web,instagram,sophia_daisy_cosmetics,,https://instagram.com/sophia_daisy_cosmetics,https://www.ldc.ac.ug/download/revised-ldc-application-form/,52,20,17,10,5,222,8d79e875-7711-45b4-8093-93e242fa0dd9,,,
1836,,"（1,400件の対象外・claim率が良ければ追加）",東京大学観世会,東京大学,学術・研究（ゼミ・研究会・勉強会）,,X/Instagram,x,todaikanze,https://x.com/todaikanze,https://instagram.com/todaikanze,,45,20,10,10,5,131,67294d74-78a3-4da2-8748-1b9f6ecccea2,,,
1837,,"（1,400件の対象外・claim率が良ければ追加）",くにたち時事研究会,一橋大学,学術・研究（ゼミ・研究会・勉強会）,,X/Instagram/Web,x,kuni_jijiken,https://x.com/kuni_jijiken,https://instagram.com/keta_0923,https://campus-map.jp/hit/club/151/,53,30,8,10,5,107,f722b330-4581-412f-8841-7c864faaf7fc,,,
1838,,"（1,400件の対象外・claim率が良ければ追加）",4beat club,慶應義塾大学,趣味・その他,,X/Instagram/Web,x,sayomora_keio,https://x.com/sayomora_keio,https://instagram.com/popular,https://orientation.keio-zenkyo.net/schedule-2024,70,30,25,10,5,327,e6912a12-e971-4fa6-9e51-636aaeb2097d,,,
1839,,"（1,400件の対象外・claim率が良ければ追加）",短歌,京都大学,文化系（音楽・演劇・アート）,,X/Web,x,yurutanka_57577,https://x.com/yurutanka_57577,,https://kyotohoop.jp/program/nantan_2024/,50,20,10,15,5,137,15c0dd4f-b927-4d44-b0e8-38c294aaa7d7,,,
1840,,"（1,400件の対象外・claim率が良ければ追加）",吹奏楽団,国際基督教大学,文化系（音楽・演劇・アート）,40,Instagram/Web,instagram,icu_windbrass.ensemble,,https://instagram.com/icu_windbrass.ensemble,https://www.icu.ac.jp/campuslife/club/,49,20,4,15,10,49,929b74d4-1bcd-4cf3-998f-5553411c3028,,,
1841,,"（1,400件の対象外・claim率が良ければ追加）",公共政策研究会,大阪大学,学術・研究（ゼミ・研究会・勉強会）,,X/Instagram/Web,x,kouken_handai,https://x.com/kouken_handai,https://instagram.com/kouken_handai,https://ww.twstalker.com/kouken_handai,53,30,8,10,5,108,a7cc27b6-1644-4cfc-b586-3f193a2f8df8,,,
1842,,"（1,400件の対象外・claim率が良ければ追加）",鉄道研究会(WRC),早稲田大学,趣味・その他,76,X,x,wasedarail,https://x.com/wasedarail,,,60,10,25,10,15,334,9dbdfce5-777f-4313-b52e-6aeca8704daf,,,
1843,,"（1,400件の対象外・claim率が良ければ追加）",SOS団＠Sophia(SOS),上智大学,趣味・その他,,X/Instagram,instagram,sos_._sophia,https://x.com/SOS_sophia,https://instagram.com/sos_._sophia,,52,20,17,10,5,223,10fffd1a-6c23-400f-8c98-5dcd76c77fc4,,,
1844,,"（1,400件の対象外・claim率が良ければ追加）",軟式野球クラブChuyans,慶應義塾大学,運動系（スポーツ・アウトドア）,,X/Web,x,chuyans_keiouni,https://x.com/Chuyans_keiouni,,https://note.com/circleapp/n/nf126ba8cec29,70,20,25,20,5,328,e79e1ebc-ae99-4dd3-93af-71e4e9678a0d,,,
1845,,"（1,400件の対象外・claim率が良ければ追加）",学食研究会,早稲田大学,学術・研究（ゼミ・研究会・勉強会）,70,X,x,wsdgakusyokuken,https://x.com/Wsdgakusyokuken,,,60,10,25,10,15,335,44bb278f-5a4a-4e2f-a5dd-e30a8c7e6427,,,
1846,,"（1,400件の対象外・claim率が良ければ追加）",中国武術部,東北大学,運動系（スポーツ・アウトドア）,,X/Web,x,tohoku_tfz_kai,https://x.com/tohoku_tfz_kai,,https://www.tohoku.ac.jp/japanese/studentinfo/studentlife/02/studentlife0201/dantaiichiran.pdf,52,20,7,20,5,90,707de0d3-d6ce-48eb-b5fc-4e30c3773a1f,,,
1847,,"（1,400件の対象外・claim率が良ければ追加）",ボクシングクラブ,北海道大学,運動系（スポーツ・アウトドア）,,X/Web,x,hokudai_box,https://x.com/Hokudai_box,,https://note.com/lucky_minnow287/n/nc5345ce18d78,53,20,8,20,5,101,d141ab6d-87af-459d-9c12-2eaf9719784b,,,
1848,,"（1,400件の対象外・claim率が良ければ追加）",Dance Unit W+I&S,慶應義塾大学,趣味・その他,,X/Instagram/Web,x,wis_dance_home,https://x.com/wis_dance_home,https://instagram.com/danceunitwis,https://orientation.keio-zenkyo.net/circle2025/312,70,30,25,10,5,329,e92c3b7e-657d-4793-a126-da2decc7cd6f,,,
1849,,"（1,400件の対象外・claim率が良ければ追加）",Hiroshima UT-Link,東京大学,趣味・その他,,Instagram/Web,instagram,hiroshima.utlink,,https://instagram.com/hiroshima.utlink,https://campus-map.jp/ut/club/425/,45,20,10,10,5,132,70b5212e-4e05-4fa6-b6ed-116a18f2c059,,,
1850,,"（1,400件の対象外・claim率が良ければ追加）",CROSS☆ROAD,早稲田大学,趣味・その他,70,X,x,crossroadwaseda,https://x.com/crossroadwaseda,,,60,10,25,10,15,336,fcb81aea-3eb1-47ff-bb3a-dc3d4ef62ca2,,,
1851,,"（1,400件の対象外・claim率が良ければ追加）",Sophia Squash Circle(SSC),上智大学,趣味・その他,,X/Instagram,x,sophiasquash,https://x.com/sophiasquash,https://instagram.com/sophiasquashcircle,,52,20,17,10,5,224,19fe3c51-f9a2-4083-9fc2-07b27bb4063c,,,
1852,,"（1,400件の対象外・claim率が良ければ追加）",アメリカンフットボール部,九州大学,運動系（スポーツ・アウトドア）,,X/Instagram,x,palookas_2025,https://x.com/palookas_2025,https://instagram.com/palookas.kyushu,,52,20,7,20,5,97,b339feed-9b0c-4824-9527-4fc3f90634f0,,,
1853,,"（1,400件の対象外・claim率が良ければ追加）",応援団,名古屋大学,運動系（スポーツ・アウトドア）,,X/Instagram,x,meidai_ouendan,https://x.com/meidai_ouendan,https://instagram.com/meidai_ouendan,,52,20,7,20,5,97,eae9d21f-be5e-4d76-8436-133fe4eab693,,,
1854,,"（1,400件の対象外・claim率が良ければ追加）",軽音楽部,京都大学,文化系（音楽・演劇・アート）,,X/Instagram,x,rockpum_pr,https://x.com/rockpum_pr,https://instagram.com/rock_pum,,50,20,10,15,5,138,7f9d120e-c9dd-4d3c-bc58-2d94bd874fde,,,
1855,,"（1,400件の対象外・claim率が良ければ追加）",総合アミューズメント研究サークルLaBomba,一橋大学,文化系（音楽・演劇・アート）,,X/Web,x,labomba_hit_u,https://x.com/labomba_hit_u,,https://campus-map.jp/hit/club/126/,48,20,8,15,5,108,01c897c2-f3df-43eb-a85f-bf0f978ebb3c,,,
1856,,"（1,400件の対象外・claim率が良ければ追加）",プロレス研究会,慶應義塾大学,学術・研究（ゼミ・研究会・勉強会）,,X/Instagram/Web,x,kwa_pro_wres,https://x.com/KWA_pro_wres,https://instagram.com/keio_prowrestling,https://info-jukusei.com/kwa_pro_wres/,70,30,25,10,5,330,f4c4f394-a770-4583-b963-9295764f36f7,,,
1857,,"（1,400件の対象外・claim率が良ければ追加）",熊本学生稲門会,早稲田大学,趣味・その他,65,X,x,waseda_kumamoto,https://x.com/WASEDA_Kumamoto,,,60,10,25,10,15,337,1d350797-4eab-43db-829c-7ea12380362a,,,
1858,,"（1,400件の対象外・claim率が良ければ追加）",天文同好会,大阪大学,学術・研究（ゼミ・研究会・勉強会）,,X/Instagram/Web,instagram,ouasc_official,https://x.com/handaisyoukai,https://instagram.com/ouasc_official,https://www.kyoto-su.ac.jp/department/sc/news/20090614_tenmon.html,53,30,8,10,5,109,aa3ea040-dfef-46fd-a7af-ab404ad7e831,,,
1859,,"（1,400件の対象外・claim率が良ければ追加）",トライアスロン部,東京科学大学,運動系（スポーツ・アウトドア）,,X/Web,x,tokyotechtri,https://x.com/tokyotechtri,,https://tokyotechtri.wixsite.com/home,48,20,3,20,5,47,bdc56702-22a4-4d31-aac6-dd3116cc0caa,,,
1860,,"（1,400件の対象外・claim率が良ければ追加）",Sophia Vocational Opportunity (SVO),上智大学,趣味・その他,,Instagram/Web,instagram,svo_sophia,,https://instagram.com/svo_sophia,https://ameblo.jp/eyepop0827/,52,20,17,10,5,225,2bd613bc-e4d6-4d09-9baf-06e26cede9e4,,,
1861,,"（1,400件の対象外・claim率が良ければ追加）",スキン&スキューバダイビングパーティ,慶應義塾大学,運動系（スポーツ・アウトドア）,,X/Web,website,https://scuba-monsters.com/kanagawa-diving-circle/,https://x.com/ksdc2022_,,https://scuba-monsters.com/kanagawa-diving-circle/,70,20,25,20,5,331,f5475588-79b4-40cf-a9ef-635a500ad41b,,,
1862,,"（1,400件の対象外・claim率が良ければ追加）",広島学生稲門会,早稲田大学,趣味・その他,62,Instagram,instagram,waseda.hiroshima,,https://instagram.com/waseda.hiroshima,,60,10,25,10,15,338,37b5125c-161b-4516-ba52-99b29b85d58b,,,
1863,,"（1,400件の対象外・claim率が良ければ追加）",東京大学点友会,東京大学,学術・研究（ゼミ・研究会・勉強会）,,X/Web,x,toride,https://x.com/toride,,https://ima.fa.geidai.ac.jp/?page_id=53,45,20,10,10,5,133,71cb1145-67a0-4714-8b7a-070783281c39,,,
1864,,"（1,400件の対象外・claim率が良ければ追加）",ブーメランサークル く,京都大学,文化系（音楽・演劇・アート）,,X/Web,x,boomerang_ku,https://x.com/Boomerang_KU,,https://ww.twstalker.com/Boomerang_KU,50,20,10,15,5,139,b42e2ac9-6143-451a-af1c-c9ce6b02c005,,,
1865,,"（1,400件の対象外・claim率が良ければ追加）",鉄道研究会,東北大学,趣味・その他,,X/Instagram/Web,instagram,aobatrfc,https://x.com/suikyu_toh,https://instagram.com/aobatrfc,https://twilog.togetter.com/aobatrfc,52,30,7,10,5,91,71a14235-688e-45d5-a04a-f3d50b2acefd,,,
1866,,"（1,400件の対象外・claim率が良ければ追加）",ワンダーフォーゲル部,慶應義塾大学,運動系（スポーツ・アウトドア）,,X/Web,website,https://keiowandervogel.sakura.ne.jp/guest/shinkan/,https://x.com/Keio_Circle,,https://keiowandervogel.sakura.ne.jp/guest/shinkan/,70,20,25,20,5,332,f8e512c3-0a62-4a8c-8f97-02eee13c7008,,,
1867,,"（1,400件の対象外・claim率が良ければ追加）",BIGBAND 北極,北海道大学,趣味・その他,,X/Instagram/Web,x,bigbandhokkyoku,https://x.com/BigbandHokkyoku,https://instagram.com/bigbandhokkyoku_official,https://www.hokudaishinbun.com/2019/04/02/2020/,53,30,8,10,5,102,e691130c-73c1-4f85-9f3c-b70c4db419be,,,
1868,,"（1,400件の対象外・claim率が良ければ追加）",世界旅行研究会,早稲田大学,趣味・その他,60,X,x,wasedasrk,https://x.com/wasedaSRK,,,60,10,25,10,15,339,873a5be9-0d02-4106-b648-b92b51fb2f30,,,
1869,,"（1,400件の対象外・claim率が良ければ追加）",バルブランシュT.T.（バルブラ）,上智大学,趣味・その他,,Instagram/Web,instagram,balleblanchedayo,,https://instagram.com/balleblanchedayo,https://sophia-law4.hatenablog.com/entry/sophia_spots_club_1,52,20,17,10,5,226,31ac41d5-1dae-44b7-b205-31b53a955e68,,,
1870,,"（1,400件の対象外・claim率が良ければ追加）",iTOP,九州大学,趣味・その他,,X/Instagram/Web,x,aprojectengaw,https://x.com/aprojectengaw,https://instagram.com/itop_kagaku,https://machibiya.com/original_post-2765/,52,30,7,10,5,98,b838e88d-57ae-47c4-9f7c-b8a37dcd9a08,,,
1871,,"（1,400件の対象外・claim率が良ければ追加）",生物研究会,名古屋大学,学術・研究（ゼミ・研究会・勉強会）,,X/Instagram/Web,x,nagoyau_seiken,https://x.com/Nagoyau_Seiken,https://instagram.com/nagoyau_seiken,https://www.num.nagoya-u.ac.jp/events/other/20241123.html,52,30,7,10,5,98,f034a2c9-08f3-4223-8075-1de0806e0094,,,
1872,,"（1,400件の対象外・claim率が良ければ追加）",ボーカロイド同好会,一橋大学,文化系（音楽・演劇・アート）,,X/Web,x,hit_u_vocaloid,https://x.com/hit_u_vocaloid,,https://search.yahoo.co.jp/realtime/search/tweet/1983721073024909793?detail=1&ifr=tl_twdtl&rkf=1,48,20,8,15,5,109,0e45eedb-a681-4d5c-82fa-3297b3a44d01,,,
1873,,"（1,400件の対象外・claim率が良ければ追加）",文学部社会学ゼミナール委員会,慶應義塾大学,学術・研究（ゼミ・研究会・勉強会）,,X/Instagram/Web,x,shagakuzemi,https://x.com/shagakuzemi,https://instagram.com/zenjuku_keio,https://www.econ.kyushu-u.ac.jp/wp-content/uploads/2023/01/2e00c4ba80de9ed95ddeb64ad5aef601.pdf,70,30,25,10,5,333,f9810557-b116-4c2d-9639-3676e090e407,,,
1874,,"（1,400件の対象外・claim率が良ければ追加）",かるた会,早稲田大学,趣味・その他,60,X,x,karutawaseda,https://x.com/KarutaWaseda,,,60,10,25,10,15,340,b7795977-c9d9-4e08-83c4-609f9367cb64,,,
1875,,"（1,400件の対象外・claim率が良ければ追加）",舞踏研究会,大阪大学,学術・研究（ゼミ・研究会・勉強会）,,X/Instagram/Web,x,handaibuken2025,https://x.com/handaibuken2025,https://instagram.com/handaibuken2026,https://ballroomdancer.web.fc2.com/,53,30,8,10,5,110,af175286-3e3f-406c-9e56-377d38e2421c,,,
1876,,"（1,400件の対象外・claim率が良ければ追加）",LOOP,上智大学,趣味・その他,,X/Web,website,https://zukavo.com/wp-content/uploads/2023/12/fe6bb06bc7fc57cc8b269aa9b1e30f76-1.pdf,https://x.com/sophia_lupine,,https://zukavo.com/wp-content/uploads/2023/12/fe6bb06bc7fc57cc8b269aa9b1e30f76-1.pdf,52,20,17,10,5,227,3ead82c0-db85-4ecf-87df-e45e863e435c,,,
1877,,"（1,400件の対象外・claim率が良ければ追加）",ICUサーフライフセービングクラブ,国際基督教大学,文化系（音楽・演劇・アート）,40,Instagram/Web,instagram,icu.slsc_shinkan,,https://instagram.com/icu.slsc_shinkan,https://www.icu.ac.jp/campuslife/club/,49,20,4,15,10,50,cb2d0e9f-2f9f-4494-a26e-807a578836cc,,,
1878,,"（1,400件の対象外・claim率が良ければ追加）",軟式庭球部(理工学部),慶應義塾大学,運動系（スポーツ・アウトドア）,,X/Instagram,x,yagamisofuteni,https://x.com/yagamisofuteni,https://instagram.com/keio_tennis,,70,20,25,20,5,334,fb652079-b8b4-4ee6-8cfb-8b2d321d80ec,,,
1879,,"（1,400件の対象外・claim率が良ければ追加）",東大襖クラブ,東京大学,趣味・その他,,X/Web,x,fusuma_welcome,https://x.com/fusuma_welcome,,https://fusumaclub.com/wp/,45,20,10,10,5,134,7491556e-951a-4661-98bc-2fd1a6363c64,,,
1880,,"（1,400件の対象外・claim率が良ければ追加）",シャンソン研究会（シャン研）,早稲田大学,学術・研究（ゼミ・研究会・勉強会）,60,X,x,wasedacs,https://x.com/WasedaCS,,,60,10,25,10,15,341,e548c274-aabc-4428-9f73-1ab1abfd6b26,,,
1881,,"（1,400件の対象外・claim率が良ければ追加）",創作サークル 名称未定,京都大学,文化系（音楽・演劇・アート）,,X/Web,x,meishomitei,https://x.com/meishomitei,,https://creation.soragoto.net/,50,20,10,15,5,140,b66f2120-65b5-419e-bc7f-dc0a84292125,,,
1882,,"（1,400件の対象外・claim率が良ければ追加）",ACOGGYZ,慶應義塾大学,趣味・その他,,X/Instagram/Web,x,sfc_acoggyz,https://x.com/sfc_ACOGGYZ,https://instagram.com/acoggyz,https://twstalker.com/hanabishi_2025,70,30,25,10,5,335,fbcdf2f6-7aa0-47d6-b8ae-f9e731c8e1be,,,
1883,,"（1,400件の対象外・claim率が良ければ追加）",少女マンガ研究会,早稲田大学,学術・研究（ゼミ・研究会・勉強会）,59,X,x,wsmk_official,https://x.com/wsmk_official,,,60,10,25,10,15,342,3f45789c-891e-4e45-ab39-78eee28edd02,,,
1884,,"（1,400件の対象外・claim率が良ければ追加）",Sophia E-sports Circle（SEC）,上智大学,趣味・その他,,X/Instagram,x,sophiaesports,https://x.com/sophiaesports,https://instagram.com/sophiaracing,,52,20,17,10,5,228,46199843-adac-4775-b937-c315a3a155df,,,
1885,,"（1,400件の対象外・claim率が良ければ追加）",カヌークラブ,北海道大学,運動系（スポーツ・アウトドア）,,X/Instagram,x,hokudaicanoe,https://x.com/hokudaicanoe,https://instagram.com/hokudaicanoe,,53,20,8,20,5,103,ea0d92ba-9ddc-485f-850b-6757b4b67cdb,,,
1886,,"（1,400件の対象外・claim率が良ければ追加）",Company,東北大学,趣味・その他,,X/Instagram/Web,x,companytohoku,https://x.com/CompanyTohoku,https://instagram.com/tohoku_uni_recommend,https://www.tohoku.ac.jp/japanese/studentinfo/studentlife/02/studentlife0201/dantaiichiran.pdf,52,30,7,10,5,92,b44445ef-f673-4211-ac64-fb8f71c39137,,,
1887,,"（1,400件の対象外・claim率が良ければ追加）",スマブラサークルばしスマ,一橋大学,文化系（音楽・演劇・アート）,,X/Web,x,bashisuma,https://x.com/bashisuma,,https://campus-map.jp/hit/club/147/,48,20,8,15,5,110,8aa9830b-0c03-4486-86fa-7057dc0ad5fc,,,
1888,,"（1,400件の対象外・claim率が良ければ追加）",経営会計研究会,慶應義塾大学,学術・研究（ゼミ・研究会・勉強会）,,X/Instagram/Web,instagram,keikaiken_2026,https://x.com/keio_kinyuuken,https://instagram.com/keikaiken_2026,https://circle.info-jukusei.com/%E5%AD%A6%E8%A1%93%E3%83%BB%E6%96%87%E5%8C%96%E7%B3%BB/%E7%B5%8C%E5%96%B6%E4%BC%9A%E8%A8%88%E7%A0%94%E7%A9%B6%E4%BC%9A/,70,30,25,10,5,336,fce8a570-dab0-41ff-94ea-b8b815aa6f81,,,
1889,,"（1,400件の対象外・claim率が良ければ追加）",早大ボーカロイドファンクラブ,早稲田大学,趣味・その他,53,X,x,wvfc_0309,https://x.com/wvfc_0309,,,60,10,25,10,15,343,ff47861f-46ff-46d5-8bd5-d868a942e87d,,,
1890,,"（1,400件の対象外・claim率が良ければ追加）",英語研究部,九州大学,国際交流・語学,,Instagram/Web,instagram,kyushusalc,,https://instagram.com/kyushusalc,http://kyudaicircle.club/c029_qess/,52,20,7,20,5,99,c053bef9-12bf-467c-85da-43c8b0ac392d,,,
1891,,"（1,400件の対象外・claim率が良ければ追加）",TEDxNagoyaU,名古屋大学,趣味・その他,,X/Instagram/Web,x,tedxnu_recruit,https://x.com/TEDxNU_recruit,https://instagram.com/tedxnagoyau,https://note.com/sango335/n/n86a1fa43a435,52,30,7,10,5,99,f8e50a14-f5a7-4db1-96ba-e104c7dfde31,,,
1892,,"（1,400件の対象外・claim率が良ければ追加）",銀簫会,大阪大学,趣味・その他,,X/Instagram/Web,x,ginsyoukai,https://x.com/ginsyoukai,https://instagram.com/handai_ginsyo_kai,https://ww.twstalker.com/ginsyoukai,53,30,8,10,5,111,d5eb4a97-03c0-4d23-863c-c21224262e48,,,
1893,,"（1,400件の対象外・claim率が良ければ追加）",東大聖書研究会,東京大学,学術・研究（ゼミ・研究会・勉強会）,,X/Web,x,kgk_utokyo,https://x.com/KGK_UTokyo,,https://campus-map.jp/ut/club/201/,45,20,10,10,5,135,81468a1f-1974-4ddf-ad1e-54e5a553d305,,,
1894,,"（1,400件の対象外・claim率が良ければ追加）",ASANTE PROJECT,上智大学,趣味・その他,,X/Web,x,asante_tokyo,https://x.com/Asante_tokyo,,https://ariosoweb.com/campuslife/chamani1960passion/,52,20,17,10,5,229,4d2b89fb-c8d7-4d52-b004-71ccfbe34514,,,
1895,,"（1,400件の対象外・claim率が良ければ追加）",漫トロピー,京都大学,文化系（音楽・演劇・アート）,,X/Web,x,mantropy,https://x.com/mantropy,,https://www.kyoto-u.ac.jp/sites/default/files/inline-files/Revised2_HandbookForIntlStudents_20250806-717d818d53b76215ac3a5628293fc8bb.pdf,50,20,10,15,5,141,be48d284-9453-4e39-b9a3-5f980ae71b0b,,,
1896,,"（1,400件の対象外・claim率が良ければ追加）",北海道慶應学生会,慶應義塾大学,学術・研究（ゼミ・研究会・勉強会）,,X/Instagram/Web,instagram,jukuseikai,https://x.com/Keio_STC,https://instagram.com/jukuseikai,https://news.penmark.jp/circle/20052/?u=keio,70,30,25,10,5,337,fe39157b-e504-4d39-83a6-a4fb148dff75,,,
1897,,"（1,400件の対象外・claim率が良ければ追加）",将棋部,早稲田大学,趣味・その他,50,X,x,wasedashogi,https://x.com/wasedashogi,,,60,10,25,10,15,344,2e27722d-71cf-40dc-8f30-9f58b624ffe3,,,
1898,,"（1,400件の対象外・claim率が良ければ追加）",体育会卓球部,東京科学大学,運動系（スポーツ・アウトドア）,,X/Instagram,x,stokyottc,https://x.com/STokyoTTC,https://instagram.com/sciencetokyo_tabletennis,,48,20,3,20,5,48,bf7a1c07-6d77-4a1d-bdcd-8581efed3c75,,,
1899,,"（1,400件の対象外・claim率が良ければ追加）",日中医学生交流協会,慶應義塾大学,学術・研究（ゼミ・研究会・勉強会）,3322,Web,website,https://medical.nikkeibp.co.jp/inc/all/author/a061.html,,,https://medical.nikkeibp.co.jp/inc/all/author/a061.html,65,10,25,10,20,338,048bde1f-a184-4949-9ade-23c282be32de,,,
1900,,"（1,400件の対象外・claim率が良ければ追加）",岡山学生稲門会,早稲田大学,趣味・その他,50,X,x,okayama_tomon,https://x.com/okayama_tomon,,,60,10,25,10,15,345,af11fd4c-8353-49b5-9540-f9e5c71a1d53,,,
1901,,"（1,400件の対象外・claim率が良ければ追加）",wel-bee,上智大学,趣味・その他,,X/Web,x,welbee_8,https://x.com/welbee_8,,https://wel-bee.com/volunteer-2022/,52,20,17,10,5,230,56d1926b-af34-49db-9e1f-40b3f6955b84,,,
1902,,"（1,400件の対象外・claim率が良ければ追加）",狩猟同好会カリブ,北海道大学,趣味・その他,,X/Instagram/Web,x,hokudai_karyudo,https://x.com/hokudai_karyudo,https://instagram.com/hokudai_karibu,https://hubcnavi.net/cultural/study,53,30,8,10,5,104,edfb5f68-dc16-43d2-bd0c-7dd5cd8687f0,,,
1903,,"（1,400件の対象外・claim率が良ければ追加）",アカペラシンガーズK.O.E.,慶應義塾大学,文化系（音楽・演劇・アート）,,X/Instagram,x,koe_official,https://x.com/KOE_official,https://instagram.com/koe_officialpr,,65,20,25,15,5,339,0514ba42-c97a-49db-85e7-319c16de754c,,,
1904,,"（1,400件の対象外・claim率が良ければ追加）",軽音楽部,一橋大学,文化系（音楽・演劇・アート）,,X/Instagram,x,hit_k_on_,https://x.com/hit_k_on_,https://instagram.com/hitotsubashi_keion,,48,20,8,15,5,111,9b63b2f8-7b8a-4f59-9554-f7935ce033cd,,,
1905,,"（1,400件の対象外・claim率が良ければ追加）",コリアン学生の集い,京都大学,文化系（音楽・演劇・アート）,,X/Web,x,korean_gakusei,https://x.com/Korean_gakusei,,https://style.kyotokacho-u.ac.jp/campus-life/activities/,50,20,10,15,5,142,cf853a63-6fae-4cd6-9e7c-60ffd6d4ff8a,,,
1906,,"（1,400件の対象外・claim率が良ければ追加）",蛍法会,早稲田大学,学術・研究（ゼミ・研究会・勉強会）,50,X,x,hotaru_1956,https://x.com/hotaru_1956,,,60,10,25,10,15,346,e65352f0-da66-455a-a5b6-8588553025dd,,,
1907,,"（1,400件の対象外・claim率が良ければ追加）",東京大学法律相談所,東京大学,学術・研究（ゼミ・研究会・勉強会）,,X/Web,x,ut_hoso,https://x.com/UT_Hoso,,https://ut-hoso.org/,45,20,10,10,5,136,830dd18c-db27-4d62-a7ea-6b9e1796a6ab,,,
1908,,"（1,400件の対象外・claim率が良ければ追加）",釣り同好会,東北大学,趣味・その他,,X/Instagram/Web,x,turi_love_tonpe,https://x.com/turi_love_tonpe,https://instagram.com/tsuri_love_tonpei,https://www.gakuyukai.ihe.tohoku.ac.jp/club/%E6%9D%B1%E5%8C%97%E5%A4%A7%E5%AD%A6%E9%87%A3%E3%82%8A%E5%90%8C%E5%A5%BD%E4%BC%9A/,52,30,7,10,5,93,c61ac42c-12c1-41bb-ae72-ee1d2ab3f8bb,,,
1909,,"（1,400件の対象外・claim率が良ければ追加）",クイズ研究会OUQS,大阪大学,趣味・その他,,X/Instagram/Web,x,ouqsquiz,https://x.com/ouqsquiz,https://instagram.com/ouqs_quiz,https://www.i-maker.org/clubs/47a0d5be-5799-4ebe-84d3-f2eaff9deaec,53,30,8,10,5,112,d6aab25c-c496-4a18-9f1c-02130f8154c5,,,
1910,,"（1,400件の対象外・claim率が良ければ追加）",APeS,上智大学,趣味・その他,,X/Instagram,x,sophia_apes,https://x.com/sophia_apes,https://instagram.com/agu_palan_insta,,52,20,17,10,5,231,60614058-8794-4fa6-8c18-8d03c51c2ee6,,,
1911,,"（1,400件の対象外・claim率が良ければ追加）",舞踏研究部,九州大学,学術・研究（ゼミ・研究会・勉強会）,,X/Instagram/Web,x,qdai_ballroom,https://x.com/qdai_ballroom,https://instagram.com/qdai_ballroom,http://kyudaicircle.club/c025_butoukennkyubu/,52,30,7,10,5,100,ce3d2ffb-d202-403b-b3d1-d0da2cde3e61,,,
1912,,"（1,400件の対象外・claim率が良ければ追加）",環境サークルSong Of Earth,名古屋大学,学術・研究（ゼミ・研究会・勉強会）,,X/Instagram/Web,instagram,song_of_earth_1994,https://x.com/nu_zenshinkan,https://instagram.com/song_of_earth_1994,https://evecamplus.com/organizer/detail/1141,52,30,7,10,5,100,f9a1a412-761b-4a0b-9b2b-80fe9ae8a3fa,,,
1913,,"（1,400件の対象外・claim率が良ければ追加）",ジャパンアニメカルチャー研究会,慶應義塾大学,文化系（音楽・演劇・アート）,,X/Web,x,jack_keio_sfc,https://x.com/jack_keio_sfc,,https://orientation.keio-zenkyo.net/circle2025/298,65,20,25,15,5,340,4abb9c19-67a2-4bef-a5da-1eaf37463a31,,,
1914,,"（1,400件の対象外・claim率が良ければ追加）",ザ・ワセダ・ガーディアン,早稲田大学,メディア・出版,47,X,x,wasedaguardian,https://x.com/WasedaGuardian,,,60,10,25,15,10,347,57dc96f0-0fc6-4601-a38a-2c9653b89381,,,
1915,,"（1,400件の対象外・claim率が良ければ追加）",コンピュータ研究会,国際基督教大学,学術・研究（ゼミ・研究会・勉強会）,,X/Instagram/Web,x,icu_waraken,https://x.com/ICU_waraken,https://instagram.com/icuwaraken,https://www.icu.ac.jp/academics/undergraduate/major/major18/,49,30,4,10,5,51,170da27e-5368-47bb-9571-adebaf836f45,,,
1916,,"（1,400件の対象外・claim率が良ければ追加）",フラサークルPilialoha,慶應義塾大学,文化系（音楽・演劇・アート）,,Instagram/Web,instagram,keio_pilialoha_hula,,https://instagram.com/keio_pilialoha_hula,https://circle.info-jukusei.com/%E3%83%91%E3%83%95%E3%82%A9%E3%83%BC%E3%83%9E%E3%83%B3%E3%82%B9%E7%B3%BB/%E6%85%B6%E6%87%89%E7%BE%A9%E5%A1%BE%E5%A4%A7%E5%AD%A6%E5%85%AC%E8%AA%8D%E5%AD%A6%E7%94%9F%E5%9B%A3%E4%BD%93%E3%83%95%E3%83%A9%E3%82%B5%E3%83%BC%E3%82%AF%E3%83%ABpilialoha/,65,20,25,15,5,341,55dfe55b-23c8-41f8-8261-0e8037723bd1,,,
1917,,"（1,400件の対象外・claim率が良ければ追加）",ラテン・アメリカ協会,早稲田大学,文化系（音楽・演劇・アート）,40,X,x,rateame,https://x.com/rateame,,,60,10,25,15,10,348,2ae9e487-7315-41f0-b6d9-ced3ff0561c8,,,
1918,,"（1,400件の対象外・claim率が良ければ追加）",上智大学カラオケ精密採点DAM研究会(SDR),上智大学,学術・研究（ゼミ・研究会・勉強会）,,Instagram/Web,instagram,sdr_100.000,,https://instagram.com/sdr_100.000,https://news-geispo.2chblog.jp/search_tags?qt=8969663&p=2,52,20,17,10,5,232,66f81bc2-de64-42fe-bcfb-489ccaff9812,,,
1919,,"（1,400件の対象外・claim率が良ければ追加）",京大ローバース,京都大学,文化系（音楽・演劇・アート）,,X/Web,x,kyoto_u_rover,https://x.com/kyoto_u_rover,,https://www.kyoto-gakuseisaiten.com/shinkan_group/4155,50,20,10,15,5,143,f268fda6-57bc-4408-a2ef-a2b68c7b7b9c,,,
1920,,"（1,400件の対象外・claim率が良ければ追加）",Aile,東京大学,趣味・その他,,Instagram/Web,instagram,aile_1820,,https://instagram.com/aile_1820,https://cureaile.ex-p.biz/,45,20,10,10,5,137,87f4d3b2-0aaf-44bd-9662-8dcf1a78bf27,,,
1921,,"（1,400件の対象外・claim率が良ければ追加）",かるた会,北海道大学,趣味・その他,,X/Instagram/Web,x,hokudaicaruta,https://x.com/hokudaicaruta,https://instagram.com/hokudai_caruta,http://hokudaicarutakai.web.fc2.com/shinkan2023.html,53,30,8,10,5,105,ef613ce7-361b-4693-a4d6-ebc06b854574,,,
1922,,"（1,400件の対象外・claim率が良ければ追加）",矢上祭実行委員会,慶應義塾大学,イベント・企画（インカレ・学園祭等）,,Instagram,instagram,yagamifes_somu_shinkan,,https://instagram.com/yagamifes_somu_shinkan,,65,10,25,25,5,342,5f2c6ee6-404d-4f5c-96ad-e4e313f3ec82,,,
1923,,"（1,400件の対象外・claim率が良ければ追加）",映像製作集団 浪人街,早稲田大学,文化系（音楽・演劇・アート）,40,X,x,roningai,https://x.com/roningai,,,60,10,25,15,10,349,34e6c5bd-6c1f-46e0-bcae-82d169f8f0d0,,,
1924,,"（1,400件の対象外・claim率が良ければ追加）",コピーダンスサークル Spica,一橋大学,文化系（音楽・演劇・アート）,,Instagram/Web,instagram,spica_hit,,https://instagram.com/spica_hit,https://campus-map.jp/hit/club/87/,48,20,8,15,5,112,a58e97d8-3f2d-4350-820c-f49c24c9dcc6,,,
1925,,"（1,400件の対象外・claim率が良ければ追加）",ハンドボール部,大阪大学,運動系（スポーツ・アウトドア）,,X/Instagram,x,osaka_u_hankyu,https://x.com/Osaka_u_hankyu,https://instagram.com/osaka_u.handball.hankyu,,53,20,8,20,5,113,e78aab4c-211d-4106-955b-6c9371c822ba,,,
1926,,"（1,400件の対象外・claim率が良ければ追加）",体育会空手道部,上智大学,運動系（スポーツ・アウトドア）,,Web,website,https://campus-map.jp/kyoto/club/23,,,https://campus-map.jp/kyoto/club/23,52,10,17,20,5,233,6888d4ac-d302-4b83-977b-5408c3626030,,,
1927,,"（1,400件の対象外・claim率が良ければ追加）",メタバース研究会,東北大学,学術・研究（ゼミ・研究会・勉強会）,,X/Instagram/Web,x,metaversetohoku,https://x.com/metaversetohoku,https://instagram.com/tohoku_metaverse,https://www.gakuyukai.ihe.tohoku.ac.jp/club/metaverse/,52,30,7,10,5,94,cc8b5e65-33e1-4547-9dbd-45594e116415,,,
1928,,"（1,400件の対象外・claim率が良ければ追加）",ライフセービングクラブ,慶應義塾大学,文化系（音楽・演劇・アート）,,X/Instagram,x,r_lifesaving,https://x.com/R_lifesaving,https://instagram.com/keiouvslsc,,65,20,25,15,5,343,7bbbddfc-3716-44d6-83ad-93281f268a20,,,
1929,,"（1,400件の対象外・claim率が良ければ追加）",ＰＯＰ３,早稲田大学,文化系（音楽・演劇・アート）,38,X,x,owaraipop3,https://x.com/owaraiPOP3,,,60,10,25,15,10,350,167ddea8-597a-40b3-816a-23dbaac70e78,,,
1930,,"（1,400件の対象外・claim率が良ければ追加）",謎解き企画,九州大学,趣味・その他,,X/Instagram/Web,x,nazo_quest,https://x.com/Nazo_Quest,https://instagram.com/qu_johokyoku,https://qdaiquest.com/,52,30,7,10,5,101,dbc19d0d-dcba-4d55-afa0-13a04b76b3e6,,,
1931,,"（1,400件の対象外・claim率が良ければ追加）",ポーカーサークルNUts,名古屋大学,文化系（音楽・演劇・アート）,,X/Web,x,nu_poker,https://x.com/NU_poker,,https://www.nagoya-u.ac.jp/admissions/voice/event/nuts.html,47,20,7,15,5,101,3d2308ec-52e0-4654-bbba-00ec235e697f,,,
1932,,"（1,400件の対象外・claim率が良ければ追加）",サニーロード ちゃりだー,京都大学,文化系（音楽・演劇・アート）,,Instagram/Web,instagram,srchariderku,,https://instagram.com/srchariderku,https://g-tohai.co.jp/talent/27597/,50,20,10,15,5,144,f7594822-3188-40e2-8191-7bd16f0914e3,,,
1933,,"（1,400件の対象外・claim率が良ければ追加）",こえけん！アニメ声優研究会,慶應義塾大学,文化系（音楽・演劇・アート）,,X/Web,x,keiokoeken,https://x.com/keiokoeken,,https://www.keiokoeken.com/newcomer/,65,20,25,15,5,344,86ec0f90-aae1-45c2-a493-c2b7e92e4460,,,
1934,,"（1,400件の対象外・claim率が良ければ追加）",ギターソサエティー,早稲田大学,文化系（音楽・演劇・アート）,38,X,x,w_guitars,https://x.com/w_guitars,,,60,10,25,15,10,351,230676d9-456e-4138-9a5f-47de301e8133,,,
1935,,"（1,400件の対象外・claim率が良ければ追加）",Krone,上智大学,趣味・その他,,X/Instagram,x,krone_sophia,https://x.com/Krone_Sophia,https://instagram.com/krone__2024,,52,20,17,10,5,234,80dd00d0-8341-44fc-ab7b-cc665e623c34,,,
1936,,"（1,400件の対象外・claim率が良ければ追加）",東京大学航空宇宙技術研究会,東京大学,学術・研究（ゼミ・研究会・勉強会）,,X/Web,x,utat_aerospace,https://x.com/UTAT_aerospace,,http://ut-base.info/circles/62,45,20,10,10,5,138,988e3120-e72c-4a34-9f9d-d3f05f2a3bbb,,,
1937,,"（1,400件の対象外・claim率が良ければ追加）",弓道部,東京科学大学,運動系（スポーツ・アウトドア）,,Instagram/Web,instagram,sciencetokyo_kyudo,,https://instagram.com/sciencetokyo_kyudo,https://tokyotech-kyudo.com/,48,20,3,20,5,49,c5363161-6527-4ca2-ba84-bedb5722858b,,,
1938,,"（1,400件の対象外・claim率が良ければ追加）",Swing & Jazz Club,早稲田大学,文化系（音楽・演劇・アート）,37,X,x,swingandjazz,https://x.com/swingandjazz,,,60,10,25,15,10,352,6ef001cb-9257-4191-a1b0-3f6aba788855,,,
1939,,"（1,400件の対象外・claim率が良ければ追加）",ウィンドオーケストラDolce,慶應義塾大学,文化系（音楽・演劇・アート）,,X/Instagram,x,sfc_dolce,https://x.com/sfc_Dolce,https://instagram.com/sfc_dolce,,65,20,25,15,5,345,b492868b-bcc9-422a-b435-34be25c730c6,,,
1940,,"（1,400件の対象外・claim率が良ければ追加）",表千家茶道部,一橋大学,文化系（音楽・演劇・アート）,,X/Web,x,omote_ocha,https://x.com/omote_ocha,,https://campus-map.jp/hit/club/35/,48,20,8,15,5,113,d3d8777c-3a55-4e9f-8125-77842939adc2,,,
1941,,"（1,400件の対象外・claim率が良ければ追加）",交響楽団,北海道大学,文化系（音楽・演劇・アート）,,X/Instagram,x,huso_shinkan,https://x.com/huso_shinkan,https://instagram.com/hokudai_ok,,48,20,8,15,5,106,3fb4efd0-f13b-4724-b911-287627b78b2d,,,
1942,,"（1,400件の対象外・claim率が良ければ追加）",FC.ARMADOR,上智大学,趣味・その他,,X/Instagram,x,fukuokastp,https://x.com/fukuokastp,https://instagram.com/fcarmador_2025,,52,20,17,10,5,235,83ee5c5c-7a24-47ab-a6bb-b218dba8809d,,,
1943,,"（1,400件の対象外・claim率が良ければ追加）",奇術研究会,大阪大学,趣味・その他,,X/Instagram/Web,x,oumc_magic,https://x.com/oumc_magic,https://instagram.com/oumc_magic,https://oumc.ojaru.jp/,53,30,8,10,5,114,ebd41aae-a55e-49e8-9ec1-4408c7a510ca,,,
1944,,"（1,400件の対象外・claim率が良ければ追加）",早慶戦支援会,早稲田大学,文化系（音楽・演劇・アート）,37,X,x,shienkai,https://x.com/shienkai,,,60,10,25,15,10,353,9a7bab87-31e5-4a80-98e4-07552aa06442,,,
1945,,"（1,400件の対象外・claim率が良ければ追加）",スタンドアップパドルクラブ,慶應義塾大学,文化系（音楽・演劇・アート）,,X/Web,website,https://supteamkeio.wixsite.com/keio-sup/member,https://x.com/Keio_Circle,,https://supteamkeio.wixsite.com/keio-sup/member,65,20,25,15,5,346,c8fcc325-d2ad-4295-bb34-f2fae70d1085,,,
1946,,"（1,400件の対象外・claim率が良ければ追加）",アニメーション同好会,京都大学,文化系（音楽・演劇・アート）,,X/Instagram,x,kuals_official,https://x.com/kuals_official,https://instagram.com/hyakuninben,,50,20,10,15,5,145,fb2fce54-14bf-4de2-9357-ed093bf0d8cb,,,
1947,,"（1,400件の対象外・claim率が良ければ追加）",法律相談部,九州大学,学術・研究（ゼミ・研究会・勉強会）,,X/Instagram/Web,x,qu_hoso,https://x.com/QU_hoso,https://instagram.com/q_law_pr.st,https://www.law.kyushu-u.ac.jp/pr/introduction/circle02,52,30,7,10,5,102,e390b81d-6065-4ac5-8bf9-9fcf8d850a26,,,
1948,,"（1,400件の対象外・claim率が良ければ追加）",作曲サークル Anti-Aging Record,名古屋大学,文化系（音楽・演劇・アート）,,X/Web,website,https://fabcafe.com/jp/events/nagoya/20210704_popupdjnagoya/,https://x.com/nubunsa,,https://fabcafe.com/jp/events/nagoya/20210704_popupdjnagoya/,47,20,7,15,5,102,532213ad-d3b0-4c2d-b292-315b1697419f,,,
1949,,"（1,400件の対象外・claim率が良ければ追加）",人力飛行部,東北大学,運動系（スポーツ・アウトドア）,,X/Web,website,https://tohoku.2025.giving-campaign.jp/groups?id=f062e92e-770d-4cc7-95c8-7d7c5eba0360,https://x.com/suikyu_toh,,https://tohoku.2025.giving-campaign.jp/groups?id=f062e92e-770d-4cc7-95c8-7d7c5eba0360,52,20,7,20,5,95,d1ea8e8a-6fe3-4643-b02e-892f613f91cd,,,
1950,,"（1,400件の対象外・claim率が良ければ追加）",国際人道法学生協会,東京大学,国際交流・語学,,Web,website,https://library.oapen.org/bitstream/handle/20.500.12657/57816/1/9781800081536.pdf,,,https://library.oapen.org/bitstream/handle/20.500.12657/57816/1/9781800081536.pdf,45,10,10,20,5,139,990e09fc-3a2f-439b-9b01-90decb131b49,,,
1951,,"（1,400件の対象外・claim率が良ければ追加）",竹友会,早稲田大学,文化系（音楽・演劇・アート）,35,X,x,chikuyukai,https://x.com/chikuyukai,,,60,10,25,15,10,354,044ac349-604f-4635-8669-a7b1e59cf238,,,
1952,,"（1,400件の対象外・claim率が良ければ追加）",ロシア語学科サークルДорога(ダローガ),上智大学,国際交流・語学,,Instagram,instagram,sophia._.pycc,,https://instagram.com/sophia._.pycc,,52,10,17,20,5,236,8abbd086-229d-49b3-9fda-778e0d70d470,,,
1953,,"（1,400件の対象外・claim率が良ければ追加）",茶道会（湘南藤沢）,慶應義塾大学,文化系（音楽・演劇・アート）,,Instagram/Web,website,https://orientation.keio-zenkyo.net/circle2025/90,,https://instagram.com/keiosado,https://orientation.keio-zenkyo.net/circle2025/90,65,20,25,15,5,347,d13dc7ef-0421-4f93-a96c-e4e59fc8b641,,,
1954,,"（1,400件の対象外・claim率が良ければ追加）",競技ダンス部,国際基督教大学,運動系（スポーツ・アウトドア）,,Instagram/Web,instagram,icu.ballroomdance,,https://instagram.com/icu.ballroomdance,https://cheer-community.com/sch1028/,49,20,4,20,5,52,515536f2-e30b-402f-a426-fe19ede3986a,,,
1955,,"（1,400件の対象外・claim率が良ければ追加）",琵琶サークル　琵沙門,早稲田大学,文化系（音楽・演劇・アート）,35,X,x,biwacircle,https://x.com/biwacircle,,,60,10,25,15,10,355,bb411502-973a-4b1f-ba59-b56ed70401bb,,,
1956,,"（1,400件の対象外・claim率が良ければ追加）",楽籠クラブ,慶應義塾大学,文化系（音楽・演劇・アート）,,Instagram/Web,website,https://ww.twstalker.com/rakurokeio2021,,https://instagram.com/rakuro__keio__2025,https://ww.twstalker.com/rakurokeio2021,65,20,25,15,5,348,f65bfd0a-032f-46c4-9187-85dc86dcfbf1,,,
1957,,"（1,400件の対象外・claim率が良ければ追加）",投資サークル TOWALY,一橋大学,文化系（音楽・演劇・アート）,,X/Web,x,towalygroup,https://x.com/towalygroup,,https://w.twstalker.com/towalygroup,48,20,8,15,5,114,f24701b7-45be-4bd0-8695-801d9fb99df1,,,
1958,,"（1,400件の対象外・claim率が良ければ追加）",中国ダンスサークル華,北海道大学,文化系（音楽・演劇・アート）,,X/Web,x,hokudaihana87,https://x.com/hokudaihana87,,https://sapporo.chinafes.net/stage.html,48,20,8,15,5,107,adafedf3-afbd-482b-8fcd-6154374d605d,,,
1959,,"（1,400件の対象外・claim率が良ければ追加）",地方創生学生団体CountyAssociation,上智大学,学術・研究（ゼミ・研究会・勉強会）,,Instagram/Web,instagram,sophia_uni_future_center,,https://instagram.com/sophia_uni_future_center,https://twstalker.com/dJErAlA0VP3plEv,52,20,17,10,5,237,9a266f1d-8f53-4591-ab35-fcf027c18cea,,,
1960,,"（1,400件の対象外・claim率が良ければ追加）",ライフル射撃部,大阪大学,運動系（スポーツ・アウトドア）,,X/Web,website,https://oursc.main.jp/member.html,https://x.com/handaisyoukai,,https://oursc.main.jp/member.html,53,20,8,20,5,115,f04ad61c-cb27-40b9-b71e-241177103f16,,,
1961,,"（1,400件の対象外・claim率が良ければ追加）",能楽部金剛会,京都大学,文化系（音楽・演劇・アート）,,X/Web,x,kyodai_kongoh,https://x.com/kyodai_kongoh,,https://www.kyoto-gakuseisaiten.com/shinkan_group/4306,50,20,10,15,5,146,ff4ad10f-b200-4c28-b284-2176afc59b68,,,
1962,,"（1,400件の対象外・claim率が良ければ追加）",短歌会,早稲田大学,文化系（音楽・演劇・アート）,30,X,x,wasetan,https://x.com/wasetan,,,60,10,25,15,10,356,03ec8b6f-4d2d-4c70-9c8f-19447b742544,,,
1963,,"（1,400件の対象外・claim率が良ければ追加）",ぬいぐるみ病院,慶應義塾大学,趣味・その他,15,Instagram/Web,instagram,nosuke,,https://instagram.com/nosuke,https://www.kitasato-u.ac.jp/gakusei/kouhousi/documents/CampusGuide2024.pdf,60,20,25,10,5,349,1d501fd4-8cca-4983-8bf1-edb386e70d0a,,,
1964,,"（1,400件の対象外・claim率が良ければ追加）",戦前日本思想史研究会,東京大学,学術・研究（ゼミ・研究会・勉強会）,,Instagram/Web,instagram,nishi_no_kaito,,https://instagram.com/nishi_no_kaito,https://serai.jp/hobby/322770,45,20,10,10,5,140,ab2179fd-c3c4-4657-9ebf-8785ed34ab6f,,,
1965,,"（1,400件の対象外・claim率が良ければ追加）",アカペラサークル,九州大学,文化系（音楽・演劇・アート）,,X/Web,x,harmoq_official,https://x.com/HarmoQ_Official,,http://kyudaicircle.club/c002_harmoq/,47,20,7,15,5,103,2f6e221d-ab2d-478f-bf84-4efdceb341c3,,,
1966,,"（1,400件の対象外・claim率が良ければ追加）",ジャズ研究会,名古屋大学,文化系（音楽・演劇・アート）,,X/Instagram,x,jazz_nujazzken,https://x.com/jazz_nujazzken,https://instagram.com/nu_jazzken,,47,20,7,15,5,103,5dc84e5d-8650-4b85-8c4b-3e99e0be2400,,,
1967,,"（1,400件の対象外・claim率が良ければ追加）",思惟の森の会,早稲田大学,ボランティア・NPO,30,X,x,moritanohata,https://x.com/moritanohata,,,60,10,25,15,10,357,146fcf94-ccb9-4347-b137-875489c85a71,,,
1968,,"（1,400件の対象外・claim率が良ければ追加）",SAfro FAmily,上智大学,趣味・その他,,X/Instagram,x,safro_family,https://x.com/safro_family,https://instagram.com/safro_family,,52,20,17,10,5,238,a0035d59-46e5-4277-a25a-b31ab873e854,,,
1969,,"（1,400件の対象外・claim率が良ければ追加）",スパイラルスケートクラブ,慶應義塾大学,運動系（スポーツ・アウトドア）,14,Web,website,https://info-jukusei.com/keiospiral/,,,https://info-jukusei.com/keiospiral/,60,10,25,20,5,350,b75c99bd-bce6-4f06-822b-4daf8b756d5b,,,
1970,,"（1,400件の対象外・claim率が良ければ追加）",川内卓球同好会,東北大学,運動系（スポーツ・アウトドア）,,X/Web,x,kawautitakudo,https://x.com/kawautitakudo,,https://www.gakuyukai.ihe.tohoku.ac.jp/club/%E5%B7%9D%E5%86%85%E5%8D%93%E7%90%83%E5%90%8C%E5%A5%BD%E4%BC%9A/,52,20,7,20,5,96,d7a8813c-d32d-430d-af2a-1656035e54d7,,,
1971,,"（1,400件の対象外・claim率が良ければ追加）",ザ・ナレオ,早稲田大学,文化系（音楽・演劇・アート）,30,X,x,naleio_waseda,https://x.com/naleio_waseda,,,60,10,25,15,10,358,311a370d-e877-430c-92ac-b49cd0c9ff67,,,
1972,,"（1,400件の対象外・claim率が良ければ追加）",理工学部グランド運営委員会,慶應義塾大学,運動系（スポーツ・アウトドア）,5,Web,website,https://www.chuo-u.ac.jp/uploads/2018/10/report2017_13-01.pdf,,,https://www.chuo-u.ac.jp/uploads/2018/10/report2017_13-01.pdf,60,10,25,20,5,351,ac6362af-6303-4639-a0c8-d8f746e5e220,,,
1973,,"（1,400件の対象外・claim率が良ければ追加）",SF・幻想文学研究会,京都大学,学術・研究（ゼミ・研究会・勉強会）,9,X/Web,x,kusfa,https://x.com/KUSFA,,https://www.kyoto-gakuseisaiten.com/shinkan-search,45,20,10,10,5,147,09dd04a8-fa48-4dfd-9d47-b9427bf39d0f,,,
1974,,"（1,400件の対象外・claim率が良ければ追加）",坐禅部如意団,一橋大学,運動系（スポーツ・アウトドア）,17,Web,website,https://zazenbu-nyoidan.amebaownd.com/,,,https://zazenbu-nyoidan.amebaownd.com/,43,10,8,20,5,115,00ad853e-a748-4b07-9f13-600737c6fa79,,,
1975,,"（1,400件の対象外・claim率が良ければ追加）",CAMPUS CRUSH,上智大学,趣味・その他,,Instagram/Web,instagram,campuscrush_official,,https://instagram.com/campuscrush_official,https://pweb.cc.sophia.ac.jp/shibano/BA.html,52,20,17,10,5,239,a4c05869-1942-4739-aa67-34d2d24d2085,,,
1976,,"（1,400件の対象外・claim率が良ければ追加）",自動車部,大阪大学,趣味・その他,,X/Instagram/Web,x,osuracingclub,https://x.com/osuracingclub,https://instagram.com/osuracingclub,https://www.osaka-sandai.ac.jp/club_circle/club/84,53,30,8,10,5,116,f233f567-ffee-42c3-a5ee-5c37b277284a,,,
1977,,"（1,400件の対象外・claim率が良ければ追加）",ichihime,東京大学,趣味・その他,,X/Web,website,https://campus-map.jp/ut/club/362/,https://x.com/ut_polaris,,https://campus-map.jp/ut/club/362/,45,20,10,10,5,141,ba5e8b2b-393f-44b6-84c9-e282bc562b92,,,
1978,,"（1,400件の対象外・claim率が良ければ追加）",ライダーズクラブHORIZON,北海道大学,文化系（音楽・演劇・アート）,,X/Web,x,rchorizon1982,https://x.com/rchorizon1982,,https://hokudaiwiki.net/wiki/2023%E5%B9%B4%E3%81%AE%E5%8C%97%E5%A4%A7%E7%A5%AD%E3%81%A7%E5%96%B6%E6%A5%AD%E3%81%99%E3%82%8B%E6%A8%A1%E6%93%AC%E5%BA%97%E4%B8%80%E8%A6%A7,48,20,8,15,5,108,af02032d-8d52-47ee-a7fd-1a7b968be345,,,
1979,,"（1,400件の対象外・claim率が良ければ追加）",鉄道研究部,東京科学大学,趣味・その他,,X/Instagram/Web,instagram,isct_railwayclub,https://x.com/otc,https://instagram.com/isct_railwayclub,https://titrail.sakura.ne.jp/link.html,48,30,3,10,5,50,c60f38ae-4e6a-4c96-93a8-f802ec0d65f3,,,
1980,,"（1,400件の対象外・claim率が良ければ追加）",青空子ども会,早稲田大学,ボランティア・NPO,30,X,x,aozora2shinkan,https://x.com/aozora2shinkan,,,60,10,25,15,10,359,4509f75b-f1ab-400f-b2e1-2392f5b9edb8,,,
1981,,"（1,400件の対象外・claim率が良ければ追加）",日吉林遊会,慶應義塾大学,趣味・その他,1,Instagram/Web,instagram,hiyosi_rinyukai,,https://instagram.com/hiyosi_rinyukai,https://www.artoftheportrait.co.uk/light-modifiers-how-and-why-we-use-them/,60,20,25,10,5,352,6ec517cf-a52a-4b2e-843d-0ba159136bbf,,,
1982,,"（1,400件の対象外・claim率が良ければ追加）",ずるずるらくだ,早稲田大学,文化系（音楽・演劇・アート）,30,X,x,zuruzururakuda,https://x.com/zuruzururakuda,,,60,10,25,15,10,360,97763f88-a865-4b2a-ac1c-b548c178bf1a,,,
1983,,"（1,400件の対象外・claim率が良ければ追加）",dance crew EAGLE,上智大学,趣味・その他,,X/Instagram,x,eagledance05,https://x.com/EAGLEdance05,https://instagram.com/dance_crew_eagle,,52,20,17,10,5,240,aa586f2f-2b69-4ae1-802e-ac9807e0aea2,,,
1984,,"（1,400件の対象外・claim率が良ければ追加）",東方慶庵郷,慶應義塾大学,趣味・その他,1,X/Web,website,https://touhougarakuta.com/news/daigaku_2024/,https://x.com/Keio_Circle,,https://touhougarakuta.com/news/daigaku_2024/,60,20,25,10,5,353,fe36ee41-4f65-41e7-af49-faff21625036,,,
1985,,"（1,400件の対象外・claim率が良ければ追加）",ヒューマノイドプロジェクト,九州大学,文化系（音楽・演劇・アート）,,X/Web,x,quhp_9dai,https://x.com/QUHP_9dai,,https://humanoid9dai.wixsite.com/humanoid,47,20,7,15,5,104,68b25b52-e9fc-47d6-801e-41761245e235,,,
1986,,"（1,400件の対象外・claim率が良ければ追加）",医学部混声合唱団,名古屋大学,文化系（音楽・演劇・アート）,,X/Instagram,instagram,ikon_chorus,https://x.com/ikon_chorus,https://instagram.com/ikon_chorus,,47,20,7,15,5,104,d372f4f6-64ae-45c4-ad50-534481769734,,,
1987,,"（1,400件の対象外・claim率が良ければ追加）",スキューバダイビングサークル MARINE SNOW,京都大学,運動系（スポーツ・アウトドア）,,Web,website,https://campus-map.jp/kyoto/club/104/,,,https://campus-map.jp/kyoto/club/104/,45,10,10,20,5,148,254c158a-80f8-4b59-a409-84de14a31ea4,,,
1988,,"（1,400件の対象外・claim率が良ければ追加）",ＵＢＣ,早稲田大学,文化系（音楽・演劇・アート）,30,X,x,ubc_waseda,https://x.com/ubc_waseda,,,60,10,25,15,10,361,a8ac4faa-66b8-4bc2-aeb8-0728f848ab0d,,,
1989,,"（1,400件の対象外・claim率が良ければ追加）",園芸部,東北大学,趣味・その他,,X/Instagram/Web,x,touhoku_engei,https://x.com/touhoku_engei,https://instagram.com/tanabotatohoku6,https://www.tohoku.ac.jp/japanese/studentinfo/studentlife/02/studentlife0201/dantaiichiran.pdf,52,30,7,10,5,97,f35ba50a-4a1b-4f4d-a7e3-f9a2f949b568,,,
1990,,"（1,400件の対象外・claim率が良ければ追加）",AIESEC ICU,国際基督教大学,国際交流・語学,,X/Instagram,instagram,icuofficialtokyo,https://x.com/icu_arc,https://instagram.com/icuofficialtokyo,,49,20,4,20,5,53,5e1a2227-334f-48dd-b30b-e3ae165eb163,,,
1991,,"（1,400件の対象外・claim率が良ければ追加）",Digital Vertex,慶應義塾大学,趣味・その他,,X/Web,x,digital_vertex,https://x.com/digital_vertex,,https://www.kyoto-u.ac.jp/sites/default/files/embed/jaaboutevaluationhoujin3rd_yeardocuments29-1.pdf,60,20,25,10,5,354,003bfd57-5982-4514-8298-233e5def0b96,,,
1992,,"（1,400件の対象外・claim率が良ければ追加）",Pakistan Student Association - The University of Tokyo,東京大学,趣味・その他,,Instagram/Web,instagram,psasuo,,https://instagram.com/psasuo,https://miyabi-kathak.com/profile/history,45,20,10,10,5,142,c5b6d73c-b54e-4594-803c-b546c7da196b,,,
1993,,"（1,400件の対象外・claim率が良ければ追加）",DJ,一橋大学,趣味・その他,,X/Web,x,hit_resonance,https://x.com/hit_resonance,,https://campus-map.jp/hit/club/137/,43,20,8,10,5,116,1966771b-b6e3-4334-bb17-e6eaceb1704c,,,
1994,,"（1,400件の対象外・claim率が良ければ追加）",Sophia Rhythm Beat（SRB）,上智大学,趣味・その他,,Instagram/Web,website,https://ww.twstalker.com/konokono_122k,,https://instagram.com/sophia_k_on,https://ww.twstalker.com/konokono_122k,52,20,17,10,5,241,bd57efbc-4a81-4d71-8f79-9ff81870ecf6,,,
1995,,"（1,400件の対象外・claim率が良ければ追加）",女子バスケットボール部,大阪大学,運動系（スポーツ・アウトドア）,,X/Instagram,x,ou_womensbasket,https://x.com/ou_womensbasket,https://instagram.com/oubasket,,53,20,8,20,5,117,f4748163-99b6-4aa4-a69c-7a708c350957,,,
1996,,"（1,400件の対象外・claim率が良ければ追加）",早稲田寄席演芸研究会,早稲田大学,文化系（音楽・演劇・アート）,30,X,x,waseda_yoseken,https://x.com/waseda_yoseken,,,60,10,25,15,10,362,ad79c677-f47a-4c64-8305-08083401ffb3,,,
1997,,"（1,400件の対象外・claim率が良ければ追加）",美術部黒百合会,北海道大学,文化系（音楽・演劇・アート）,,Instagram/Web,instagram,kuroyuri_hokudai.art,,https://instagram.com/kuroyuri_hokudai.art,https://kryr-artculb.wixsite.com/hokudai-kuroyuri,48,20,8,15,5,109,ba197253-08a4-46de-ae6e-3699a60ee554,,,
1998,,"（1,400件の対象外・claim率が良ければ追加）",FrescoballClubOceano,慶應義塾大学,趣味・その他,,X/Web,x,frescooceano,https://x.com/frescooceano,,https://blog.frescoball.org/blog/archives/p18487/,60,20,25,10,5,355,04a10b4c-7d4a-4ee5-bfd4-b71abc7a68a3,,,
1999,,"（1,400件の対象外・claim率が良ければ追加）",劇団「こだま」,早稲田大学,文化系（音楽・演劇・アート）,28,X,x,gekidankodama,https://x.com/gekidankodama,,,60,10,25,15,10,363,27b8720d-033e-4466-ae7b-9386d514a302,,,
2000,,"（1,400件の対象外・claim率が良ければ追加）",SISEC,上智大学,趣味・その他,,X/Instagram,instagram,sisec.sophia,https://x.com/sisec_official,https://instagram.com/sisec.sophia,,52,20,17,10,5,242,be555924-8943-407c-be4c-ccd2d37fc4c0,,,
2001,,"（1,400件の対象外・claim率が良ければ追加）",探検部,京都大学,趣味・その他,,X/Web,x,exploringkyotou,https://x.com/exploringKyotoU,,https://www.kufs.ac.jp/news/detail.html?id=ssnbBN5v,45,20,10,10,5,149,270dff7d-bc99-4b1b-8e4c-fea968a3258c,,,
2002,,"（1,400件の対象外・claim率が良ければ追加）",建巡会,慶應義塾大学,趣味・その他,,Instagram/Web,instagram,sfc_kenjyun,,https://instagram.com/sfc_kenjyun,https://www.nodai.ac.jp/rieb/,60,20,25,10,5,356,159eff33-fb13-4448-af71-b0a8608fdcbe,,,
2003,,"（1,400件の対象外・claim率が良ければ追加）",Bangladeshi Student Association of The University ofTokyo,東京大学,趣味・その他,,Instagram/Web,instagram,bsa_otu,,https://instagram.com/bsa_otu,https://www.festival-tokyo.jp/dcms_media/other/FT18report_web_190313.pdf,45,20,10,10,5,143,ce37b3d4-6246-4534-b900-df4a9f1c7bdc,,,
2004,,"（1,400件の対象外・claim率が良ければ追加）",混声合唱団,九州大学,文化系（音楽・演劇・アート）,,Instagram/Web,instagram,qkon_chorus,,https://instagram.com/qkon_chorus,http://kyudaicircle.club/c028_konnseigassyou/,47,20,7,15,5,105,8448bc90-1d9a-47c7-a0f8-4421f8fb9080,,,
2005,,"（1,400件の対象外・claim率が良ければ追加）",吹奏楽団,名古屋大学,文化系（音楽・演劇・アート）,,X/Instagram,x,nagosui,https://x.com/nagosui,https://instagram.com/nagosui,,47,20,7,15,5,105,e4d95f96-062c-4901-af87-2a1b9584d143,,,
2006,,"（1,400件の対象外・claim率が良ければ追加）",歌舞伎研究会,早稲田大学,文化系（音楽・演劇・アート）,25,X,x,wsd_kabuki,https://x.com/wsd_kabuki,,,60,10,25,15,10,364,101960c0-d349-48ed-9710-db52c15bd8cb,,,
2007,,"（1,400件の対象外・claim率が良ければ追加）",ウェルネス研究会,慶應義塾大学,学術・研究（ゼミ・研究会・勉強会）,,Instagram/Web,instagram,kubire.salon.official,,https://instagram.com/kubire.salon.official,https://www.env.go.jp/nature/onsen/pdf/list_260302.xlsx,60,20,25,10,5,357,1ad7904d-6c55-41c7-a78c-a3f9fcbd19ca,,,
2008,,"（1,400件の対象外・claim率が良ければ追加）",サフロOBOG,上智大学,趣味・その他,,Instagram/Web,instagram,safroobog,,https://instagram.com/safroobog,https://www.sophiakai.gr.jp/issue/sophiansnow/doc/sophiansnow191asf.pdf,52,20,17,10,5,243,be56f92a-4078-463c-8acf-f20e171b4e7e,,,
2009,,"（1,400件の対象外・claim率が良ければ追加）",将棋部,一橋大学,趣味・その他,,X/Web,x,hit_u_shogiclub,https://x.com/Hit_u_Shogiclub,,https://campus-map.jp/hit/club/18/,43,20,8,10,5,117,38f616f8-0364-4d0f-b003-63ccc04f177f,,,
2010,,"（1,400件の対象外・claim率が良ければ追加）",川内聖書研究会,東北大学,学術・研究（ゼミ・研究会・勉強会）,21,X/Web,x,tohoku_seiken,https://x.com/tohoku_seiken,,https://www.gakuyukai.ihe.tohoku.ac.jp/wp-content/uploads/2024/04/all_pamphlet_2024-1.pdf,47,20,7,10,10,98,348d9101-45f9-4985-b944-3efde992bd8f,,,
2011,,"（1,400件の対象外・claim率が良ければ追加）",将棋部,大阪大学,趣味・その他,,X/Instagram/Web,x,daikei_shogi,https://x.com/daikei_shogi,https://instagram.com/daikeishogibu.,https://www.osaka-ue.ac.jp/campus/club/club03/japanese_chess.html,53,30,8,10,5,118,f84b1433-2fc8-4d43-a978-e359330ea41e,,,
2012,,"（1,400件の対象外・claim率が良ければ追加）",虚竹会,早稲田大学,文化系（音楽・演劇・アート）,25,X,x,kochikukai1003,https://x.com/kochikukai1003,,,60,10,25,15,10,365,c30de35b-97c6-4a2a-acea-a08740b0b77e,,,
2013,,"（1,400件の対象外・claim率が良ければ追加）",Beach Volley Club,慶應義塾大学,趣味・その他,,Instagram/Web,website,https://www.city.yokohama.lg.jp/shikai/kiroku/katsudo/h29/katsudogaiyo-h29-j-3.files/0115_20180808.pdf,,https://instagram.com/official_kvc,https://www.city.yokohama.lg.jp/shikai/kiroku/katsudo/h29/katsudogaiyo-h29-j-3.files/0115_20180808.pdf,60,20,25,10,5,358,27a22768-6361-4024-b68b-1fae05ceef2f,,,
2014,,"（1,400件の対象外・claim率が良ければ追加）",チルコロ・マンドリニスティコ アウロラ,北海道大学,文化系（音楽・演劇・アート）,,X/Web,x,aurora_shinkan,https://x.com/Aurora_shinkan,,https://hubcnavi.net/aurora_mandolin,48,20,8,15,5,110,cbcf6036-dfd0-4755-bcc0-199b3d1d1324,,,
2015,,"（1,400件の対象外・claim率が良ければ追加）",囲碁部,京都大学,趣味・その他,,X/Web,x,igo_kyotouniv,https://x.com/IGO_KyotoUniv,,http://kyotoigo.web.fc2.com/member.html,45,20,10,10,5,150,42956cc1-023e-484c-83b0-a0fd2feb74ee,,,
2016,,"（1,400件の対象外・claim率が良ければ追加）",早大理工囲将会,早稲田大学,文化系（音楽・演劇・アート）,23,X,x,ishokai,https://x.com/ishokai,,,60,10,25,15,10,366,0df0410a-9df9-42be-a57e-d9144cd9323e,,,
2017,,"（1,400件の対象外・claim率が良ければ追加）",らくっく,上智大学,趣味・その他,,Instagram/Web,instagram,lalalacook,,https://instagram.com/lalalacook,https://sophia-law4.hatenablog.com/entry/sophia_culture_club2,52,20,17,10,5,244,c3e297f6-bdb0-4d72-a4c1-ce1b367a56da,,,
2018,,"（1,400件の対象外・claim率が良ければ追加）",フェンシング部,東京科学大学,運動系（スポーツ・アウトドア）,,Instagram/Web,instagram,sciencetokyo_fencing,,https://instagram.com/sciencetokyo_fencing,https://titechfensers.at-ninja.jp/,48,20,3,20,5,51,d3e2d8ae-1842-4b64-8b38-0c1a846d7be1,,,
2019,,"（1,400件の対象外・claim率が良ければ追加）",自動車部,慶應義塾大学,趣味・その他,,Instagram/Web,instagram,keio_automobile_official,,https://instagram.com/keio_automobile_official,https://circle.info-jukusei.com/%E4%BD%93%E8%82%B2%E4%BC%9A/%E6%85%B6%E6%87%89%E7%BE%A9%E5%A1%BE%E4%BD%93%E8%82%B2%E4%BC%9A%E8%87%AA%E5%8B%95%E8%BB%8A%E9%83%A8/,60,20,25,10,5,359,289524e1-ac4a-4cf9-8a1c-812d175c9b6d,,,
2020,,"（1,400件の対象外・claim率が良ければ追加）",東京大学盆栽クラブ,東京大学,学術・研究（ゼミ・研究会・勉強会）,,X/Web,x,utbonsai,https://x.com/UTbonsai,,https://mobile.twstalker.com/okamex0105,45,20,10,10,5,144,cf8b246d-5d5a-428e-917b-b67b7ab0170e,,,
2021,,"（1,400件の対象外・claim率が良ければ追加）",金春会,早稲田大学,文化系（音楽・演劇・アート）,23,X,x,wakomparu,https://x.com/wakomparu,,,60,10,25,15,10,367,fce7136c-a1ad-4146-b81c-8f82858bfc0e,,,
2022,,"（1,400件の対象外・claim率が良ければ追加）",合気道部(理工学部),慶應義塾大学,運動系（スポーツ・アウトドア）,,Instagram,instagram,aikido.keio,,https://instagram.com/aikido.keio,,60,10,25,20,5,360,296ec680-ea04-4c82-9047-b3c8a7a66d4c,,,
2023,,"（1,400件の対象外・claim率が良ければ追加）",ロボコンチーム,九州大学,文化系（音楽・演劇・アート）,,X/Web,website,https://search.yahoo.co.jp/realtime/search/%23%e3%83%ad%e3%83%9c%e3%82%b3%e3%83%b3/?p=%23%e3%83%ad%e3%83%9c%e3%82%b3%e3%83%b3&ei=utf-8&mtype=image&rkf=1,https://x.com/kurt_Qdai,,https://search.yahoo.co.jp/realtime/search/%23%E3%83%AD%E3%83%9C%E3%82%B3%E3%83%B3/?p=%23%E3%83%AD%E3%83%9C%E3%82%B3%E3%83%B3&ei=UTF-8&mtype=image&rkf=1,47,20,7,15,5,106,8b9ee653-14f6-43f7-9286-d7aa63c5f14a,,,
2024,,"（1,400件の対象外・claim率が良ければ追加）",将棋部,名古屋大学,趣味・その他,,X/Web,x,meidai_shogi,https://x.com/meidai_shogi,,https://www.gakuso.provost.nagoya-u.ac.jp/,42,20,7,10,5,106,1546ead1-dbf4-44a8-9949-79f984476a91,,,
2025,,"（1,400件の対象外・claim率が良ければ追加）",体育会ワンダーフォーゲル部(SWV),上智大学,運動系（スポーツ・アウトドア）,,Instagram,instagram,sophia_wandervogel,,https://instagram.com/sophia_wandervogel,,52,10,17,20,5,245,c3f528c6-3444-4104-8e36-141441ea9ce1,,,
2026,,"（1,400件の対象外・claim率が良ければ追加）",ITB Ikkyo Tsuda Badminton,一橋大学,趣味・その他,,X/Web,website,https://ww.twstalker.com/toto_toudaim,https://x.com/fsc_hit_u,,https://ww.twstalker.com/toto_toudaim,43,20,8,10,5,118,47de4fe8-8b3f-4f81-8f26-85b079e69a28,,,
2027,,"（1,400件の対象外・claim率が良ければ追加）",E.S.S.,京都大学,趣味・その他,,Instagram/Web,instagram,kyodai_debate,,https://instagram.com/kyodai_debate,https://campus-map.jp/kyoto/club/69/,45,20,10,10,5,151,54d5c387-981b-4bca-808b-3940661d53c1,,,
2028,,"（1,400件の対象外・claim率が良ければ追加）",環境サークル,国際基督教大学,学術・研究（ゼミ・研究会・勉強会）,40,Instagram/Web,instagram,icu_sustena,,https://instagram.com/icu_sustena,https://www.icu.ac.jp/campuslife/club/,44,20,4,10,10,54,0038c828-a53c-465f-b380-12faa5b93082,,,
2029,,"（1,400件の対象外・claim率が良ければ追加）",アマチュア無線クラブ,大阪大学,文化系（音楽・演劇・アート）,,X/Web,x,ja3ykc,https://x.com/JA3YKC,,https://www.ja3ykc.com/,48,20,8,15,5,119,0bba4182-5e4c-4ff1-87eb-89ffde788255,,,
2030,,"（1,400件の対象外・claim率が良ければ追加）",演劇研究会,早稲田大学,文化系（音楽・演劇・アート）,21,X,x,sodaigekiken,https://x.com/sodaigekiken,,,60,10,25,15,10,368,75b15b44-6eed-4fc1-9edd-39c41f93b474,,,
2031,,"（1,400件の対象外・claim率が良ければ追加）",矢上空手同好会,慶應義塾大学,運動系（スポーツ・アウトドア）,,Web,website,https://twstalker.com/kshorinji,,,https://twstalker.com/kshorinji,60,10,25,20,5,361,2fdf866b-e173-46e3-9ab2-b4315fff796e,,,
2032,,"（1,400件の対象外・claim率が良ければ追加）",競技プログラミングサークルpuzzleknot,東北大学,学術・研究（ゼミ・研究会・勉強会）,21,X/Web,x,t_puzzleknot,https://x.com/t_puzzleknot,,https://www.gakuyukai.ihe.tohoku.ac.jp/wp-content/uploads/2024/04/all_pamphlet_2024-1.pdf,47,20,7,10,10,99,516148e6-c29d-4415-86ff-096c08409c99,,,
2033,,"（1,400件の対象外・claim率が良ければ追加）",デザインサークル+Dtips,北海道大学,文化系（音楽・演劇・アート）,,X/Web,x,plusdtips,https://x.com/plusDtips,,https://www.hokudaishinbun.com/2021/04/06/5233/,48,20,8,15,5,111,ceaa9e0b-f4b3-42d7-a043-20fd95794683,,,
2034,,"（1,400件の対象外・claim率が良ければ追加）",The Signal,東京大学,趣味・その他,,Instagram/Web,instagram,signal_hosei,,https://instagram.com/signal_hosei,https://lowlandsgravelleague.nl/svfjjht15b.html,45,20,10,10,5,145,dcff67ea-e07e-4d28-b82a-17d5886b3046,,,
2035,,"（1,400件の対象外・claim率が良ければ追加）",アニメーション同好会 (WALT),早稲田大学,文化系（音楽・演劇・アート）,20,X,x,w_walt,https://x.com/w_walt,,,60,10,25,15,10,369,06330010-02fc-404a-bab7-cc4926dc7f14,,,
2036,,"（1,400件の対象外・claim率が良ければ追加）",Unbiased Programming,上智大学,趣味・その他,,X/Web,website,https://sophiaup.org/,https://x.com/teamsoma_sophia,,https://sophiaup.org/,52,20,17,10,5,246,cc186c01-9668-4715-9975-06145ab4b1fc,,,
2037,,"（1,400件の対象外・claim率が良ければ追加）",エレクトーン研究会,慶應義塾大学,学術・研究（ゼミ・研究会・勉強会）,,X/Instagram,x,keio_electone,https://x.com/keio_electone,https://instagram.com/keio_electone,,60,20,25,10,5,362,354866cd-ef2b-462d-8ebe-5c263c47618a,,,
2038,,"（1,400件の対象外・claim率が良ければ追加）",オルケスタ・デ・タンゴ・ワセダ,早稲田大学,文化系（音楽・演劇・アート）,20,X,x,tangowaseda,https://x.com/tangowaseda,,,60,10,25,15,10,370,436c2d2b-ac62-4e6c-94c7-66dc86b0609d,,,
2039,,"（1,400件の対象外・claim率が良ければ追加）",フェミニズム研究会,京都大学,学術・研究（ゼミ・研究会・勉強会）,,X/Web,x,kyoto_u_femiken,https://x.com/kyoto_u_femiken,,https://ngntipkolamrenang.twstalker.com/kyoto_u_femiken,45,20,10,10,5,152,6794076d-43b3-4edd-9d0f-8a25e726d534,,,
2040,,"（1,400件の対象外・claim率が良ければ追加）",K.M.P.NEW SOUND ORCHESTRA,慶應義塾大学,趣味・その他,,X/Web,x,kmp2022orien,https://x.com/kmp2022orien,,https://camp-fire.jp/projects/377190/view/backers,60,20,25,10,5,363,3902117d-a82e-49dc-9375-4e324b3e057c,,,
2041,,"（1,400件の対象外・claim率が良ければ追加）",Education Network in Sophia（ENS）,上智大学,趣味・その他,,Instagram/Web,website,https://seitokaishinko.org/%e4%b8%8a%e6%99%ba%e5%a4%a7%e5%ad%a6%e5%85%ac%e8%aa%8d%e3%82%b5%e3%83%bc%e3%82%af%e3%83%abens%e3%81%a8%e3%81%ae%e7%b7%8f%e5%90%88%e9%80%a3%e6%90%ba%e5%8d%94%e5%ae%9a%e3%81%ae%e7%b7%a0%e7%b5%90/,,https://instagram.com/sophiauniversity,https://seitokaishinko.org/%E4%B8%8A%E6%99%BA%E5%A4%A7%E5%AD%A6%E5%85%AC%E8%AA%8D%E3%82%B5%E3%83%BC%E3%82%AF%E3%83%ABens%E3%81%A8%E3%81%AE%E7%B7%8F%E5%90%88%E9%80%A3%E6%90%BA%E5%8D%94%E5%AE%9A%E3%81%AE%E7%B7%A0%E7%B5%90/,52,20,17,10,5,247,cd395ead-a7b6-423b-80f2-d8c2ef1f2dbf,,,
2042,,"（1,400件の対象外・claim率が良ければ追加）",カフェ運営サークル,九州大学,文化系（音楽・演劇・アート）,,X/Instagram,x,culture_cafe,https://x.com/culture_cafe,https://instagram.com/kyudai_student_cafe,,47,20,7,15,5,107,9b648416-69c1-40ad-9a5a-2335a21e5a75,,,
2043,,"（1,400件の対象外・claim率が良ければ追加）",化石・鉱物同好会NUFM,名古屋大学,趣味・その他,,X/Web,x,nagoya_fm,https://x.com/nagoya_FM,,https://www.nagoya-u.ac.jp/admissions/exam/upload/nagoyauniv_0612.pdf,42,20,7,10,5,107,705bb112-d610-4f61-a5ab-5d2d3fbd178e,,,
2044,,"（1,400件の対象外・claim率が良ければ追加）",Glacier Ski Team,一橋大学,趣味・その他,,Instagram/Web,instagram,glacier1969,,https://instagram.com/glacier1969,https://www.gakusei-walker.jp/s/38/club/detail/47/?srsltid=AfmBOopD7jXTuWD3YLBKTMYShAPsAiVr--1TbSfBNVFiHdg_NPyBtMQO,43,20,8,10,5,119,69170a96-7852-4c6e-b435-f20b61b3b126,,,
2045,,"（1,400件の対象外・claim率が良ければ追加）",創作サークル GIFT,早稲田大学,文化系（音楽・演劇・アート）,20,X,x,gift_2004,https://x.com/gift_2004,,,60,10,25,15,10,371,4a419ae9-4610-41fc-8768-3a10edbc8bf8,,,
2046,,"（1,400件の対象外・claim率が良ければ追加）",文芸部,大阪大学,文化系（音楽・演劇・アート）,,X/Web,x,ou_etc,https://x.com/ou_etc,,https://www.hachioji.ed.jp/senr/career/record/,48,20,8,15,5,120,29b7ec14-f80c-484e-91ef-440568827ee7,,,
2047,,"（1,400件の対象外・claim率が良ければ追加）",まうふる,慶應義塾大学,趣味・その他,,X/Instagram,x,keiomauhuru,https://x.com/keiomauhuru,https://instagram.com/mauhuru_keio,,60,20,25,10,5,364,55402ff6-22d9-495a-bed7-ce24a277c54d,,,
2048,,"（1,400件の対象外・claim率が良ければ追加）",東京大学タイ留学生協会,東京大学,国際交流・語学,,Web,website,https://www.senzoku.ac.jp/music/teacher/takeyoshi-mori,,,https://www.senzoku.ac.jp/music/teacher/takeyoshi-mori,45,10,10,20,5,146,de172d38-25c4-4bed-8547-ad0c1a30d6b0,,,
2049,,"（1,400件の対象外・claim率が良ければ追加）",演劇集団ところで,早稲田大学,文化系（音楽・演劇・アート）,20,X,x,_tokorode_,https://x.com/_tokorode_,,,60,10,25,15,10,372,4a4cceaa-7094-4a36-a5f3-ef64997299be,,,
2050,,"（1,400件の対象外・claim率が良ければ追加）",Sophia Tea Party (STEP),上智大学,趣味・その他,,X/Instagram,x,sophiateaparty,https://x.com/sophiateaparty,https://instagram.com/tftsophia,,52,20,17,10,5,248,cffdbfae-22f7-405a-ae68-a0bbc917dd11,,,
2051,,"（1,400件の対象外・claim率が良ければ追加）",アニメーション研究会,北海道大学,文化系（音楽・演劇・アート）,,X/Web,x,hokudai_anime,https://x.com/hokudai_anime,,https://www.hokudaianime.com/works/,48,20,8,15,5,112,ee7287b1-1180-43ed-9f69-814cd18248a8,,,
2052,,"（1,400件の対象外・claim率が良ければ追加）",起業部VEX,東北大学,学術・研究（ゼミ・研究会・勉強会）,21,X/Web,x,vex_on,https://x.com/vex_on,,https://www.gakuyukai.ihe.tohoku.ac.jp/wp-content/uploads/2024/04/all_pamphlet_2024-1.pdf,47,20,7,10,10,100,fad23979-30ec-4827-82f9-5ac8b4eac4ac,,,
2053,,"（1,400件の対象外・claim率が良ければ追加）",野鳥の会,慶應義塾大学,趣味・その他,,X/Web,x,keio_kbwc,https://x.com/keio_kbwc,,https://www3.bunren.keio-zenkyo.net/organizations/wild-bird,60,20,25,10,5,365,5e60ed00-64ae-4894-94d7-c60d73c43861,,,
2054,,"（1,400件の対象外・claim率が良ければ追加）",PENTA,京都大学,趣味・その他,,X/Instagram,x,penta_ku,https://x.com/PENTA_KU,https://instagram.com/penta_ku,,45,20,10,10,5,153,70e951f3-57a6-4dea-a9f1-1f95800f0349,,,
2055,,"（1,400件の対象外・claim率が良ければ追加）",下懸宝生会,早稲田大学,文化系（音楽・演劇・アート）,20,X,x,wsimohou,https://x.com/WSimohou,,,60,10,25,15,10,373,4db1c5d3-a9a6-4a6b-87f9-1ff6436a23e3,,,
2056,,"（1,400件の対象外・claim率が良ければ追加）",舞踏研究部,東京科学大学,学術・研究（ゼミ・研究会・勉強会）,,X/Instagram/Web,x,tokobuken,https://x.com/tokobuken,https://instagram.com/sciencetokyo_buken,https://www.tohostage.com/moulinmusical_japan/cast.html,48,30,3,10,5,52,e1e941be-931d-4233-8680-c64758149e45,,,
2057,,"（1,400件の対象外・claim率が良ければ追加）",エフポケ,慶應義塾大学,趣味・その他,,X/Web,x,sfcpokemonlab,https://x.com/sfcpokemonlab,,https://orientation.keio-zenkyo.net/schedule-2025,60,20,25,10,5,366,70b7a646-5d64-43f2-a9b1-7c899e885ec1,,,
2058,,"（1,400件の対象外・claim率が良ければ追加）",Sophia Teaching Society (STS),上智大学,趣味・その他,,Instagram/Web,website,https://sophiasts.wixsite.com/sts-sophia,,https://instagram.com/sds_debating,https://sophiasts.wixsite.com/sts-sophia,52,20,17,10,5,249,d24c519f-5c91-403f-b7c2-c5a1db5f695d,,,
2059,,"（1,400件の対象外・claim率が良ければ追加）",鉄道研究会,一橋大学,趣味・その他,,X/Web,x,ikkyo_tekken,https://x.com/ikkyo_tekken,,https://campus-map.jp/hit/club/19/,43,20,8,10,5,120,c68bacb4-1029-452f-b710-9a0d0dd0b057,,,
2060,,"（1,400件の対象外・claim率が良ければ追加）",ROCK STEADY WASEDA,早稲田大学,趣味・その他,14,X/Web,x,rs_waseda,https://x.com/rs_waseda,,https://rocksteadywaseda.tumblr.com,60,20,25,10,5,374,731bbdbe-e623-4d2c-9802-2bef5f574311,,,
2061,,"（1,400件の対象外・claim率が良ければ追加）",University of Tokyo Indian Student Association,東京大学,趣味・その他,,Instagram/Web,instagram,utisaindia,,https://instagram.com/utisaindia,https://www.tus.ac.jp/about/data/number_students/international_students/,45,20,10,10,5,147,f3be75fb-8aa4-412c-b54b-9efe00b07704,,,
2062,,"（1,400件の対象外・claim率が良ければ追加）",コントラクトブリッジクラブ,大阪大学,文化系（音楽・演劇・アート）,,X/Web,website,https://gakumado.mynavi.jp/gmd/articles/57244,https://x.com/imaker_handai,,https://gakumado.mynavi.jp/gmd/articles/57244,48,20,8,15,5,121,29dcdb62-62ad-4796-9d3d-e677a98767de,,,
2063,,"（1,400件の対象外・claim率が良ければ追加）",ポケモン研究会,九州大学,学術・研究（ゼミ・研究会・勉強会）,,X/Web,x,qu_poke,https://x.com/QU_poke,,https://qupoke.exblog.jp/,42,20,7,10,5,108,104c861c-3b70-48bf-a4f5-e2515da06ce0,,,
2064,,"（1,400件の対象外・claim率が良ければ追加）",Shana Club,名古屋大学,趣味・その他,,X/Web,x,shanaclub,https://x.com/shanaclub,,https://linkco.re/6BUt8txQ?lang=ja,42,20,7,10,5,108,775b56b8-6d08-4c05-b851-72240de854e8,,,
2065,,"（1,400件の対象外・claim率が良ければ追加）",マッチング対策委員会,慶應義塾大学,趣味・その他,,Instagram/Web,website,https://www.env.go.jp/nature/onsen/pdf/list_240301.xlsx,,https://instagram.com/doi_takero_seminar,https://www.env.go.jp/nature/onsen/pdf/list_240301.xlsx,60,20,25,10,5,367,8b876749-3495-4a0b-8741-eadd2fbec987,,,
2066,,"（1,400件の対象外・claim率が良ければ追加）",茶道部,国際基督教大学,文化系（音楽・演劇・アート）,,X/Web,website,https://ww.twstalker.com/icu_sadou,https://x.com/icu_sadou,,https://ww.twstalker.com/icu_sadou,44,20,4,15,5,55,23072605-1608-4424-836e-b8b85d1e208d,,,
2067,,"（1,400件の対象外・claim率が良ければ追加）",早稲田大学大道塾,早稲田大学,運動系（スポーツ・アウトドア）,13,X,x,wasedaido,https://x.com/wasedaido,,,60,10,25,20,5,375,aec3f1b1-20f6-42b5-be91-0092b18a627e,,,
2068,,"（1,400件の対象外・claim率が良ければ追加）",Sophia Entrepreneurs Meetup,上智大学,趣味・その他,,Instagram/Web,website,https://diversity-sustainability.sophia.ac.jp/en/efforts/3588/,,https://instagram.com/sophia_startup_club,https://diversity-sustainability.sophia.ac.jp/en/efforts/3588/,52,20,17,10,5,250,d2654b4b-6c29-4c0a-9ae2-c637f0e9ccb7,,,
2069,,"（1,400件の対象外・claim率が良ければ追加）",かるた会,京都大学,趣味・その他,,X/Instagram,x,boiler_kucarta,https://x.com/boiler_kucarta,https://instagram.com/boiler_kucarta,,45,20,10,10,5,154,7ddfac9c-19d0-4dbe-b1d0-49d5f290ec51,,,
2070,,"（1,400件の対象外・claim率が良ければ追加）",マイクロコンピュータ研究会,北海道大学,学術・研究（ゼミ・研究会・勉強会）,4,X/Web,x,silicon_hokudai,https://x.com/silicon_hokudai,,https://www.hokudai.ac.jp/pr/pdf/jihou_24_11.pdf,43,20,8,10,5,113,e9649276-8d43-46ec-a9d1-7d5567befb09,,,
2071,,"（1,400件の対象外・claim率が良ければ追加）",スイミングクラブ,慶應義塾大学,学術・研究（ゼミ・研究会・勉強会）,,Instagram/Web,instagram,keio.swimming.club,,https://instagram.com/keio.swimming.club,https://www.keioswim.jp/,60,20,25,10,5,368,99ee7c69-83d2-46d2-9a70-ac99155c5f09,,,
2072,,"（1,400件の対象外・claim率が良ければ追加）",コントラクトブリッジ,東北大学,文化系（音楽・演劇・アート）,,X/Web,x,t_u_bridge,https://x.com/t_u_bridge,,https://twstalker.com/t_u_bridge,47,20,7,15,5,101,00e9949a-3c6c-4040-865a-42d65d70104d,,,
2073,,"（1,400件の対象外・claim率が良ければ追加）",早大スポーツ合気道同志会,早稲田大学,運動系（スポーツ・アウトドア）,13,X,x,doushikai_sodai,https://x.com/doushikai_sodai,,,60,10,25,20,5,376,b1eadb94-aa4d-4124-b092-7ffb8f423a3f,,,
2074,,"（1,400件の対象外・claim率が良ければ追加）",公衆衛生学研究会,慶應義塾大学,学術・研究（ゼミ・研究会・勉強会）,,X/Web,x,keio_eiken,https://x.com/keio_eiken,,https://jscp.or.jp/assets/img/3-1.achivement2020.pdf,60,20,25,10,5,369,9c6ce424-206a-4216-b8bb-4df9cd2366e0,,,
2075,,"（1,400件の対象外・claim率が良ければ追加）",SWIMATE,上智大学,趣味・その他,,X/Instagram,x,sophia_swim,https://x.com/Sophia_Swim,https://instagram.com/sophia_swim_circle,,52,20,17,10,5,251,e2f7bf41-6f4e-4671-924a-9ee6e8b9562c,,,
2076,,"（1,400件の対象外・claim率が良ければ追加）",東京大学立て看同好会,東京大学,文化系（音楽・演劇・アート）,,X,x,tatekan_ut,https://x.com/tatekan_UT,,,40,10,10,15,5,148,11240acc-2a1f-4977-ae4d-2c2adecbb598,,,
2077,,"（1,400件の対象外・claim率が良ければ追加）",スペイン語研究会,早稲田大学,国際交流・語学,10,X,x,supekenwaseda,https://x.com/supekenwaseda,,,60,10,25,20,5,377,1d665b9f-bdc8-4b1c-8610-2cc98cffd6d4,,,
2078,,"（1,400件の対象外・claim率が良ければ追加）",STAY GOLD,一橋大学,趣味・その他,,X/Instagram,x,2020staygold,https://x.com/2020staygold,https://instagram.com/hit_staygold2023_futsal,,43,20,8,10,5,121,c9529224-d1c3-40e5-b1ac-bebc012f832c,,,
2079,,"（1,400件の対象外・claim率が良ければ追加）",ベリーダンスサークル Halaawaat,大阪大学,文化系（音楽・演劇・アート）,,Instagram/Web,website,https://attackon.jp/category/blog/,,https://instagram.com/handai_gecs,https://attackon.jp/category/blog/,48,20,8,15,5,122,5741d2a7-3be4-4cae-93a7-eb08f30bf9b1,,,
2080,,"（1,400件の対象外・claim率が良ければ追加）",理工学部学生団体ルーム運営委員会,慶應義塾大学,運動系（スポーツ・アウトドア）,,Web,website,https://www.shidairen.or.jp/files/user/covid-19_survey.pdf,,,https://www.shidairen.or.jp/files/user/covid-19_survey.pdf,60,10,25,20,5,370,9d1e6ee8-893a-42cb-b66e-2d34187d8f0d,,,
2081,,"（1,400件の対象外・claim率が良ければ追加）",自然農法研究会,京都大学,学術・研究（ゼミ・研究会・勉強会）,,X/Web,website,https://hokubufest.jp/shop-list.html,https://x.com/kyoto_fish_life,,https://hokubufest.jp/shop-list.html,45,20,10,10,5,155,9ec2b828-8f42-4a1b-bac1-0daec205f661,,,
2082,,"（1,400件の対象外・claim率が良ければ追加）",将棋部,九州大学,趣味・その他,,X/Web,x,q_shogi,https://x.com/q_shogi,,http://cf803559.cloudfree.jp/about.html,42,20,7,10,5,109,1ad60500-132b-4b0c-a0f4-e21f2a720905,,,
2083,,"（1,400件の対象外・claim率が良ければ追加）",観世会,名古屋大学,趣味・その他,,X/Web,x,meidaikanzekai,https://x.com/meidaikanzekai,,https://ww.twstalker.com/meidaikanzekai,42,20,7,10,5,109,793c99e5-0284-484c-a11c-47599230605d,,,
2084,,"（1,400件の対象外・claim率が良ければ追加）",新潟学生稲門会,早稲田大学,趣味・その他,,X/Instagram,x,niigatatomonkai,https://x.com/niigatatomonkai,https://instagram.com/niigatatomonkai,,60,20,25,10,5,378,6d5fca3a-8135-4c35-b0eb-85bf7e79ad7f,,,
2085,,"（1,400件の対象外・claim率が良ければ追加）",Curtain Call,上智大学,趣味・その他,,X/Web,x,aika_020116,https://x.com/aika_020116,,https://ameblo.jp/sophia-ouendan/entry-12875968791.html,52,20,17,10,5,252,ed02f866-abee-4421-aa2c-44d1465531e2,,,
2086,,"（1,400件の対象外・claim率が良ければ追加）",Cardinals,慶應義塾大学,趣味・その他,,Instagram/Web,instagram,cardinals_sfc,,https://instagram.com/cardinals_sfc,https://orientation.keio-zenkyo.net/circle2025/319,60,20,25,10,5,371,a09d34fa-59ab-48f4-aba6-fd9d116baaa2,,,
2087,,"（1,400件の対象外・claim率が良ければ追加）",シュマの会,北海道大学,趣味・その他,,X/Web,x,hu_shumanokai,https://x.com/HU_Shumanokai,,https://www.hokudaishinbun.com/2022/04/03/6412/,43,20,8,10,5,114,20c837a4-4c03-43e3-bcab-fa9b6badb733,,,
2088,,"（1,400件の対象外・claim率が良ければ追加）",ゆるりと！てつがく！,早稲田大学,学術・研究（ゼミ・研究会・勉強会）,46,X,x,yuru_sophia,https://x.com/yuru_sophia,,,55,10,25,10,10,379,aa69be43-7951-4ec0-bb73-42075cec94ec,,,
2089,,"（1,400件の対象外・claim率が良ければ追加）",東京大学雅楽部,東京大学,文化系（音楽・演劇・アート）,,Web,website,https://campus-map.jp/ut/club/408/,,,https://campus-map.jp/ut/club/408/,40,10,10,15,5,149,28a585ed-27f0-4e69-9096-cba3e7dd251f,,,
2090,,"（1,400件の対象外・claim率が良ければ追加）",PRSAS,上智大学,趣味・その他,,X/Instagram,x,prsas_sophia12,https://x.com/PRSAS_sophia12,https://instagram.com/prsas_sophia12,,52,20,17,10,5,253,f517d890-4ab0-4c60-8c90-1c0dc9751d38,,,
2091,,"（1,400件の対象外・claim率が良ければ追加）",ファンタジー研究会,慶應義塾大学,学術・研究（ゼミ・研究会・勉強会）,,X/Instagram,x,kftken,https://x.com/kftken,https://instagram.com/yamada_ymkn,,60,20,25,10,5,372,a603bc71-1ff2-48cb-8a62-e2bbb9e0ee63,,,
2092,,"（1,400件の対象外・claim率が良ければ追加）",軽音楽部アステロイズ,東北大学,文化系（音楽・演劇・アート）,,X/Web,x,tu_asteroids,https://x.com/TU_Asteroids,,https://ww.twstalker.com/ASTEROIDS_JSR,47,20,7,15,5,102,01e15dd0-81bc-40b4-a4a6-ada55ef09125,,,
2093,,"（1,400件の対象外・claim率が良ければ追加）",稲門シナリオ研究会,早稲田大学,学術・研究（ゼミ・研究会・勉強会）,45,X,x,shinaken,https://x.com/shinaken,,,55,10,25,10,10,380,f3ec5386-f471-46a0-a535-05fe9ad95d79,,,
2094,,"（1,400件の対象外・claim率が良ければ追加）",京大T.C.T,京都大学,趣味・その他,,X/Instagram,instagram,tct_2025,https://x.com/tct_2024,https://instagram.com/tct_2025,,45,20,10,10,5,156,b062b7e5-3ffa-4f45-87d5-7cded71f527b,,,
2095,,"（1,400件の対象外・claim率が良ければ追加）",囲碁部,一橋大学,趣味・その他,,X/Web,x,ikkyoigoclub,https://x.com/ikkyoigoclub,,https://3rd-place-lab.com/club-hitotsubashi/,43,20,8,10,5,122,ca8b5761-6bc6-4cc1-b192-33ddde2c49dd,,,
2096,,"（1,400件の対象外・claim率が良ければ追加）",アイセック,大阪大学,文化系（音楽・演劇・アート）,,X/Instagram,x,aiesec_osaka,https://x.com/aiesec_osaka,https://instagram.com/aiesec_jp_osaka,,48,20,8,15,5,123,74df00e3-29a9-4ef7-bbc2-9de4695ce507,,,
2097,,"（1,400件の対象外・claim率が良ければ追加）",放送研究会,東京科学大学,メディア・出版,,Instagram/Web,website,https://www.gakusei-walker.jp/s/51/club/detail/32/?srsltid=afmboopotjb-vr8k2tbpdyokcvmxm9gfc4ofv2y2lsetjlgqlqwcu6fj,,https://instagram.com/toudaihouken,https://www.gakusei-walker.jp/s/51/club/detail/32/?srsltid=AfmBOopOtjB-Vr8k2tbPDYokCVMXM9gFC4oFV2Y2LsetjLgQLQWCu6fJ,43,20,3,15,5,53,b81552a6-8e69-4ad8-9e24-5a18c550c756,,,
2098,,"（1,400件の対象外・claim率が良ければ追加）",八百藤,慶應義塾大学,趣味・その他,,Instagram/Web,instagram,kamotalk.jp,,https://instagram.com/kamotalk.jp,https://orientation.keio-zenkyo.net/circle2025/294,60,20,25,10,5,373,b4194c24-a8e8-4415-9b4b-41e53c42a207,,,
2099,,"（1,400件の対象外・claim率が良ければ追加）",公法研究会,早稲田大学,学術・研究（ゼミ・研究会・勉強会）,43,X,x,koken_1954,https://x.com/koken_1954,,,55,10,25,10,10,381,7f10a351-d779-4ec0-99ea-e5f54797146f,,,
2100,,"（1,400件の対象外・claim率が良ければ追加）",学生団体NAMIMATI,上智大学,学術・研究（ゼミ・研究会・勉強会）,,Instagram/Web,instagram,namimati_shinkan2026,,https://instagram.com/namimati_shinkan2026,https://gakumado.mynavi.jp/gmd/articles/61136,52,20,17,10,5,254,f820d685-bba8-46f2-abf4-c052c3883b51,,,
2101,,"（1,400件の対象外・claim率が良ければ追加）",medien-lien,九州大学,趣味・その他,,Instagram/Web,instagram,medien_lien,,https://instagram.com/medien_lien,https://note.com/medien_lien/n/n0e7a098d05a1,42,20,7,10,5,110,3edab038-58ce-467a-9051-8034cbc9d143,,,
2102,,"（1,400件の対象外・claim率が良ければ追加）",飛行ロボットサークルNAVIX,名古屋大学,学術・研究（ゼミ・研究会・勉強会）,,X/Web,x,nu_navix,https://x.com/nu_navix,,https://search.yahoo.co.jp/realtime/search?ei=UTF-8&p=%23%E5%90%8D%E5%A4%A7&rkf=1&ifr=tl_hash,42,20,7,10,5,110,8056240b-913d-401f-a5e0-9b510453c35c,,,
2103,,"（1,400件の対象外・claim率が良ければ追加）",ストリートダンスサークル（Smooth Steppers）,国際基督教大学,文化系（音楽・演劇・アート）,,X/Instagram,x,smoothsteppers,https://x.com/smoothsteppers,https://instagram.com/smooth_steppers,,44,20,4,15,5,56,a8d01a88-cba2-461d-9262-1ac0521f73a6,,,
2104,,"（1,400件の対象外・claim率が良ければ追加）",中国・四国慶應学生会,慶應義塾大学,学術・研究（ゼミ・研究会・勉強会）,,Instagram/Web,instagram,keio_cssa,,https://instagram.com/keio_cssa,http://www.mri-jma.go.jp/Dep/typ/araki/,60,20,25,10,5,374,b63de439-ff26-408f-ad52-6e5162b2463d,,,
2105,,"（1,400件の対象外・claim率が良ければ追加）",東京大学音楽部女声合唱団コーロ・レティツィア,東京大学,文化系（音楽・演劇・アート）,,X,x,coroletizia,https://x.com/coroletizia,,,40,10,10,15,5,150,b694b740-8241-4ed9-87ff-7e7ab6a94631,,,
2106,,"（1,400件の対象外・claim率が良ければ追加）",現代司法研究会,早稲田大学,学術・研究（ゼミ・研究会・勉強会）,43,X,x,genshiken_wsd,https://x.com/genshiken_wsd,,,55,10,25,10,10,382,896ec37f-881d-42cc-a060-ed4ba11bdc78,,,
2107,,"（1,400件の対象外・claim率が良ければ追加）",囲碁部,北海道大学,趣味・その他,,X/Web,x,hokudai_igo,https://x.com/hokudai_igo,,https://dormy-hokkaido.com/pickup/hokudaikounin-bukatsu/,43,20,8,10,5,115,9e2faa44-2c82-4c64-8b4c-974729db7f18,,,
2108,,"（1,400件の対象外・claim率が良ければ追加）",上智大学ドッジボールサークル（JODGE),上智大学,文化系（音楽・演劇・アート）,4,Web,website,https://findsophia.jp/club_list/%e4%b8%8a%e6%99%ba%e5%a4%a7%e5%ad%a6%e3%83%89%e3%83%83%e3%82%b8%e3%83%9c%e3%83%bc%e3%83%ab%e3%82%b5%e3%83%bc%e3%82%af%e3%83%ab%ef%bc%88jodge/,,,https://findsophia.jp/club_list/%E4%B8%8A%E6%99%BA%E5%A4%A7%E5%AD%A6%E3%83%89%E3%83%83%E3%82%B8%E3%83%9C%E3%83%BC%E3%83%AB%E3%82%B5%E3%83%BC%E3%82%AF%E3%83%AB%EF%BC%88jodge/,47,10,17,15,5,255,0932e427-58e9-49b9-ad5c-61cbc81fb450,,,
2109,,"（1,400件の対象外・claim率が良ければ追加）",生物科学の会,京都大学,学術・研究（ゼミ・研究会・勉強会）,,X/Web,x,seibutukagaku,https://x.com/seibutukagaku,,https://www.kyoto-u.ac.jp/ja/about/public/snslist,45,20,10,10,5,157,c319794b-6ee6-425b-8528-90d2d542e679,,,
2110,,"（1,400件の対象外・claim率が良ければ追加）",推理小説同好会,慶應義塾大学,趣味・その他,,X/Web,x,ksd_mystery,https://x.com/ksd_mystery,,https://keiomystery.web.fc2.com/,60,20,25,10,5,375,b95f8163-c008-4186-874a-36786655962d,,,
2111,,"（1,400件の対象外・claim率が良ければ追加）",早稲田コンピュータエンタテインメント,早稲田大学,学術・研究（ゼミ・研究会・勉強会）,42,X,x,wce_official,https://x.com/wce_official,,,55,10,25,10,10,383,a598e6d9-7a98-4e8a-8507-3064d7dc2c84,,,
2112,,"（1,400件の対象外・claim率が良ければ追加）",FC.POLSTER,一橋大学,趣味・その他,,X/Web,x,fcpolster,https://x.com/fcpolster,,https://campus-map.jp/hit/club/15/,43,20,8,10,5,123,cb94c682-5822-45ae-b574-96bf5ce4b1f6,,,
2113,,"（1,400件の対象外・claim率が良ければ追加）",リコーダーアンサンブル,東北大学,文化系（音楽・演劇・アート）,,X/Web,x,tohokudai_re2,https://x.com/tohokudai_re2,,https://www.tohoku.ac.jp/japanese/studentinfo/studentlife/02/studentlife0201/dantaiichiran.pdf,47,20,7,15,5,103,c1287d55-8240-4878-b421-7c3b543139e3,,,
2114,,"（1,400件の対象外・claim率が良ければ追加）",コンピュータクラブ,大阪大学,文化系（音楽・演劇・アート）,,X/Web,x,oucc,https://x.com/OUCC,,https://oucc.org/,48,20,8,15,5,124,bbd86b33-4dc9-44a1-a65d-d1d00cdaba41,,,
2115,,"（1,400件の対象外・claim率が良ければ追加）",クロスオーバー研究会,慶應義塾大学,学術・研究（ゼミ・研究会・勉強会）,,Instagram/Web,website,https://circle.info-jukusei.com/%e5%ad%a6%e8%a1%93%e3%83%bb%e6%96%87%e5%8c%96%e7%b3%bb/%e3%82%af%e3%83%ad%e3%82%b9%e3%82%aa%e3%83%bc%e3%83%90%e3%83%bc%e7%a0%94%e7%a9%b6%e4%bc%9a/,,https://instagram.com/keio_kuroken,https://circle.info-jukusei.com/%E5%AD%A6%E8%A1%93%E3%83%BB%E6%96%87%E5%8C%96%E7%B3%BB/%E3%82%AF%E3%83%AD%E3%82%B9%E3%82%AA%E3%83%BC%E3%83%90%E3%83%BC%E7%A0%94%E7%A9%B6%E4%BC%9A/,60,20,25,10,5,376,bd664c0b-436c-4d6c-93d5-e56f40b9fae2,,,
2116,,"（1,400件の対象外・claim率が良ければ追加）",ショパンの会,早稲田大学,趣味・その他,40,X,x,chopin_waseda,https://x.com/chopin_waseda,,,55,10,25,10,10,384,07787a6e-27d6-48e6-a452-dfcfeaed509d,,,
2117,,"（1,400件の対象外・claim率が良ければ追加）",文化芸術探訪会,上智大学,文化系（音楽・演劇・アート）,4,Web,website,https://www.djrenrakukai.org/doc_pdf/2019/natsugaku_14nen_no_ayumi.pdf,,,https://www.djrenrakukai.org/doc_pdf/2019/natsugaku_14nen_no_ayumi.pdf,47,10,17,15,5,256,a6652af3-0708-4a3a-b415-301b3d44b40c,,,
2118,,"（1,400件の対象外・claim率が良ければ追加）",PEAK Student Council,東京大学,趣味・その他,,Web,website,http://pizazzmt.com/indian-lamb-kebabs/,,,http://pizazzmt.com/indian-lamb-kebabs/,35,10,10,10,5,151,2c26e41b-0041-45f2-9381-b1c0915bba7e,,,
2119,,"（1,400件の対象外・claim率が良ければ追加）",花火師会,慶應義塾大学,趣味・その他,,X/Web,x,firewoker_keio,https://x.com/firewoker_keio,,https://twstalker.com/hanabishi_2025,60,20,25,10,5,377,beee31ef-1685-4324-a9fb-2f040260c999,,,
2120,,"（1,400件の対象外・claim率が良ければ追加）",化学研究部,九州大学,学術・研究（ゼミ・研究会・勉強会）,,X/Instagram,x,q_chemicalclub,https://x.com/Q_Chemicalclub,https://instagram.com/qchem_chem,,42,20,7,10,5,111,642e22aa-2997-4709-ba53-e87c05da5ff8,,,
2121,,"（1,400件の対象外・claim率が良ければ追加）",快踊乱舞,名古屋大学,趣味・その他,,X/Instagram,x,kaitoramma,https://x.com/kaitoramma,https://instagram.com/kaitoramma,,42,20,7,10,5,111,85c813fb-753d-42c8-bb62-882f22529a1f,,,
2122,,"（1,400件の対象外・claim率が良ければ追加）",歴史研究会,京都大学,学術・研究（ゼミ・研究会・勉強会）,,X/Instagram,x,nf24byzanz,https://x.com/NF24byzanz,https://instagram.com/kurekikenbyzanz,,45,20,10,10,5,158,dc8d771c-8905-4445-b05d-ca05143474ae,,,
2123,,"（1,400件の対象外・claim率が良ければ追加）",Perspective研究会,早稲田大学,学術・研究（ゼミ・研究会・勉強会）,40,X,x,perken2014,https://x.com/perken2014,,,55,10,25,10,10,385,53dec299-4597-4735-9008-b34aefdeb4d0,,,
2124,,"（1,400件の対象外・claim率が良ければ追加）",虹の集い,北海道大学,趣味・その他,,X/Web,x,nijinotsudoi,https://x.com/nijinotsudoi,,https://nijinotsudoi.wixsite.com/hokudai-lgbts,43,20,8,10,5,116,a7b31149-9cd7-400b-8a80-86e7c22a6bd2,,,
2125,,"（1,400件の対象外・claim率が良ければ追加）",上智大学体育団体連合会常任委員会,上智大学,文化系（音楽・演劇・アート）,,Instagram,instagram,sophia.athlete,,https://instagram.com/sophia.athlete,,47,10,17,15,5,257,2339aa64-e712-46e7-8fbc-4f580ed92085,,,
2126,,"（1,400件の対象外・claim率が良ければ追加）",ロボット技術研究会,慶應義塾大学,学術・研究（ゼミ・研究会・勉強会）,,X/Web,x,kra_rogiken,https://x.com/KRA_Rogiken,,https://keiorogiken.wordpress.com/blog/,60,20,25,10,5,378,cc7f5949-517a-4296-bbcc-e2feb4550c0a,,,
2127,,"（1,400件の対象外・claim率が良ければ追加）",刑事法研究会,早稲田大学,学術・研究（ゼミ・研究会・勉強会）,40,X,x,keiken2016,https://x.com/keiken2016,,,55,10,25,10,10,386,5516247d-937e-41d1-af33-f699b53613b2,,,
2128,,"（1,400件の対象外・claim率が良ければ追加）",法学研究会,一橋大学,学術・研究（ゼミ・研究会・勉強会）,,X/Web,x,1284houken,https://x.com/1284houken,,https://www.hit-u.ac.jp/jinji-saiyo/mixer/index.html,43,20,8,10,5,124,daeeedce-0faa-4bcc-9974-35e3e73e41a8,,,
2129,,"（1,400件の対象外・claim率が良ければ追加）",お祭りダンスサークル祭楽人,大阪大学,文化系（音楽・演劇・アート）,,X/Instagram,x,madani_tweet,https://x.com/madani_tweet,https://instagram.com/madani_handai,,48,20,8,15,5,125,ed75d87b-fae2-4513-aa9c-9c909bb2b0cb,,,
2130,,"（1,400件の対象外・claim率が良ければ追加）",慶早戦デジタル企画委員会,慶應義塾大学,趣味・その他,,Instagram/Web,instagram,keioproject,,https://instagram.com/keioproject,https://note.com/k_project/n/nb16fc88558b8,60,20,25,10,5,379,d254fc7d-ae7a-432c-a0b4-5835390731a1,,,
2131,,"（1,400件の対象外・claim率が良ければ追加）",MeDCraft,東京大学,趣味・その他,,Web,website,https://www.link-j.org/member_event/article-50912.html,,,https://www.link-j.org/member_event/article-50912.html,35,10,10,10,5,152,4fc62a8a-a1b6-439a-bf99-c2d34b3e2a78,,,
2132,,"（1,400件の対象外・claim率が良ければ追加）",コンピュータ研究会・WINC,早稲田大学,学術・研究（ゼミ・研究会・勉強会）,40,X,x,winc_w,https://x.com/winc_w,,,55,10,25,10,10,387,e380d9f5-8bb5-4b6a-ac14-e02c0343df44,,,
2133,,"（1,400件の対象外・claim率が良ければ追加）",上智日本語ボランティア（SJV）,上智大学,ボランティア・NPO,,Instagram,instagram,sophiajapanesevolunteer,,https://instagram.com/sophiajapanesevolunteer,,47,10,17,15,5,258,386c70ff-eaf1-4712-83ef-6ec3f0420b99,,,
2134,,"（1,400件の対象外・claim率が良ければ追加）",アニメーション研究会,東北大学,文化系（音楽・演劇・アート）,,X/Web,x,tohokuanime2026,https://x.com/tohokuanime2026,,https://www.tohoku.ac.jp/japanese/studentinfo/studentlife/02/studentlife0201/dantaiichiran.pdf,47,20,7,15,5,104,dfb7c32b-9135-4d38-87b9-0ff380f843ce,,,
2135,,"（1,400件の対象外・claim率が良ければ追加）",環境サークルえこみっと,京都大学,学術・研究（ゼミ・研究会・勉強会）,,X/Web,x,ku_ecomit,https://x.com/ku_ecomit,,https://campus-map.jp/kyoto/club/83/,45,20,10,10,5,159,ea634798-fedd-4096-a572-f22774f836fc,,,
2136,,"（1,400件の対象外・claim率が良ければ追加）",剣道部,東京科学大学,運動系（スポーツ・アウトドア）,,Web,website,https://www.tuat.ac.jp/outline/disclosure/circle/20220328_01.html,,,https://www.tuat.ac.jp/outline/disclosure/circle/20220328_01.html,38,10,3,20,5,54,a7d825d0-d232-4434-8551-78229712cf59,,,
2137,,"（1,400件の対象外・claim率が良ければ追加）",地方創生研究会RRS,慶應義塾大学,学術・研究（ゼミ・研究会・勉強会）,,Instagram/Web,instagram,keio.rrs,,https://instagram.com/keio.rrs,https://circle.info-jukusei.com/event/%E3%80%90%E5%9C%B0%E6%96%B9%E5%89%B5%E7%94%9F%E7%A0%94%E7%A9%B6%E4%BC%9Arrs%E3%80%91%E6%96%B0%E5%85%A5%E7%94%9F%E6%AD%93%E8%BF%8E%E4%BC%9A/,60,20,25,10,5,380,e2f0125a-7ecf-4ced-be3d-513ad6bd8d6a,,,
2138,,"（1,400件の対象外・claim率が良ければ追加）",フュージョンマニア,早稲田大学,趣味・その他,36,X,x,fusion_mania,https://x.com/fusion_mania,,,55,10,25,10,10,388,204c7e7e-53c5-4bc8-940b-a3dfd148ae13,,,
2139,,"（1,400件の対象外・claim率が良ければ追加）",社会科学研究会,名古屋大学,学術・研究（ゼミ・研究会・勉強会）,,X/Web,x,meidaishaken,https://x.com/meidaishaken,,https://www.nagoya-bunri.ac.jp/faculty/sera-kiyoshi/,42,20,7,10,5,112,a17e3414-1d84-412f-b74e-3ebc40a25667,,,
2140,,"（1,400件の対象外・claim率が良ければ追加）",SF研究部,九州大学,学術・研究（ゼミ・研究会・勉強会）,,X/Web,x,_q_s_f_,https://x.com/_Q_S_F_,,https://kyudaicirclehp.wixsite.com/info/ito-cultural/%E4%B9%9D%E5%B7%9E%E5%A4%A7%E5%AD%A6sf%E7%A0%94%E7%A9%B6%E9%83%A8(%EF%BD%91%EF%BD%93%EF%BD%86),42,20,7,10,5,112,ae441451-60da-4ae4-a67e-d6e9d57cb33f,,,
2141,,"（1,400件の対象外・claim率が良ければ追加）",ソングリーダー部（Capellas）,国際基督教大学,運動系（スポーツ・アウトドア）,,Web,website,https://icu-fes.com/stage/,,,https://icu-fes.com/stage/,39,10,4,20,5,57,75d43fad-647b-41c5-b713-b71541c3cd1c,,,
2142,,"（1,400件の対象外・claim率が良ければ追加）",上智大学子ども食堂サークル「すきかって」(SUKICATE),上智大学,文化系（音楽・演劇・アート）,,Instagram,instagram,sophia_sukicate,,https://instagram.com/sophia_sukicate,,47,10,17,15,5,259,629eb4f6-e7af-4514-bd19-096751706170,,,
2143,,"（1,400件の対象外・claim率が良ければ追加）",RPG研究会,北海道大学,学術・研究（ゼミ・研究会・勉強会）,,X/Web,x,hokudai_r_ken,https://x.com/hokudai_r_ken,,https://hubcnavi.net/cultural/study,43,20,8,10,5,117,a985fff3-93d5-4849-8c15-702e5603c117,,,
2144,,"（1,400件の対象外・claim率が良ければ追加）",Art & Technology,慶應義塾大学,趣味・その他,,Instagram/Web,instagram,sfc_art_and_tech,,https://instagram.com/sfc_art_and_tech,https://sfchelp.masui.org/Art_&_Technology-635699d1ed1e7c001d8a836e,60,20,25,10,5,381,e8c6509a-90b6-4ec0-9eb3-8d05ef7d6d3f,,,
2145,,"（1,400件の対象外・claim率が良ければ追加）",早稲田大学ガンダム研究会,早稲田大学,学術・研究（ゼミ・研究会・勉強会）,35,X,x,ganken_0079,https://x.com/ganken_0079,,,55,10,25,10,10,389,af00bb14-3f1a-4702-9966-49b818c05251,,,
2146,,"（1,400件の対象外・claim率が良ければ追加）",東京大学法学フォーラム,東京大学,学術・研究（ゼミ・研究会・勉強会）,,X,x,utokyolawforum,https://x.com/utokyolawforum,,,35,10,10,10,5,153,7452a633-b8f5-41b8-b52f-d329690f6aa4,,,
2147,,"（1,400件の対象外・claim率が良ければ追加）",学生団体GEIL,一橋大学,学術・研究（ゼミ・研究会・勉強会）,,Instagram/Web,website,http://ut-base.info/circles/41,,https://instagram.com/waavgeil,http://ut-base.info/circles/41,43,20,8,10,5,125,dd08ac88-c1f6-46b8-a32e-c908a5ebb87c,,,
2148,,"（1,400件の対象外・claim率が良ければ追加）",考古学研究会,大阪大学,学術・研究（ゼミ・研究会・勉強会）,,X/Web,website,https://cdn.hankyu-app.com/content/article/2025/article_02.html,https://x.com/KyoudaiKoukoken,,https://cdn.hankyu-app.com/content/article/2025/article_02.html,43,20,8,10,5,126,42ea2ee0-c4ae-40fe-91ba-3ac12e5542dd,,,
2149,,"（1,400件の対象外・claim率が良ければ追加）",日韓医学生学術交流会,慶應義塾大学,学術・研究（ゼミ・研究会・勉強会）,,Instagram/Web,instagram,knock.iir,,https://instagram.com/knock.iir,https://note.com/keio_kansen/n/n0efd593b864e,60,20,25,10,5,382,e956e954-fc1e-4ef1-bdff-80b4a51f1e6f,,,
2150,,"（1,400件の対象外・claim率が良ければ追加）",シネマ研究会,京都大学,学術・研究（ゼミ・研究会・勉強会）,,X/Web,x,kyodai_cineken2,https://x.com/kyodai_cineken2,,https://www.kyoto-wu.ac.jp/student/club/club/club_cul_eiga.html,45,20,10,10,5,160,ee2e0403-e5c9-40bd-963a-13ca00a31cee,,,
2151,,"（1,400件の対象外・claim率が良ければ追加）",哲学・批評研究会,早稲田大学,学術・研究（ゼミ・研究会・勉強会）,34,X,x,teppiwaseda,https://x.com/TeppiWaseda,,,55,10,25,10,10,390,19a1dcb7-7f51-4e64-9c70-e9b5abf03821,,,
2152,,"（1,400件の対象外・claim率が良ければ追加）",ソフィアキリスト者学生会(SKGK),上智大学,文化系（音楽・演劇・アート）,,Instagram,instagram,sophia_kgk,,https://instagram.com/sophia_kgk,,47,10,17,15,5,260,6b031391-38df-4b44-b280-8b51cd4ac8f6,,,
2153,,"（1,400件の対象外・claim率が良ければ追加）",三田レコード鑑賞会,慶應義塾大学,文化系（音楽・演劇・アート）,,Web,website,https://www.gakusei-walker.jp/s/10/club/detail/206/?srsltid=afmboooxochrneyb7da8nmkzyiovl2tkox2pgeq3pjatn_ykcuaudc5p,,,https://www.gakusei-walker.jp/s/10/club/detail/206/?srsltid=AfmBOooXochRnEYB7DA8nmkzYIoVL2tkOx2pGEq3PJATn_ykCUaudc5P,55,10,25,15,5,383,56691baa-0a8c-40bd-bf23-5a07b116eee4,,,
2154,,"（1,400件の対象外・claim率が良ければ追加）",昆虫研究会,東北大学,学術・研究（ゼミ・研究会・勉強会）,,X/Web,x,tohokuinsect,https://x.com/tohokuinsect,,https://web.tuat.ac.jp/~admiss/campuslife/circle6.html,42,20,7,10,5,105,2e6dc72a-8c6a-4614-8bf9-4ea522618e53,,,
2155,,"（1,400件の対象外・claim率が良ければ追加）",法社会学研究会,早稲田大学,学術・研究（ゼミ・研究会・勉強会）,32,X,x,w_hosyaken,https://x.com/w_hosyaken,,,55,10,25,10,10,391,d5864b56-9995-478a-8108-81fa113edb9e,,,
2156,,"（1,400件の対象外・claim率が良ければ追加）",岩盤浴サークル”sunrise”,上智大学,文化系（音楽・演劇・アート）,,Instagram,instagram,sophia_sunrise_,,https://instagram.com/sophia_sunrise_,,47,10,17,15,5,261,a4f5aa4f-6003-4888-bf25-9b405097efd7,,,
2157,,"（1,400件の対象外・claim率が良ければ追加）",スマブラ研究会,九州大学,学術・研究（ゼミ・研究会・勉強会）,,X/Web,x,qu_smash,https://x.com/QU_smash,,https://ww.twstalker.com/QU_smash,42,20,7,10,5,113,b6d3b76f-ca17-45ca-ab4c-aaef3400b74f,,,
2158,,"（1,400件の対象外・claim率が良ければ追加）",哲学同好会,名古屋大学,学術・研究（ゼミ・研究会・勉強会）,,X/Instagram,x,meidaidokusyo,https://x.com/meidaidokusyo,https://instagram.com/kagaq,,42,20,7,10,5,113,c23dc672-1364-48b1-81cb-4eef4c038857,,,
2159,,"（1,400件の対象外・claim率が良ければ追加）",合氣道会,慶應義塾大学,文化系（音楽・演劇・アート）,,Web,website,https://shingakunet.com/gakko/sc000235/club,,,https://shingakunet.com/gakko/SC000235/club,55,10,25,15,5,384,8e6a8f42-060a-4c7c-9a67-10ea9b7ab0d9,,,
2160,,"（1,400件の対象外・claim率が良ければ追加）",African Student Union,東京大学,趣味・その他,,Instagram,instagram,asu_todai,,https://instagram.com/asu_todai,,35,10,10,10,5,154,8049ad51-63d5-42ae-a3cf-4df0ce2a4cf2,,,
2161,,"（1,400件の対象外・claim率が良ければ追加）",早稲田大学マイクロマウスクラブ,早稲田大学,学術・研究（ゼミ・研究会・勉強会）,30,X,x,wmmc1983,https://x.com/wmmc1983,,,55,10,25,10,10,392,5c72d3e2-3e14-4b9d-972e-264f23297833,,,
2162,,"（1,400件の対象外・claim率が良ければ追加）",自然に親しむ会 野客,北海道大学,趣味・その他,,X/Web,x,yakaku_hokudai,https://x.com/yakaku_hokudai,,http://mizukan.or.jp/iikawa15th_entry,43,20,8,10,5,118,ae37e0d0-db44-4eff-9861-0fa9af0f8083,,,
2163,,"（1,400件の対象外・claim率が良ければ追加）",きのこじき,京都大学,趣味・その他,,Instagram/Web,instagram,pamoja_music,,https://instagram.com/pamoja_music,https://kinoden.kinokuniya.co.jp/product/img/KD0750_list.xlsx,45,20,10,10,5,161,fa9cb2ef-6eec-472f-8dbe-983254b09e5d,,,
2164,,"（1,400件の対象外・claim率が良ければ追加）",ボードゲームサークルJuego,一橋大学,趣味・その他,,X/Web,x,juego_hit,https://x.com/Juego_hit,,https://mobile.twstalker.com/shibusawajuku24,43,20,8,10,5,126,fcc61794-3fde-4249-8345-e41ce7eee21b,,,
2165,,"（1,400件の対象外・claim率が良ければ追加）",Robohan,大阪大学,趣味・その他,,X/Web,x,robohan_,https://x.com/Robohan_,,https://www.robohan.net/,43,20,8,10,5,127,9e894631-856b-4041-a596-c47680d5ac7b,,,
2166,,"（1,400件の対象外・claim率が良ければ追加）",混声合唱団 Aeolian Vocal Serenaders,慶應義塾大学,文化系（音楽・演劇・アート）,,Web,website,https://orientation.keio-zenkyo.net/circle2025/322,,,https://orientation.keio-zenkyo.net/circle2025/322,55,10,25,15,5,385,bc8dda27-9ba0-477d-930a-b88f861cdab0,,,
2167,,"（1,400件の対象外・claim率が良ければ追加）",佛教青年会,早稲田大学,学術・研究（ゼミ・研究会・勉強会）,28,X,x,waseda_bussei,https://x.com/waseda_bussei,,,55,10,25,10,10,393,fb38c434-1dea-4abd-855f-f8be171d0bb3,,,
2168,,"（1,400件の対象外・claim率が良ければ追加）",Cinta Indonesia,上智大学,趣味・その他,,Web,website,http://www.tufs.ac.jp/blog/ts/g/aoyama/0105/,,,http://www.tufs.ac.jp/blog/ts/g/aoyama/0105/,42,10,17,10,5,262,200188c3-d134-4783-84b5-702dc6f29556,,,
2169,,"（1,400件の対象外・claim率が良ければ追加）",精神医学研究会,慶應義塾大学,学術・研究（ゼミ・研究会・勉強会）,7,Web,website,https://www.hokudai.ac.jp/pr/pdf/jihou_25_11.pdf,,,https://www.hokudai.ac.jp/pr/pdf/jihou_25_11.pdf,50,10,25,10,5,386,31768994-6603-479d-aa73-697f4ace8acd,,,
2170,,"（1,400件の対象外・claim率が良ければ追加）",早稲田大学ドラえもん研究会,早稲田大学,学術・研究（ゼミ・研究会・勉強会）,25,X,x,wdoraken,https://x.com/wdoraken,,,55,10,25,10,10,394,554c9256-b91b-4e25-b897-cd55a499fe5a,,,
2171,,"（1,400件の対象外・claim率が良ければ追加）",東京大学棣華会,東京大学,学術・研究（ゼミ・研究会・勉強会）,,Web,website,https://www.teikakai.com/,,,https://www.teikakai.com/,35,10,10,10,5,155,90375344-b609-4226-a6f2-c3ef4c389a39,,,
2172,,"（1,400件の対象外・claim率が良ければ追加）",Sophia Global Leader Project （SGLP）,上智大学,趣味・その他,,Instagram,instagram,sophia_global_leader,,https://instagram.com/sophia_global_leader,,42,10,17,10,5,263,26b6e85a-73ad-4710-bd0b-30b66336b888,,,
2173,,"（1,400件の対象外・claim率が良ければ追加）",競技麻雀同好会,東北大学,趣味・その他,,X/Web,x,tonpei_mahjong,https://x.com/tonpei_mahjong,,https://note.com/tonpei_mahjong/m/m36cb6deb80c1,42,20,7,10,5,106,7e47df02-8b86-480f-974e-0bfe57393ed4,,,
2174,,"（1,400件の対象外・claim率が良ければ追加）",点訳サークル,京都大学,ボランティア・NPO,,Web,website,http://kyototenyaku.g1.xrea.com/,,,http://kyototenyaku.g1.xrea.com/,40,10,10,15,5,162,850d192e-f620-4cfb-b59b-ff00398df3a1,,,
2175,,"（1,400件の対象外・claim率が良ければ追加）",囲碁部,東京科学大学,趣味・その他,,X/Web,x,titech_igo,https://x.com/titech_igo,,https://www.env.go.jp/nature/onsen/pdf/list_181227.xlsx,38,20,3,10,5,55,e92229b8-fe22-4473-8028-b1ccc0990967,,,
2176,,"（1,400件の対象外・claim率が良ければ追加）",四谷自治会,慶應義塾大学,趣味・その他,,Web,website,https://www.yotsuya.keio-zenkyo.net/affiliated-organizations/medicalpractice,,,https://www.yotsuya.keio-zenkyo.net/affiliated-organizations/medicalpractice,50,10,25,10,5,387,30db15a2-2dbd-4ea1-a146-c6414050fa2d,,,
2177,,"（1,400件の対象外・claim率が良ければ追加）",特撮評議会,早稲田大学,趣味・その他,25,X,x,waseda_sht,https://x.com/waseda_sht,,,55,10,25,10,10,395,7a0758fb-5335-4eaa-b1ff-046c4eef1ebe,,,
2178,,"（1,400件の対象外・claim率が良ければ追加）",SF・ミステリ・幻想小説研究会,名古屋大学,学術・研究（ゼミ・研究会・勉強会）,,X/Web,x,tarosf,https://x.com/TaroSF,,https://meidaisai.com/autumn/47th/nuchesscircle/,42,20,7,10,5,114,cdcc5db4-1521-401e-8118-f882a7913386,,,
2179,,"（1,400件の対象外・claim率が良ければ追加）",ICPCチャレンジ部,九州大学,運動系（スポーツ・アウトドア）,,Web,website,https://www.kyushu-u.ac.jp/f/61567/%e6%95%99%e5%93%a1%e3%83%8f%e3%83%b3%e3%83%89%e3%83%96%e3%83%83%e3%82%af2025%20%e5%85%a8%e3%83%9a%e3%83%bc%e3%82%b8.pdf,,,https://www.kyushu-u.ac.jp/f/61567/%E6%95%99%E5%93%A1%E3%83%8F%E3%83%B3%E3%83%89%E3%83%96%E3%83%83%E3%82%AF2025%20%E5%85%A8%E3%83%9A%E3%83%BC%E3%82%B8.pdf,42,10,7,20,5,114,da14c0ec-78c2-43da-8ce5-d1f9df409a2b,,,
2180,,"（1,400件の対象外・claim率が良ければ追加）",将棋部,国際基督教大学,趣味・その他,,X/Web,x,icuchessclub,https://x.com/icuchessclub,,https://genkisakurai.com/category/%E5%B0%86%E6%A3%8B/,39,20,4,10,5,58,c5694ed7-a3c2-4faf-b393-a05f262f2e0c,,,
2181,,"（1,400件の対象外・claim率が良ければ追加）",女子バレーボール部,北海道大学,運動系（スポーツ・アウトドア）,,Web,website,https://www.hokusho-u.ac.jp/admission/campuslife/circle_view/circle_sports/,,,https://www.hokusho-u.ac.jp/admission/campuslife/circle_view/circle_sports/,43,10,8,20,5,119,dda62bac-a14a-4ab0-b38b-f30ad1d1db07,,,
2182,,"（1,400件の対象外・claim率が良ければ追加）",男声合唱団コール・メルクール,一橋大学,文化系（音楽・演劇・アート）,,Web,website,https://search-staff.com/chugaku-juken/contents/id/75,,,https://search-staff.com/chugaku-juken/contents/id/75,38,10,8,15,5,127,1b1ff7e4-18c3-40d8-aa4d-90d24be9106c,,,
2183,,"（1,400件の対象外・claim率が良ければ追加）",競技かるた会,大阪大学,趣味・その他,,X/Instagram,x,handaikaruta25,https://x.com/handaikaruta25,https://instagram.com/handai_karuta,,43,20,8,10,5,128,a617e8ea-4dff-44d6-ab40-1df55bac2f52,,,
2184,,"（1,400件の対象外・claim率が良ければ追加）",ACLS Popularizing Promoting Association,慶應義塾大学,趣味・その他,,Web,website,http://www.kappa.umin.ne.jp/,,,http://www.kappa.umin.ne.jp/,50,10,25,10,5,388,3e5c7a69-2119-489f-8809-6050416f336f,,,
2185,,"（1,400件の対象外・claim率が良ければ追加）",早稲田大学三国志研究会,早稲田大学,学術・研究（ゼミ・研究会・勉強会）,21,X,x,wasedauniv_3594,https://x.com/Wasedauniv_3594,,,55,10,25,10,10,396,dfb1799f-67d4-4880-80c1-26aca05cfc38,,,
2186,,"（1,400件の対象外・claim率が良ければ追加）",PiXiA,上智大学,趣味・その他,,Instagram,instagram,pixia_official,,https://instagram.com/pixia_official,,42,10,17,10,5,264,8798b287-abe3-4f50-bc32-08c8f9e6fb09,,,
2187,,"（1,400件の対象外・claim率が良ければ追加）",臨床推論勉強会,慶應義塾大学,学術・研究（ゼミ・研究会・勉強会）,,Web,website,https://shimanegp.com/3008/,,,https://shimanegp.com/3008/,50,10,25,10,5,389,42eca0b3-614d-4296-9912-7ab165b6f45d,,,
2188,,"（1,400件の対象外・claim率が良ければ追加）",環境三四郎,東京大学,学術・研究（ゼミ・研究会・勉強会）,,Web,website,https://ut-base.info/circles?search%5bgrade%5d=%e5%ad%a6%e9%83%a8%e7%94%9f%2b%e9%99%a2%e7%94%9f,,,https://ut-base.info/circles?search%5Bgrade%5D=%E5%AD%A6%E9%83%A8%E7%94%9F%2B%E9%99%A2%E7%94%9F,35,10,10,10,5,156,a35dc6e9-004e-433a-ba91-72981dc3598d,,,
2189,,"（1,400件の対象外・claim率が良ければ追加）",現代思想研究会,早稲田大学,学術・研究（ゼミ・研究会・勉強会）,21,X/LINE,x,w_genshiken,https://x.com/w_genshiken,,,55,10,25,10,10,397,f8e76189-bf62-42e1-a747-629369668fcc,,,
2190,,"（1,400件の対象外・claim率が良ければ追加）",鳥人間チーム Shooting Stars,京都大学,文化系（音楽・演劇・アート）,,Web,website,https://shootingstars.hannnari.com/,,,https://shootingstars.hannnari.com/,40,10,10,15,5,163,975263eb-28e4-47c3-b444-97cec0cc84e9,,,
2191,,"（1,400件の対象外・claim率が良ければ追加）",Amici Historiae,上智大学,趣味・その他,,X,x,amicihistoriae,https://x.com/AmiciHistoriae,,,42,10,17,10,5,265,be6dda51-2dfa-4ab6-a2b9-e685c419a2db,,,
2192,,"（1,400件の対象外・claim率が良ければ追加）",SFCクラブハウス棟執行委員会,慶應義塾大学,趣味・その他,,Web,website,https://www.keio-zenkyo.net/president/5th,,,https://www.keio-zenkyo.net/president/5th,50,10,25,10,5,390,50a0d070-5d00-4798-9ed3-dc73fbe6aca7,,,
2193,,"（1,400件の対象外・claim率が良ければ追加）",狂言研究会,早稲田大学,文化系（音楽・演劇・アート）,15,X,x,waseda_kyogen,https://x.com/waseda_kyogen,,,55,10,25,15,5,398,3f8b02ae-2e5e-4ef8-9d2f-a5fce4f4d720,,,
2194,,"（1,400件の対象外・claim率が良ければ追加）",東北大学無人航空技術研究会,東北大学,学術・研究（ゼミ・研究会・勉強会）,,X/Web,x,tohoku_uav,https://x.com/tohoku_uav,,https://www.gakuyukai.ihe.tohoku.ac.jp/club/%E7%84%A1%E4%BA%BA%E8%88%AA%E7%A9%BA%E6%8A%80%E8%A1%93%E7%A0%94%E7%A9%B6%E4%BC%9A/,42,20,7,10,5,107,8c6f067d-599d-459e-92f7-c0add5e746f0,,,
2195,,"（1,400件の対象外・claim率が良ければ追加）",囲碁部,九州大学,趣味・その他,,X/Web,x,qdai_igo,https://x.com/qdai_igo,,https://qugoclub.wordpress.com/%E9%83%A8%E6%B4%BB%E7%B4%B9%E4%BB%8B/,42,20,7,10,5,115,e5232831-24cf-46a3-a4c1-40997daf9036,,,
2196,,"（1,400件の対象外・claim率が良ければ追加）",囲碁部,名古屋大学,趣味・その他,,X/Web,x,meidai_igobu,https://x.com/meidai_igobu,,http://www2.jimu.nagoya-u.ac.jp/igobu/link.html,42,20,7,10,5,115,e84d91c1-bb08-4fcc-adda-8223c4c096d1,,,
2197,,"（1,400件の対象外・claim率が良ければ追加）",英語研究会,北海道大学,国際交流・語学,,Web,website,https://www.oia.hokudai.ac.jp/cier/fun-life/,,,https://www.oia.hokudai.ac.jp/cier/fun-life/,43,10,8,20,5,120,fdb6bfb3-cc36-434a-9758-e7f1a6bd1901,,,
2198,,"（1,400件の対象外・claim率が良ければ追加）",基督教青年会,一橋大学,趣味・その他,,Web,website,https://www.jnto.go.jp/about_us/reports/gyoseki27.pdf,,,https://www.jnto.go.jp/about_us/reports/gyoseki27.pdf,33,10,8,10,5,128,15d00477-bb7e-4d79-a180-cecd0d70abd8,,,
2199,,"（1,400件の対象外・claim率が良ければ追加）",阪大競技プログラミング部RAINBOU,大阪大学,学術・研究（ゼミ・研究会・勉強会）,,X/Web,x,rainbou_kpr,https://x.com/rainbou_kpr,,https://rainbou.org/,43,20,8,10,5,129,e12ce6d3-0ae4-4e57-a277-aee8018a0112,,,
2200,,"（1,400件の対象外・claim率が良ければ追加）","Japanese, English & Sports",慶應義塾大学,趣味・その他,,Web,website,https://orientation.keio-zenkyo.net/circle2025/386,,,https://orientation.keio-zenkyo.net/circle2025/386,50,10,25,10,5,391,83f188f9-7c30-4ba9-b22f-e13d1fd112ed,,,
2201,,"（1,400件の対象外・claim率が良ければ追加）",（劇団）てあとろ50',早稲田大学,文化系（音楽・演劇・アート）,12,X,x,teatro_50,https://x.com/teatro_50,,,55,10,25,15,5,399,320bf48d-a0fc-4bd0-8342-e9442c39d3e3,,,
2202,,"（1,400件の対象外・claim率が良ければ追加）",Sophia Darts Circle(SDC),上智大学,趣味・その他,,Instagram,instagram,sdc.official2025,,https://instagram.com/sdc.official2025,,42,10,17,10,5,266,caef2cfe-e9d2-4bc6-9ab1-6c5feddea1fc,,,
2203,,"（1,400件の対象外・claim率が良ければ追加）",PERSATUAN PELAJAR INDONESIA THE UNIVERSITYOF TOKYO,東京大学,趣味・その他,,Web,website,https://jp.linkedin.com/in/felisitas-imakulata,,,https://jp.linkedin.com/in/felisitas-imakulata,35,10,10,10,5,157,b3f91083-554c-4209-9d8c-3925ce97b1a7,,,
2204,,"（1,400件の対象外・claim率が良ければ追加）",粋な科学の会,京都大学,学術・研究（ゼミ・研究会・勉強会）,,Web,website,https://www.brainscape.com/flashcards/japanese-9073584/packs/6876062,,,https://www.brainscape.com/flashcards/japanese-9073584/packs/6876062,35,10,10,10,5,164,ad73b10e-f14c-425b-90b8-d5bdf5ef48f5,,,
2205,,"（1,400件の対象外・claim率が良ければ追加）",看護師・保健師国家試験対策委員会,慶應義塾大学,学術・研究（ゼミ・研究会・勉強会）,,Web,website,https://www.city.tama.lg.jp/_res/projects/default_project/_page_/001/014/814/20240505tama_multi.pdf,,,https://www.city.tama.lg.jp/_res/projects/default_project/_page_/001/014/814/20240505tama_multi.pdf,50,10,25,10,5,392,97255592-680f-446f-a5db-f8f0f8a5556a,,,
2206,,"（1,400件の対象外・claim率が良ければ追加）",國策研究會,早稲田大学,学術・研究（ゼミ・研究会・勉強会）,15,X,x,wkokusakuken,https://x.com/wkokusakuken,,,50,10,25,10,5,400,15748653-cfee-45a2-9f39-89dd699433da,,,
2207,,"（1,400件の対象外・claim率が良ければ追加）",Crew Sophia（Crew）,上智大学,趣味・その他,,Instagram,instagram,sophiejcrew,,https://instagram.com/sophiejcrew,,42,10,17,10,5,267,d9d28ae4-d30e-49c3-88e1-ad28c86c881d,,,
2208,,"（1,400件の対象外・claim率が良ければ追加）",生命科学研究会,慶應義塾大学,学術・研究（ゼミ・研究会・勉強会）,,Web,website,https://www.kyorin-u.ac.jp/univ/faculty/health/staff/detail.php?id=hea40237,,,https://www.kyorin-u.ac.jp/univ/faculty/health/staff/detail.php?id=hea40237,50,10,25,10,5,393,a92b6029-a7a0-469f-8595-d664a5cd7f19,,,
2209,,"（1,400件の対象外・claim率が良ければ追加）",長唄研究会,早稲田大学,学術・研究（ゼミ・研究会・勉強会）,10,X,x,w_nagaken,https://x.com/w_nagaken,,,50,10,25,10,5,401,aeac0652-ecc8-40d6-97e5-d46f2d79a2d6,,,
2210,,"（1,400件の対象外・claim率が良ければ追加）",福岡学生稲門会,早稲田大学,趣味・その他,,X,x,fukuoka_toumon,https://x.com/fukuoka_toumon,,,50,10,25,10,5,402,782f69a0-c664-4aa5-8100-c9d12f4594f1,,,
2211,,"（1,400件の対象外・claim率が良ければ追加）",看護医療政策学生会,慶應義塾大学,学術・研究（ゼミ・研究会・勉強会）,,Web,website,https://www.city.yokohama.lg.jp/city-info/seisaku/torikumi/daigaku/jirei/partnership.files/r2renkei_yokohamacity.pdf,,,https://www.city.yokohama.lg.jp/city-info/seisaku/torikumi/daigaku/jirei/partnership.files/R2renkei_yokohamacity.pdf,50,10,25,10,5,394,c44c5ef4-3772-4488-afca-ae7bc039e3fa,,,
2212,,"（1,400件の対象外・claim率が良ければ追加）",電子技術研究会ツールボックス,大阪大学,学術・研究（ゼミ・研究会・勉強会）,,Instagram/Web,instagram,yasutarohikosaka,,https://instagram.com/yasutarohikosaka,https://www.bunsei.co.jp/wp-content/uploads/PDF/bunsei1-234.pdf,43,20,8,10,5,130,e2da82fa-4f24-4fb7-a3fc-3b6168d2ad3d,,,
2213,,"（1,400件の対象外・claim率が良ければ追加）",上智エレクトロニクス研究部(エレラボ),上智大学,学術・研究（ゼミ・研究会・勉強会）,,Web,website,https://www.sophia.ac.jp/assets/uploads/2023/02/5c5313ff0a615003b7e9f606aa3332d2.pdf,,,https://www.sophia.ac.jp/assets/uploads/2023/02/5c5313ff0a615003b7e9f606aa3332d2.pdf,42,10,17,10,5,268,f2a07369-7186-4066-b363-b88bdc27316a,,,
2214,,"（1,400件の対象外・claim率が良ければ追加）",聖書研究会,名古屋大学,学術・研究（ゼミ・研究会・勉強会）,,Instagram/Web,instagram,meidaiseiken,,https://instagram.com/meidaiseiken,https://www.nagoya-u.ac.jp/admissions/exam/upload/nagoyauniv_0612.pdf,42,20,7,10,5,116,f7a7abfa-8008-496d-8ff8-9f235e315bb9,,,
2215,,"（1,400件の対象外・claim率が良ければ追加）",ゴルフ部（理工学系）,東京科学大学,運動系（スポーツ・アウトドア）,,Web,website,https://titech.info/circle/81,,,https://titech.info/circle/81,38,10,3,20,5,56,fa9635f7-9dc1-4dfa-982e-12e3dc741e78,,,
2216,,"（1,400件の対象外・claim率が良ければ追加）",宇宙エレベーターチャレンジトーホク,東北大学,文化系（音楽・演劇・アート）,,Web,website,https://twstalker.com/ecto_select,,,https://twstalker.com/Ecto_Select,37,10,7,15,5,108,f452442d-5196-4b4f-bc5e-959904f8d8d4,,,
2217,,"（1,400件の対象外・claim率が良ければ追加）",ミライズ,東京大学,学術・研究（ゼミ・研究会・勉強会）,,Web,website,https://eikaiwa.merise.asia/,,,https://eikaiwa.merise.asia/,35,10,10,10,5,158,b9fd2477-5158-48a2-807b-6f76dd238d54,,,
2218,,"（1,400件の対象外・claim率が良ければ追加）",都市公害問題研究会,京都大学,学術・研究（ゼミ・研究会・勉強会）,,Web,website,https://www.env.go.jp/nature/onsen/pdf/list_260202.xlsx,,,https://www.env.go.jp/nature/onsen/pdf/list_260202.xlsx,35,10,10,10,5,165,bc96fce3-0a61-487a-8266-a2475ff6c51f,,,
2219,,"（1,400件の対象外・claim率が良ければ追加）",ほくだい畑,北海道大学,趣味・その他,,Web,website,https://www.otaru-uc.ac.jp/evergreen_news/443810/,,,https://www.otaru-uc.ac.jp/evergreen_news/443810/,33,10,8,10,5,121,1eed09cd-47a1-49c9-b2c1-d37a1edf7f56,,,
2220,,"（1,400件の対象外・claim率が良ければ追加）",如水エル,一橋大学,趣味・その他,,Web,website,https://yurusui2019shinkan.wixsite.com/mysite/%e5%ae%89%e9%bd%8a%e6%9d%8f%e9%a6%99,,,https://yurusui2019shinkan.wixsite.com/mysite/%E5%AE%89%E9%BD%8A%E6%9D%8F%E9%A6%99,33,10,8,10,5,129,90cac7f6-645b-44b6-b204-81438ca9b078,,,
2221,,"（1,400件の対象外・claim率が良ければ追加）",狩猟研究会,九州大学,学術・研究（ゼミ・研究会・勉強会）,,X,x,kyudai_syuryo,https://x.com/kyudai_syuryo,,,32,10,7,10,5,116,879df7db-ebc6-4491-8190-2ea731771d2b,,,
2222,,"（1,400件の対象外・claim率が良ければ追加）",鉄道研究会,国際基督教大学,趣味・その他,,Web,website,https://www.adb.org/ja/where-we-work/jro/activities,,,https://www.adb.org/ja/where-we-work/jro/activities,29,10,4,10,5,59,901e5315-e8ad-4275-864c-6eca7b350e99,,,